{"type":"FeatureCollection","features":[
{"type":"Feature","properties":{"territory_id":2351,"name":"внутригородская территория города федерального значения муниципальный округ Коломна","region_name":"Санкт-Петербург","in_sample":true,"city":"spb"},"geometry":{"type":"MultiPolygon","coordinates":[[[[30.3014,59.9178],[30.29729,59.91685],[30.29285,59.91592],[30.27845,59.91645],[30.27724,59.91596],[30.27178,59.91569],[30.26988,59.9154],[30.26207,59.91644],[30.26049,59.91726],[30.26244,59.9174],[30.26531,59.91883],[30.26904,59.92259],[30.27246,59.92873],[30.27739,59.93203],[30.2818,59.93306],[30.28283,59.93128],[30.28482,59.92931],[30.28989,59.9282],[30.29371,59.92786],[30.2956,59.92473],[30.29903,59.92062],[30.3014,59.9178]]]]}},
{"type":"Feature","properties":{"territory_id":2352,"name":"внутригородская территория города федерального значения муниципальный округ Сенной округ","region_name":"Санкт-Петербург","in_sample":true,"city":"spb"},"geometry":{"type":"MultiPolygon","coordinates":[[[[30.31531,59.933],[30.32703,59.92515],[30.31777,59.9217],[30.3014,59.9178],[30.29903,59.92062],[30.30799,59.92266],[30.30818,59.92645],[30.30569,59.92679],[30.30562,59.92742],[30.31233,59.92923],[30.31012,59.93147],[30.30953,59.9318],[30.31531,59.933]]]]}},
{"type":"Feature","properties":{"territory_id":2353,"name":"внутригородская территория города федерального значения муниципальный округ Адмиралтейский округ","region_name":"Санкт-Петербург","in_sample":true,"city":"spb"},"geometry":{"type":"MultiPolygon","coordinates":[[[[30.29903,59.92062],[30.2956,59.92473],[30.29371,59.92786],[30.28989,59.9282],[30.28482,59.92931],[30.28283,59.93128],[30.2818,59.93306],[30.28501,59.93382],[30.29839,59.93749],[30.30827,59.94106],[30.31243,59.93829],[30.31239,59.93739],[30.31013,59.93647],[30.31531,59.933],[30.30953,59.9318],[30.31012,59.93147],[30.31233,59.92923],[30.30562,59.92742],[30.30569,59.92679],[30.30818,59.92645],[30.30799,59.92266],[30.29903,59.92062]]]]}},
{"type":"Feature","properties":{"territory_id":2354,"name":"внутригородская территория города федерального значения муниципальный округ Семеновский","region_name":"Санкт-Петербург","in_sample":true,"city":"spb"},"geometry":{"type":"MultiPolygon","coordinates":[[[[30.34008,59.91574],[30.33258,59.91305],[30.32195,59.90911],[30.32078,59.90878],[30.31841,59.90864],[30.31798,59.91831],[30.31777,59.9217],[30.32703,59.92515],[30.33002,59.9263],[30.33579,59.92354],[30.33523,59.92332],[30.33611,59.92246],[30.34268,59.91709],[30.34013,59.91611],[30.34008,59.91574]]]]}},
{"type":"Feature","properties":{"territory_id":2355,"name":"внутригородская территория города федерального значения муниципальный округ Измайловское","region_name":"Санкт-Петербург","in_sample":true,"city":"spb"},"geometry":{"type":"MultiPolygon","coordinates":[[[[30.29729,59.91685],[30.3014,59.9178],[30.31777,59.9217],[30.31798,59.91831],[30.31841,59.90864],[30.31866,59.90276],[30.31882,59.90239],[30.31918,59.89643],[30.30261,59.89619],[30.29789,59.89603],[30.29478,59.89612],[30.29629,59.89885],[30.29705,59.90056],[30.29688,59.90194],[30.29584,59.9018],[30.29541,59.9026],[30.29074,59.90313],[30.29344,59.90439],[30.29328,59.90523],[30.29597,59.90709],[30.29834,59.90775],[30.29775,59.90919],[30.29729,59.91685]]]]}},
{"type":"Feature","properties":{"territory_id":2356,"name":"внутригородская территория города федерального значения муниципальный округ Екатерингофский","region_name":"Санкт-Петербург","in_sample":true,"city":"spb"},"geometry":{"type":"MultiPolygon","coordinates":[[[[30.29074,59.90313],[30.28212,59.90394],[30.28002,59.90356],[30.27583,59.90111],[30.2691,59.90241],[30.26767,59.90201],[30.26571,59.90182],[30.26461,59.90057],[30.2621,59.89989],[30.26115,59.89986],[30.25615,59.90057],[30.25402,59.90017],[30.25023,59.90129],[30.25351,59.90268],[30.25538,59.90414],[30.25754,59.90679],[30.25994,59.90935],[30.26191,59.91236],[30.2622,59.91367],[30.26207,59.91644],[30.26988,59.9154],[30.27178,59.91569],[30.27724,59.91596],[30.27845,59.91645],[30.29285,59.91592],[30.29729,59.91685],[30.29775,59.90919],[30.29834,59.90775],[30.29597,59.90709],[30.29328,59.90523],[30.29344,59.90439],[30.29074,59.90313]]]]}},
{"type":"Feature","properties":{"territory_id":2357,"name":"внутригородская территория города федерального значения муниципальный округ № 7","region_name":"Санкт-Петербург","in_sample":true,"city":"spb"},"geometry":{"type":"MultiPolygon","coordinates":[[[[30.29227,59.94715],[30.29386,59.94667],[30.30951,59.94598],[30.31686,59.94566],[30.30989,59.94164],[30.30827,59.94106],[30.29839,59.93749],[30.28501,59.93382],[30.2818,59.93306],[30.27739,59.93203],[30.27246,59.92873],[30.26904,59.92259],[30.26531,59.91883],[30.26244,59.9174],[30.26049,59.91726],[30.25885,59.91845],[30.25422,59.91943],[30.25161,59.92021],[30.25084,59.92121],[30.25203,59.92224],[30.25575,59.92611],[30.25205,59.92786],[30.25019,59.92951],[30.26045,59.93252],[30.25586,59.93654],[30.27124,59.94097],[30.29227,59.94715]]]]}},
{"type":"Feature","properties":{"territory_id":2358,"name":"внутригородская территория города федерального значения муниципальный округ Васильевский","region_name":"Санкт-Петербург","in_sample":true,"city":"spb"},"geometry":{"type":"MultiPolygon","coordinates":[[[[30.25586,59.93654],[30.25136,59.9404],[30.2451,59.9386],[30.24481,59.9387],[30.23775,59.94442],[30.23545,59.94623],[30.23417,59.94671],[30.2311,59.94717],[30.23146,59.94776],[30.2348,59.94747],[30.24062,59.9463],[30.2419,59.94571],[30.24465,59.94592],[30.24831,59.94709],[30.25053,59.94762],[30.25206,59.94771],[30.25374,59.94702],[30.25526,59.94685],[30.25638,59.94707],[30.25922,59.9482],[30.26084,59.94847],[30.26228,59.94836],[30.26371,59.94785],[30.26548,59.94781],[30.26785,59.94846],[30.27083,59.94976],[30.27383,59.95001],[30.27761,59.95153],[30.28571,59.9491],[30.29227,59.94715],[30.27124,59.94097],[30.25586,59.93654]]]]}},
{"type":"Feature","properties":{"territory_id":2359,"name":"внутригородская территория города федерального значения муниципальный округ Гавань","region_name":"Санкт-Петербург","in_sample":true,"city":"spb"},"geometry":{"type":"MultiPolygon","coordinates":[[[[30.23775,59.94442],[30.24481,59.9387],[30.2451,59.9386],[30.25136,59.9404],[30.25586,59.93654],[30.26045,59.93252],[30.25019,59.92951],[30.25205,59.92786],[30.25575,59.92611],[30.25203,59.92224],[30.25084,59.92121],[30.24257,59.92298],[30.2402,59.92384],[30.23876,59.92463],[30.23751,59.92429],[30.2367,59.92502],[30.23071,59.92672],[30.23104,59.92696],[30.23326,59.92632],[30.23438,59.92778],[30.23429,59.92879],[30.23006,59.93],[30.23073,59.93175],[30.23243,59.9322],[30.23184,59.93324],[30.22987,59.93307],[30.22797,59.92927],[30.22745,59.92871],[30.22584,59.92856],[30.22298,59.92892],[30.22106,59.92895],[30.21944,59.92929],[30.21713,59.92829],[30.20553,59.92844],[30.20149,59.929],[30.19393,59.9311],[30.19239,59.93164],[30.1906,59.93276],[30.20596,59.93648],[30.20641,59.93584],[30.21239,59.93691],[30.21223,59.93726],[30.21899,59.93877],[30.21824,59.9396],[30.22382,59.9409],[30.22646,59.94162],[30.23176,59.94283],[30.23775,59.94442]]]]}},
{"type":"Feature","properties":{"territory_id":2360,"name":"внутригородская территория города федерального значения муниципальный округ Морской","region_name":"Санкт-Петербург","in_sample":true,"city":"spb"},"geometry":{"type":"MultiPolygon","coordinates":[[[[30.23146,59.94776],[30.2311,59.94717],[30.23417,59.94671],[30.23545,59.94623],[30.23775,59.94442],[30.23176,59.94283],[30.22646,59.94162],[30.22382,59.9409],[30.21824,59.9396],[30.21899,59.93877],[30.21223,59.93726],[30.21239,59.93691],[30.20641,59.93584],[30.20596,59.93648],[30.1906,59.93276],[30.19016,59.93312],[30.18087,59.94308],[30.17823,59.94371],[30.17808,59.94471],[30.17908,59.94526],[30.19045,59.94355],[30.19461,59.95052],[30.19359,59.951],[30.18342,59.95252],[30.18318,59.95334],[30.18468,59.95472],[30.20738,59.95128],[30.207,59.9506],[30.21056,59.95014],[30.21091,59.95074],[30.23146,59.94776]]]]}},
{"type":"Feature","properties":{"territory_id":2361,"name":"внутригородская территория города федерального значения муниципальный округ Остров Декабристов","region_name":"Санкт-Петербург","in_sample":true,"city":"spb"},"geometry":{"type":"MultiPolygon","coordinates":[[[[30.27761,59.95153],[30.27383,59.95001],[30.27083,59.94976],[30.26785,59.94846],[30.26548,59.94781],[30.26371,59.94785],[30.26228,59.94836],[30.26084,59.94847],[30.25922,59.9482],[30.25638,59.94707],[30.25526,59.94685],[30.25374,59.94702],[30.25206,59.94771],[30.25053,59.94762],[30.24831,59.94709],[30.24465,59.94592],[30.2419,59.94571],[30.24062,59.9463],[30.2348,59.94747],[30.23146,59.94776],[30.21091,59.95074],[30.21056,59.95014],[30.207,59.9506],[30.20738,59.95128],[30.18468,59.95472],[30.18699,59.95866],[30.18886,59.96035],[30.19071,59.96115],[30.19289,59.96167],[30.20731,59.96396],[30.21014,59.96428],[30.21525,59.96429],[30.21826,59.96394],[30.23067,59.96186],[30.23275,59.96156],[30.23388,59.96241],[30.25527,59.95825],[30.2638,59.95697],[30.26622,59.95628],[30.26841,59.95488],[30.27761,59.95153]]]]}},
{"type":"Feature","properties":{"territory_id":2362,"name":"внутригородская территория города федерального значения поселок Левашово","region_name":"Санкт-Петербург","in_sample":true,"city":"spb"},"geometry":{"type":"MultiPolygon","coordinates":[[[[30.13563,60.05761],[30.12618,60.05632],[30.12628,60.05747],[30.12825,60.05786],[30.13526,60.05968],[30.13602,60.06017],[30.13617,60.06142],[30.13589,60.06331],[30.13602,60.06437],[30.13798,60.06542],[30.13814,60.06631],[30.13543,60.07061],[30.13322,60.07264],[30.11913,60.07001],[30.11602,60.07188],[30.11211,60.07267],[30.1028,60.08085],[30.09454,60.08532],[30.08719,60.08688],[30.08328,60.08815],[30.07689,60.09045],[30.07421,60.09397],[30.07078,60.09625],[30.07276,60.09727],[30.08512,60.10426],[30.08796,60.1076],[30.08864,60.10798],[30.0913,60.10734],[30.09283,60.10755],[30.09463,60.10672],[30.09653,60.10738],[30.1003,60.10644],[30.10623,60.10623],[30.11031,60.10686],[30.109,60.10712],[30.10944,60.10845],[30.1083,60.10868],[30.10904,60.10979],[30.10746,60.11142],[30.10866,60.1125],[30.11042,60.11339],[30.1123,60.11351],[30.11386,60.11448],[30.11471,60.11401],[30.11959,60.11261],[30.12391,60.11424],[30.1251,60.11358],[30.12741,60.11449],[30.13373,60.11218],[30.13868,60.11434],[30.1378,60.11485],[30.13769,60.11629],[30.13804,60.11781],[30.13867,60.11853],[30.138,60.11898],[30.13888,60.12004],[30.17336,60.11324],[30.21036,60.10595],[30.22424,60.1032],[30.22771,60.10235],[30.23118,60.10122],[30.23526,60.0994],[30.23828,60.0975],[30.24524,60.09194],[30.23803,60.08889],[30.23106,60.08668],[30.22504,60.08532],[30.22143,60.0847],[30.21437,60.08387],[30.20944,60.0836],[30.20444,60.08314],[30.20049,60.08256],[30.19511,60.0814],[30.18965,60.07967],[30.18638,60.07833],[30.1824,60.07622],[30.18006,60.07461],[30.17306,60.06926],[30.16977,60.0671],[30.16444,60.06438],[30.15725,60.06167],[30.15432,60.06081],[30.14954,60.05969],[30.14377,60.0587],[30.13563,60.05761]]]]}},
{"type":"Feature","properties":{"territory_id":2363,"name":"внутригородская территория города федерального значения поселок Парголово","region_name":"Санкт-Петербург","in_sample":true,"city":"spb"},"geometry":{"type":"MultiPolygon","coordinates":[[[[30.34106,60.06082],[30.30965,60.06723],[30.30824,60.06749],[30.30506,60.0676],[30.30263,60.06724],[30.29929,60.06629],[30.29845,60.06685],[30.2923,60.06507],[30.28953,60.06474],[30.2869,60.06479],[30.28245,60.06525],[30.27899,60.06591],[30.27629,60.06725],[30.27433,60.06872],[30.274,60.06861],[30.27025,60.06742],[30.25852,60.06347],[30.22278,60.05132],[30.21411,60.06127],[30.21019,60.06037],[30.20223,60.06212],[30.1959,60.06048],[30.19436,60.06226],[30.19508,60.06242],[30.19332,60.0639],[30.13413,60.04874],[30.13125,60.05112],[30.13451,60.05421],[30.13486,60.05616],[30.13563,60.05761],[30.14377,60.0587],[30.14954,60.05969],[30.15432,60.06081],[30.15725,60.06167],[30.16444,60.06438],[30.16977,60.0671],[30.17306,60.06926],[30.18006,60.07461],[30.1824,60.07622],[30.18638,60.07833],[30.18965,60.07967],[30.19511,60.0814],[30.20049,60.08256],[30.20444,60.08314],[30.20944,60.0836],[30.21437,60.08387],[30.22143,60.0847],[30.22504,60.08532],[30.23106,60.08668],[30.23803,60.08889],[30.24524,60.09194],[30.23828,60.0975],[30.23526,60.0994],[30.23118,60.10122],[30.22771,60.10235],[30.22424,60.1032],[30.21036,60.10595],[30.17336,60.11324],[30.17779,60.11881],[30.18157,60.11802],[30.18675,60.11741],[30.19531,60.11728],[30.20698,60.11709],[30.20862,60.11698],[30.21896,60.11513],[30.22012,60.11553],[30.21924,60.1165],[30.22315,60.11704],[30.224,60.11774],[30.22573,60.11823],[30.23077,60.11857],[30.23584,60.1185],[30.23775,60.11919],[30.25178,60.12282],[30.25903,60.12561],[30.26291,60.12434],[30.26512,60.12333],[30.26592,60.1223],[30.2664,60.12042],[30.26603,60.11959],[30.26725,60.11913],[30.27075,60.11659],[30.27126,60.11111],[30.27143,60.11029],[30.273,60.10967],[30.27329,60.10809],[30.27488,60.10814],[30.27575,60.10222],[30.27694,60.10198],[30.28232,60.09894],[30.28744,60.09618],[30.28938,60.09638],[30.29183,60.09596],[30.29184,60.0939],[30.3031,60.0911],[30.30818,60.09569],[30.30883,60.09571],[30.33102,60.09037],[30.33297,60.08981],[30.34077,60.09085],[30.35942,60.09197],[30.36323,60.09202],[30.36698,60.09074],[30.36324,60.088],[30.36202,60.08674],[30.34599,60.06702],[30.34533,60.06643],[30.34106,60.06082]]]]}},
{"type":"Feature","properties":{"territory_id":2364,"name":"внутригородская территория города федерального значения муниципальный округ Сампсониевское","region_name":"Санкт-Петербург","in_sample":true,"city":"spb"},"geometry":{"type":"MultiPolygon","coordinates":[[[[30.34953,59.952],[30.34541,59.95224],[30.34235,59.95352],[30.34022,59.95465],[30.33927,59.95541],[30.3377,59.95733],[30.33676,59.96048],[30.33582,59.96589],[30.33496,59.96712],[30.33059,59.97335],[30.32432,59.97739],[30.32175,59.97847],[30.32411,59.97966],[30.33118,59.98278],[30.32986,59.98352],[30.32961,59.98418],[30.33032,59.98507],[30.33089,59.98498],[30.32734,59.99257],[30.32636,59.99369],[30.32848,59.99422],[30.33108,59.99489],[30.33208,59.99243],[30.33778,59.99298],[30.33901,59.99231],[30.34001,59.98986],[30.34649,59.99025],[30.34708,59.99012],[30.34761,59.9898],[30.35088,59.98981],[30.3523,59.98936],[30.35751,59.98657],[30.36265,59.98376],[30.36521,59.9812],[30.36645,59.97965],[30.36752,59.97761],[30.36578,59.97764],[30.36269,59.97877],[30.36123,59.97912],[30.35969,59.97908],[30.34405,59.97749],[30.34399,59.97721],[30.3474,59.97322],[30.34976,59.96798],[30.3519,59.96277],[30.35392,59.96007],[30.35356,59.95909],[30.35007,59.95418],[30.34953,59.952]]]]}},
{"type":"Feature","properties":{"territory_id":2365,"name":"внутригородская территория города федерального значения муниципальный округ Светлановское","region_name":"Санкт-Петербург","in_sample":true,"city":"spb"},"geometry":{"type":"MultiPolygon","coordinates":[[[[30.30888,60.02553],[30.3199,60.03008],[30.32085,60.03018],[30.33799,60.03102],[30.33827,60.02878],[30.33883,60.02863],[30.33889,60.02772],[30.33258,60.0275],[30.33108,60.0273],[30.33191,60.02691],[30.33536,60.02457],[30.32881,60.02225],[30.33398,60.01903],[30.34707,60.0107],[30.36728,60.01877],[30.36748,60.01752],[30.36916,60.01042],[30.36979,60.00711],[30.36597,60.00136],[30.36464,59.99822],[30.36375,59.99629],[30.36157,59.99494],[30.35931,59.99393],[30.35295,59.99131],[30.35203,59.99108],[30.34812,59.99076],[30.34708,59.99012],[30.34649,59.99025],[30.34001,59.98986],[30.33901,59.99231],[30.33778,59.99298],[30.33208,59.99243],[30.33108,59.99489],[30.32848,59.99422],[30.32707,59.99449],[30.32638,59.99514],[30.32526,59.99478],[30.32448,59.99542],[30.32585,59.99582],[30.32316,59.99852],[30.32355,59.99865],[30.32216,60.00117],[30.32176,60.0015],[30.3183,60.00818],[30.31596,60.01239],[30.31312,60.0177],[30.31272,60.01764],[30.31184,60.01927],[30.31221,60.01953],[30.30888,60.02553]]]]}},
{"type":"Feature","properties":{"territory_id":2366,"name":"внутригородская территория города федерального значения муниципальный округ Сосновское","region_name":"Санкт-Петербург","in_sample":true,"city":"spb"},"geometry":{"type":"MultiPolygon","coordinates":[[[[30.32823,60.04384],[30.34697,60.04001],[30.36675,60.036],[30.36542,60.03437],[30.36485,60.03214],[30.36523,60.02971],[30.36725,60.0194],[30.36728,60.01877],[30.34707,60.0107],[30.33398,60.01903],[30.32881,60.02225],[30.33536,60.02457],[30.33191,60.02691],[30.33108,60.0273],[30.33258,60.0275],[30.33889,60.02772],[30.33883,60.02863],[30.33827,60.02878],[30.33799,60.03102],[30.32085,60.03018],[30.3199,60.03008],[30.32066,60.03351],[30.32097,60.03407],[30.32823,60.04384]]]]}},
{"type":"Feature","properties":{"territory_id":2367,"name":"внутригородская территория города федерального значения муниципальный округ № 15","region_name":"Санкт-Петербург","in_sample":true,"city":"spb"},"geometry":{"type":"MultiPolygon","coordinates":[[[[30.34697,60.04001],[30.3608,60.05713],[30.3615,60.05702],[30.36255,60.05822],[30.37503,60.07361],[30.37882,60.07409],[30.38557,60.06072],[30.3854,60.05974],[30.38739,60.05918],[30.36675,60.036],[30.34697,60.04001]]]]}},
{"type":"Feature","properties":{"territory_id":2368,"name":"внутригородская территория города федерального значения муниципальный округ Сергиевское","region_name":"Санкт-Петербург","in_sample":true,"city":"spb"},"geometry":{"type":"MultiPolygon","coordinates":[[[[30.36698,60.09074],[30.36831,60.09028],[30.37067,60.08772],[30.37353,60.08051],[30.37517,60.07983],[30.37688,60.07858],[30.37719,60.07739],[30.37882,60.07409],[30.37503,60.07361],[30.36255,60.05822],[30.3615,60.05702],[30.3608,60.05713],[30.34697,60.04001],[30.32823,60.04384],[30.33794,60.05695],[30.33853,60.0574],[30.34106,60.06082],[30.34533,60.06643],[30.34599,60.06702],[30.36202,60.08674],[30.36324,60.088],[30.36698,60.09074]]]]}},
{"type":"Feature","properties":{"territory_id":2369,"name":"внутригородская территория города федерального значения муниципальный округ Шувалово-Озерки","region_name":"Санкт-Петербург","in_sample":true,"city":"spb"},"geometry":{"type":"MultiPolygon","coordinates":[[[[30.34106,60.06082],[30.33853,60.0574],[30.33794,60.05695],[30.32823,60.04384],[30.32097,60.03407],[30.32066,60.03351],[30.3199,60.03008],[30.30888,60.02553],[30.30295,60.03627],[30.30231,60.03779],[30.29854,60.04469],[30.29773,60.04525],[30.29653,60.04752],[30.29565,60.04968],[30.29468,60.05124],[30.29286,60.05329],[30.28913,60.05641],[30.274,60.06861],[30.27433,60.06872],[30.27629,60.06725],[30.27899,60.06591],[30.28245,60.06525],[30.2869,60.06479],[30.28953,60.06474],[30.2923,60.06507],[30.29845,60.06685],[30.29929,60.06629],[30.30263,60.06724],[30.30506,60.0676],[30.30824,60.06749],[30.30965,60.06723],[30.34106,60.06082]]]]}},
{"type":"Feature","properties":{"territory_id":2370,"name":"внутригородская территория города федерального значения поселок Лисий Нос","region_name":"Санкт-Петербург","in_sample":true,"city":"spb"},"geometry":{"type":"MultiPolygon","coordinates":[[[[30.07168,60.00264],[30.07009,60.00275],[30.06392,59.99669],[30.06083,59.99648],[30.05865,59.99741],[30.05517,59.99804],[30.05223,59.99825],[30.04869,59.99813],[30.04423,59.99832],[30.04229,59.99777],[30.03979,59.99762],[30.03479,59.9982],[30.03293,59.99763],[30.03235,59.99694],[30.03092,59.99726],[30.0276,59.9973],[30.02119,59.997],[30.01945,59.996],[30.01699,59.99575],[30.01389,59.99829],[30.01465,59.99957],[30.01608,59.99964],[30.01369,60.00022],[30.01309,59.99879],[30.01403,59.99764],[30.01655,59.9956],[30.01625,59.99523],[30.01822,59.99431],[30.01843,59.99382],[30.01988,59.99325],[30.01761,59.9932],[30.01715,59.99401],[30.01603,59.9942],[30.01393,59.99376],[30.01339,59.99278],[30.01139,59.9927],[30.01021,59.99315],[30.00986,59.99433],[30.01134,59.99516],[30.01271,59.99546],[30.0123,59.99655],[30.0129,59.99718],[30.01061,59.99881],[30.00817,59.99895],[30.00629,59.99853],[30.0051,59.99894],[30.00511,59.99965],[30.00657,60.00029],[30.00528,60.00157],[30.00404,60.0022],[30.00167,60.00252],[30.00003,60.00297],[29.99752,60.00308],[29.9948,60.00407],[29.99291,60.00497],[29.98853,60.0061],[29.98788,60.00642],[29.98525,60.0066],[29.98365,60.00728],[29.98041,60.00797],[29.97749,60.00821],[29.97767,60.0085],[29.97444,60.00873],[29.97387,60.00949],[29.97154,60.00966],[29.97081,60.01026],[29.96942,60.01031],[29.96875,60.01071],[29.96691,60.01056],[29.96577,60.01083],[29.96278,60.00953],[29.96243,60.00956],[29.9657,60.01099],[29.96418,60.01138],[29.96382,60.01196],[29.96438,60.01246],[29.96337,60.01344],[29.96246,60.01379],[29.96293,60.01462],[29.96503,60.01519],[29.96224,60.01602],[29.9625,60.0165],[29.96451,60.01681],[29.96481,60.01732],[29.96612,60.01767],[29.96764,60.01751],[29.96828,60.0181],[29.96368,60.01832],[29.96284,60.01862],[29.96251,60.02176],[29.96083,60.02601],[29.95914,60.02944],[29.95765,60.03328],[29.9622,60.03332],[29.96353,60.03311],[29.95902,60.033],[29.95854,60.03248],[29.96019,60.02881],[29.9615,60.0276],[29.96111,60.02693],[29.9617,60.02514],[29.96219,60.02467],[29.9664,60.02512],[29.96807,60.02561],[29.96737,60.02727],[29.96684,60.02751],[29.96642,60.02969],[29.96384,60.03568],[29.9572,60.03509],[29.95667,60.0352],[29.95543,60.03706],[29.95527,60.03782],[29.95864,60.03803],[29.96495,60.04266],[29.96548,60.04348],[29.96549,60.04488],[29.96842,60.04394],[29.9691,60.04403],[29.97092,60.04335],[29.97186,60.04337],[29.97556,60.04403],[29.97804,60.0377],[29.98006,60.03566],[29.98169,60.03476],[29.99521,60.02966],[30.00307,60.02657],[30.00667,60.02454],[30.0086,60.02279],[30.01011,60.02106],[30.01075,60.01985],[30.01121,60.01986],[30.02057,60.0175],[30.02218,60.01897],[30.02746,60.01768],[30.02591,60.01613],[30.04645,60.01082],[30.04244,60.00691],[30.04707,60.00606],[30.05403,60.0049],[30.05953,60.00443],[30.07168,60.00264]]]]}},
{"type":"Feature","properties":{"territory_id":2371,"name":"внутригородская территория города федерального значения муниципальный округ Лахта-Ольгино","region_name":"Санкт-Петербург","in_sample":true,"city":"spb"},"geometry":{"type":"MultiPolygon","coordinates":[[[[30.17891,59.9892],[30.17894,59.98861],[30.18017,59.98869],[30.18135,59.98924],[30.18256,59.98847],[30.18194,59.98765],[30.18149,59.98558],[30.17942,59.98586],[30.17164,59.98589],[30.16955,59.98546],[30.16805,59.98595],[30.16701,59.98477],[30.16537,59.98503],[30.16558,59.98547],[30.16323,59.98575],[30.16215,59.98345],[30.16631,59.98295],[30.16678,59.98397],[30.16745,59.98404],[30.16685,59.98276],[30.16615,59.98252],[30.16113,59.98311],[30.16079,59.98351],[30.16215,59.98642],[30.15932,59.98744],[30.15609,59.98776],[30.14953,59.98819],[30.14816,59.98803],[30.14545,59.98831],[30.14294,59.988],[30.13822,59.98808],[30.13641,59.98863],[30.13373,59.98879],[30.13287,59.98858],[30.13106,59.98881],[30.13007,59.98844],[30.12776,59.98856],[30.12102,59.98993],[30.1198,59.99],[30.11629,59.98965],[30.11489,59.98986],[30.11114,59.98954],[30.10764,59.98996],[30.1057,59.98987],[30.10272,59.99094],[30.10092,59.99137],[30.09986,59.99122],[30.09939,59.9905],[30.09798,59.99099],[30.09832,59.99202],[30.09731,59.99234],[30.09676,59.99143],[30.09604,59.99151],[30.09501,59.99296],[30.09143,59.99409],[30.08836,59.99412],[30.08541,59.99444],[30.08277,59.99437],[30.07832,59.99493],[30.07296,59.99611],[30.06945,59.99656],[30.06618,59.99684],[30.06392,59.99669],[30.07009,60.00275],[30.07168,60.00264],[30.07431,60.00253],[30.07659,60.00277],[30.07833,60.00341],[30.07963,60.00476],[30.08,60.00758],[30.08034,60.01388],[30.08061,60.01649],[30.07998,60.01679],[30.0791,60.02717],[30.11994,60.03358],[30.1336,60.03422],[30.14619,60.03472],[30.14629,60.0359],[30.14469,60.03603],[30.14425,60.03645],[30.14873,60.03608],[30.15329,60.0373],[30.15492,60.03737],[30.15791,60.03783],[30.15978,60.03717],[30.1615,60.037],[30.16302,60.03741],[30.16727,60.03773],[30.17495,60.03626],[30.17713,60.03577],[30.17949,60.03475],[30.18212,60.03328],[30.18355,60.03227],[30.18652,60.02875],[30.18892,60.02569],[30.18992,60.02498],[30.18913,60.02395],[30.19093,60.022],[30.19287,60.02104],[30.19374,60.02019],[30.19713,60.01958],[30.19776,60.01911],[30.19639,60.01766],[30.1974,60.01685],[30.19937,60.01662],[30.20065,60.01702],[30.20153,60.01658],[30.20072,60.01559],[30.20118,60.01493],[30.19997,60.01383],[30.19777,60.01295],[30.19203,60.00891],[30.18805,60.00681],[30.18728,60.00548],[30.19042,60.00504],[30.19051,60.00409],[30.189,60.00263],[30.18828,60.00031],[30.18948,60.00012],[30.18977,59.99955],[30.18819,59.99979],[30.18749,59.9985],[30.18706,59.99612],[30.18622,59.99528],[30.18575,59.99367],[30.18521,59.99331],[30.18289,59.99339],[30.18315,59.99236],[30.18212,59.99207],[30.18187,59.99068],[30.17956,59.99033],[30.17913,59.9905],[30.18136,59.99082],[30.1814,59.99216],[30.18048,59.99242],[30.18049,59.99324],[30.17847,59.99256],[30.17762,59.992],[30.17883,59.99058],[30.17891,59.9892]]]]}},
{"type":"Feature","properties":{"territory_id":2372,"name":"внутригородская территория города федерального значения муниципальный округ № 65","region_name":"Санкт-Петербург","in_sample":true,"city":"spb"},"geometry":{"type":"MultiPolygon","coordinates":[[[[30.17891,59.9892],[30.17883,59.99058],[30.17762,59.992],[30.17847,59.99256],[30.18049,59.99324],[30.18048,59.99242],[30.1814,59.99216],[30.18136,59.99082],[30.17913,59.9905],[30.17956,59.99033],[30.18187,59.99068],[30.18212,59.99207],[30.18315,59.99236],[30.18289,59.99339],[30.18521,59.99331],[30.18575,59.99367],[30.18622,59.99528],[30.18706,59.99612],[30.18749,59.9985],[30.18819,59.99979],[30.18977,59.99955],[30.18948,60.00012],[30.18828,60.00031],[30.189,60.00263],[30.19051,60.00409],[30.19042,60.00504],[30.19804,60.00836],[30.20019,60.00969],[30.20092,60.01041],[30.20274,60.01145],[30.20683,60.01107],[30.22451,60.00883],[30.22741,60.0086],[30.23624,60.00745],[30.25745,60.00469],[30.25504,59.99999],[30.25502,59.99939],[30.25618,59.98828],[30.25639,59.98662],[30.25645,59.98248],[30.25297,59.9824],[30.24586,59.98203],[30.237,59.98116],[30.23128,59.97947],[30.22652,59.97892],[30.22648,59.98009],[30.22516,59.98147],[30.22318,59.98181],[30.2232,59.98282],[30.2222,59.98286],[30.22128,59.98186],[30.21949,59.98206],[30.21887,59.98134],[30.21727,59.98173],[30.21267,59.98011],[30.20803,59.97936],[30.20448,59.97931],[30.20059,59.98058],[30.19521,59.98193],[30.19328,59.98158],[30.19241,59.9824],[30.19081,59.98262],[30.19023,59.98229],[30.18764,59.9854],[30.18552,59.98542],[30.18434,59.986],[30.18635,59.987],[30.18505,59.989],[30.18419,59.98967],[30.17891,59.9892]]]]}},
{"type":"Feature","properties":{"territory_id":2373,"name":"внутригородская территория города федерального значения муниципальный округ Ланское","region_name":"Санкт-Петербург","in_sample":true,"city":"spb"},"geometry":{"type":"MultiPolygon","coordinates":[[[[30.25618,59.98828],[30.25899,59.98839],[30.26569,59.98809],[30.26946,59.98768],[30.27771,59.9874],[30.27929,59.98755],[30.28639,59.98913],[30.28801,59.98967],[30.28936,59.99008],[30.29622,59.99175],[30.30063,59.99328],[30.31203,59.99935],[30.31392,60.00067],[30.31622,60.00172],[30.31843,60.002],[30.32009,60.0019],[30.32176,60.0015],[30.32216,60.00117],[30.32355,59.99865],[30.32316,59.99852],[30.32585,59.99582],[30.32448,59.99542],[30.32526,59.99478],[30.32638,59.99514],[30.32707,59.99449],[30.32848,59.99422],[30.32636,59.99369],[30.32734,59.99257],[30.33089,59.98498],[30.33032,59.98507],[30.32961,59.98418],[30.32986,59.98352],[30.33118,59.98278],[30.32411,59.97966],[30.32175,59.97847],[30.32022,59.97911],[30.31347,59.98013],[30.29951,59.98255],[30.29035,59.98278],[30.28373,59.98235],[30.27735,59.98154],[30.27321,59.98134],[30.26857,59.9819],[30.26648,59.98232],[30.26413,59.98254],[30.25645,59.98248],[30.25639,59.98662],[30.25618,59.98828]]]]}},
{"type":"Feature","properties":{"territory_id":2374,"name":"внутригородская территория города федерального значения муниципальный округ Комендантский аэродром","region_name":"Санкт-Петербург","in_sample":true,"city":"spb"},"geometry":{"type":"MultiPolygon","coordinates":[[[[30.31596,60.01239],[30.3183,60.00818],[30.32176,60.0015],[30.32009,60.0019],[30.31843,60.002],[30.31622,60.00172],[30.31392,60.00067],[30.31203,59.99935],[30.30063,59.99328],[30.29622,59.99175],[30.28936,59.99008],[30.28801,59.98967],[30.28252,59.99076],[30.28001,59.99184],[30.27842,59.99317],[30.27809,59.99445],[30.27443,60.00412],[30.28106,60.01695],[30.29249,60.01546],[30.29616,60.01467],[30.29758,60.01472],[30.29908,60.01557],[30.30089,60.0145],[30.30161,60.01449],[30.3049,60.01567],[30.31224,60.01661],[30.31361,60.01311],[30.31596,60.01239]]]]}},
{"type":"Feature","properties":{"territory_id":2375,"name":"внутригородская территория города федерального значения муниципальный округ Озеро Долгое","region_name":"Санкт-Петербург","in_sample":true,"city":"spb"},"geometry":{"type":"MultiPolygon","coordinates":[[[[30.28801,59.98967],[30.28639,59.98913],[30.27929,59.98755],[30.27771,59.9874],[30.26946,59.98768],[30.26569,59.98809],[30.25899,59.98839],[30.25618,59.98828],[30.25502,59.99939],[30.25504,59.99999],[30.25745,60.00469],[30.23624,60.00745],[30.23429,60.01226],[30.24518,60.0154],[30.26429,60.021],[30.26674,60.01914],[30.26883,60.01854],[30.27872,60.01726],[30.28106,60.01695],[30.27443,60.00412],[30.27809,59.99445],[30.27842,59.99317],[30.28001,59.99184],[30.28252,59.99076],[30.28801,59.98967]]]]}},
{"type":"Feature","properties":{"territory_id":2376,"name":"внутригородская территория города федерального значения муниципальный округ Юнтолово","region_name":"Санкт-Петербург","in_sample":true,"city":"spb"},"geometry":{"type":"MultiPolygon","coordinates":[[[[30.27872,60.01726],[30.26883,60.01854],[30.26674,60.01914],[30.26429,60.021],[30.24518,60.0154],[30.23429,60.01226],[30.23624,60.00745],[30.22741,60.0086],[30.22451,60.00883],[30.20683,60.01107],[30.20274,60.01145],[30.20092,60.01041],[30.20019,60.00969],[30.19804,60.00836],[30.19042,60.00504],[30.18728,60.00548],[30.18805,60.00681],[30.19203,60.00891],[30.19777,60.01295],[30.19997,60.01383],[30.20118,60.01493],[30.20072,60.01559],[30.20153,60.01658],[30.20065,60.01702],[30.19937,60.01662],[30.1974,60.01685],[30.19639,60.01766],[30.19776,60.01911],[30.19713,60.01958],[30.19374,60.02019],[30.19287,60.02104],[30.19093,60.022],[30.18913,60.02395],[30.18992,60.02498],[30.18892,60.02569],[30.18652,60.02875],[30.18355,60.03227],[30.18412,60.03336],[30.18427,60.03532],[30.1839,60.03578],[30.18494,60.03686],[30.18677,60.03724],[30.1861,60.03781],[30.18662,60.03849],[30.18854,60.03828],[30.19117,60.03944],[30.19314,60.03911],[30.19597,60.03822],[30.19715,60.03652],[30.20017,60.03531],[30.20314,60.03525],[30.21128,60.03619],[30.21662,60.03626],[30.21967,60.03568],[30.22221,60.03498],[30.22517,60.03333],[30.22651,60.0324],[30.23234,60.02979],[30.23396,60.0294],[30.23587,60.02774],[30.23691,60.0278],[30.25001,60.03155],[30.25026,60.03202],[30.25316,60.03288],[30.25364,60.03285],[30.26173,60.03523],[30.26585,60.03633],[30.26688,60.03678],[30.268,60.0383],[30.27109,60.03737],[30.27324,60.03726],[30.27509,60.03669],[30.27626,60.03736],[30.27776,60.03667],[30.28117,60.03613],[30.28239,60.03642],[30.28322,60.03607],[30.28442,60.0338],[30.28332,60.03318],[30.2853,60.03291],[30.28569,60.03158],[30.2841,60.02837],[30.28419,60.02786],[30.2817,60.02326],[30.27872,60.01726]]]]}},
{"type":"Feature","properties":{"territory_id":2377,"name":"внутригородская территория города федерального значения муниципальный округ Коломяги","region_name":"Санкт-Петербург","in_sample":true,"city":"spb"},"geometry":{"type":"MultiPolygon","coordinates":[[[[30.274,60.06861],[30.28913,60.05641],[30.29286,60.05329],[30.29468,60.05124],[30.29565,60.04968],[30.29653,60.04752],[30.29773,60.04525],[30.29854,60.04469],[30.30231,60.03779],[30.30295,60.03627],[30.30888,60.02553],[30.31221,60.01953],[30.31184,60.01927],[30.31272,60.01764],[30.31312,60.0177],[30.31596,60.01239],[30.31361,60.01311],[30.31224,60.01661],[30.3049,60.01567],[30.30161,60.01449],[30.30089,60.0145],[30.29908,60.01557],[30.29758,60.01472],[30.29616,60.01467],[30.29249,60.01546],[30.28106,60.01695],[30.27872,60.01726],[30.2817,60.02326],[30.28419,60.02786],[30.2841,60.02837],[30.28569,60.03158],[30.2853,60.03291],[30.28332,60.03318],[30.28442,60.0338],[30.28322,60.03607],[30.28239,60.03642],[30.28117,60.03613],[30.27776,60.03667],[30.27626,60.03736],[30.27509,60.03669],[30.27324,60.03726],[30.27109,60.03737],[30.268,60.0383],[30.26688,60.03678],[30.26585,60.03633],[30.26173,60.03523],[30.25364,60.03285],[30.25316,60.03288],[30.25026,60.03202],[30.25001,60.03155],[30.23691,60.0278],[30.23587,60.02774],[30.23396,60.0294],[30.23234,60.02979],[30.22651,60.0324],[30.22517,60.03333],[30.22221,60.03498],[30.21967,60.03568],[30.21662,60.03626],[30.21128,60.03619],[30.20314,60.03525],[30.20017,60.03531],[30.19715,60.03652],[30.19597,60.03822],[30.19314,60.03911],[30.19117,60.03944],[30.18854,60.03828],[30.18662,60.03849],[30.1861,60.03781],[30.18677,60.03724],[30.18494,60.03686],[30.1839,60.03578],[30.18427,60.03532],[30.18412,60.03336],[30.18355,60.03227],[30.18212,60.03328],[30.17949,60.03475],[30.17713,60.03577],[30.17495,60.03626],[30.16727,60.03773],[30.16302,60.03741],[30.1615,60.037],[30.15978,60.03717],[30.15791,60.03783],[30.15492,60.03737],[30.15329,60.0373],[30.14873,60.03608],[30.14425,60.03645],[30.1426,60.03726],[30.14305,60.03837],[30.14159,60.03935],[30.14136,60.03987],[30.139,60.04065],[30.13823,60.04193],[30.13907,60.04333],[30.14148,60.04438],[30.14182,60.04544],[30.1391,60.0463],[30.13682,60.04627],[30.13616,60.04662],[30.13405,60.04684],[30.13353,60.04741],[30.13413,60.04874],[30.19332,60.0639],[30.19508,60.06242],[30.19436,60.06226],[30.1959,60.06048],[30.20223,60.06212],[30.21019,60.06037],[30.21411,60.06127],[30.22278,60.05132],[30.25852,60.06347],[30.27025,60.06742],[30.274,60.06861]]]]}},
{"type":"Feature","properties":{"territory_id":2378,"name":"внутригородская территория города федерального значения муниципальный округ Гражданка","region_name":"Санкт-Петербург","in_sample":true,"city":"spb"},"geometry":{"type":"MultiPolygon","coordinates":[[[[30.35931,59.99393],[30.36157,59.99494],[30.36375,59.99629],[30.36464,59.99822],[30.37712,59.99662],[30.37897,59.99928],[30.38204,60.00234],[30.38554,60.00754],[30.3912,60.00658],[30.39774,60.01308],[30.40846,60.01038],[30.41894,60.0208],[30.41999,60.02047],[30.42292,60.02054],[30.42355,60.01999],[30.42489,60.02008],[30.42651,60.01978],[30.42867,60.02039],[30.42971,60.02042],[30.43073,60.02128],[30.43246,60.02133],[30.43292,60.01704],[30.43335,60.01507],[30.43211,60.01552],[30.43187,60.0142],[30.42064,60.00475],[30.4176,60.00366],[30.41348,60.00283],[30.40182,60.00075],[30.40111,60.00054],[30.39651,60.00171],[30.39447,59.9996],[30.3913,59.99466],[30.38064,59.99609],[30.37707,59.99254],[30.37551,59.99207],[30.37349,59.9919],[30.35931,59.99393]]]]}},
{"type":"Feature","properties":{"territory_id":2379,"name":"внутригородская территория города федерального значения муниципальный округ Академическое","region_name":"Санкт-Петербург","in_sample":true,"city":"spb"},"geometry":{"type":"MultiPolygon","coordinates":[[[[30.36464,59.99822],[30.36597,60.00136],[30.36979,60.00711],[30.36916,60.01042],[30.36748,60.01752],[30.36728,60.01877],[30.36725,60.0194],[30.36523,60.02971],[30.36485,60.03214],[30.36852,60.03185],[30.37174,60.03142],[30.37703,60.03022],[30.37704,60.03125],[30.37805,60.03203],[30.3789,60.03207],[30.38177,60.03146],[30.3841,60.03124],[30.38822,60.02923],[30.38936,60.02941],[30.39078,60.02908],[30.3949,60.02888],[30.39611,60.02767],[30.39781,60.02676],[30.39954,60.02678],[30.40227,60.0262],[30.40381,60.02563],[30.40842,60.02474],[30.40882,60.02426],[30.4108,60.02347],[30.41213,60.02162],[30.41216,60.02114],[30.41599,60.02151],[30.41651,60.02108],[30.41767,60.02117],[30.41894,60.0208],[30.40846,60.01038],[30.39774,60.01308],[30.3912,60.00658],[30.38554,60.00754],[30.38204,60.00234],[30.37897,59.99928],[30.37712,59.99662],[30.36464,59.99822]]]]}},
{"type":"Feature","properties":{"territory_id":2380,"name":"внутригородская территория города федерального значения муниципальный округ Финляндский округ","region_name":"Санкт-Петербург","in_sample":true,"city":"spb"},"geometry":{"type":"MultiPolygon","coordinates":[[[[30.40693,59.95894],[30.3993,59.95507],[30.39672,59.95657],[30.38895,59.95782],[30.38367,59.95717],[30.37643,59.9538],[30.37112,59.95227],[30.36356,59.95117],[30.3596,59.9514],[30.34953,59.952],[30.35007,59.95418],[30.35356,59.95909],[30.35392,59.96007],[30.3519,59.96277],[30.34976,59.96798],[30.3474,59.97322],[30.34399,59.97721],[30.34405,59.97749],[30.35969,59.97908],[30.36123,59.97912],[30.36269,59.97877],[30.36578,59.97764],[30.36752,59.97761],[30.36645,59.97965],[30.36521,59.9812],[30.36265,59.98376],[30.35751,59.98657],[30.36049,59.9864],[30.36371,59.98575],[30.38238,59.97931],[30.38562,59.97847],[30.39301,59.97764],[30.39937,59.98455],[30.40807,59.98314],[30.4212,59.98018],[30.41261,59.97218],[30.41215,59.97154],[30.40719,59.95934],[30.40693,59.95894]]]]}},
{"type":"Feature","properties":{"territory_id":2381,"name":"внутригородская территория города федерального значения муниципальный округ № 21","region_name":"Санкт-Петербург","in_sample":true,"city":"spb"},"geometry":{"type":"MultiPolygon","coordinates":[[[[30.43761,60.03913],[30.43719,60.02963],[30.43704,60.02288],[30.43727,60.02106],[30.43528,60.02121],[30.43474,60.02156],[30.43246,60.02133],[30.43073,60.02128],[30.42971,60.02042],[30.42867,60.02039],[30.42651,60.01978],[30.42489,60.02008],[30.42355,60.01999],[30.42292,60.02054],[30.41999,60.02047],[30.41894,60.0208],[30.41767,60.02117],[30.41651,60.02108],[30.41599,60.02151],[30.41216,60.02114],[30.41213,60.02162],[30.4108,60.02347],[30.40882,60.02426],[30.40842,60.02474],[30.40381,60.02563],[30.40227,60.0262],[30.4035,60.02757],[30.41783,60.04518],[30.41888,60.04609],[30.42493,60.04483],[30.42511,60.04435],[30.43403,60.04244],[30.43557,60.04204],[30.43761,60.0406],[30.43761,60.03913]]]]}},
{"type":"Feature","properties":{"territory_id":2382,"name":"внутригородская территория города федерального значения муниципальный округ Пискаревка","region_name":"Санкт-Петербург","in_sample":true,"city":"spb"},"geometry":{"type":"MultiPolygon","coordinates":[[[[30.43246,60.02133],[30.43474,60.02156],[30.43528,60.02121],[30.43727,60.02106],[30.43742,60.01914],[30.43647,60.01653],[30.43658,60.0145],[30.44217,59.99982],[30.43788,59.99594],[30.4212,59.98018],[30.40807,59.98314],[30.39937,59.98455],[30.39301,59.97764],[30.38562,59.97847],[30.38238,59.97931],[30.36371,59.98575],[30.36049,59.9864],[30.35751,59.98657],[30.3523,59.98936],[30.35088,59.98981],[30.34761,59.9898],[30.34708,59.99012],[30.34812,59.99076],[30.35203,59.99108],[30.35295,59.99131],[30.35931,59.99393],[30.37349,59.9919],[30.37551,59.99207],[30.37707,59.99254],[30.38064,59.99609],[30.3913,59.99466],[30.39447,59.9996],[30.39651,60.00171],[30.40111,60.00054],[30.40182,60.00075],[30.41348,60.00283],[30.4176,60.00366],[30.42064,60.00475],[30.43187,60.0142],[30.43211,60.01552],[30.43335,60.01507],[30.43292,60.01704],[30.43246,60.02133]]]]}},
{"type":"Feature","properties":{"territory_id":2383,"name":"внутригородская территория города федерального значения муниципальный округ Северный","region_name":"Санкт-Петербург","in_sample":true,"city":"spb"},"geometry":{"type":"MultiPolygon","coordinates":[[[[30.37805,60.03203],[30.37704,60.03125],[30.37703,60.03022],[30.37174,60.03142],[30.36852,60.03185],[30.36485,60.03214],[30.36542,60.03437],[30.36675,60.036],[30.38739,60.05918],[30.38877,60.0588],[30.38804,60.05809],[30.3889,60.05782],[30.38811,60.05708],[30.39657,60.05501],[30.393,60.05039],[30.37917,60.03337],[30.37805,60.03203]]]]}},
{"type":"Feature","properties":{"territory_id":2384,"name":"внутригородская территория города федерального значения муниципальный округ Прометей","region_name":"Санкт-Петербург","in_sample":true,"city":"spb"},"geometry":{"type":"MultiPolygon","coordinates":[[[[30.37805,60.03203],[30.37917,60.03337],[30.393,60.05039],[30.39657,60.05501],[30.40676,60.0526],[30.41856,60.04968],[30.41565,60.04671],[30.41888,60.04609],[30.41783,60.04518],[30.4035,60.02757],[30.40227,60.0262],[30.39954,60.02678],[30.39781,60.02676],[30.39611,60.02767],[30.3949,60.02888],[30.39078,60.02908],[30.38936,60.02941],[30.38822,60.02923],[30.3841,60.03124],[30.38177,60.03146],[30.3789,60.03207],[30.37805,60.03203]]]]}},
{"type":"Feature","properties":{"territory_id":2385,"name":"внутригородская территория города федерального значения муниципальный округ Княжево","region_name":"Санкт-Петербург","in_sample":true,"city":"spb"},"geometry":{"type":"MultiPolygon","coordinates":[[[[30.25357,59.85882],[30.25801,59.86114],[30.26106,59.86309],[30.26247,59.86212],[30.26382,59.86211],[30.2685,59.86071],[30.27438,59.8591],[30.27576,59.85927],[30.27786,59.86285],[30.27819,59.86311],[30.28128,59.86188],[30.28636,59.85925],[30.28793,59.85815],[30.28914,59.856],[30.28977,59.85846],[30.28983,59.85995],[30.29048,59.85959],[30.29035,59.85854],[30.29256,59.85793],[30.29234,59.8551],[30.29181,59.85279],[30.29042,59.85161],[30.28922,59.85119],[30.28849,59.84961],[30.2853,59.8452],[30.28213,59.84251],[30.28139,59.84255],[30.26975,59.83565],[30.26425,59.83705],[30.24965,59.8446],[30.25609,59.84749],[30.25628,59.84787],[30.25633,59.85743],[30.25357,59.85882]]]]}},
{"type":"Feature","properties":{"territory_id":2386,"name":"внутригородская территория города федерального значения муниципальный округ Ульянка","region_name":"Санкт-Петербург","in_sample":true,"city":"spb"},"geometry":{"type":"MultiPolygon","coordinates":[[[[30.25434,59.83155],[30.24805,59.83005],[30.23154,59.82598],[30.22723,59.82514],[30.222,59.82441],[30.20953,59.82331],[30.20277,59.82275],[30.19772,59.82257],[30.18359,59.82289],[30.18719,59.82605],[30.19193,59.8308],[30.19343,59.83215],[30.20489,59.84061],[30.20801,59.84276],[30.21386,59.83934],[30.21574,59.84041],[30.21693,59.84078],[30.22275,59.83498],[30.23069,59.83743],[30.23833,59.84015],[30.25234,59.83183],[30.25368,59.83216],[30.25434,59.83155]]]]}},
{"type":"Feature","properties":{"territory_id":2387,"name":"внутригородская территория города федерального значения муниципальный округ Дачное","region_name":"Санкт-Петербург","in_sample":true,"city":"spb"},"geometry":{"type":"MultiPolygon","coordinates":[[[[30.26975,59.83565],[30.26855,59.83494],[30.25434,59.83155],[30.25368,59.83216],[30.25234,59.83183],[30.23833,59.84015],[30.23069,59.83743],[30.22275,59.83498],[30.21693,59.84078],[30.21574,59.84041],[30.21386,59.83934],[30.20801,59.84276],[30.21219,59.84561],[30.21725,59.84603],[30.21854,59.84626],[30.22428,59.84765],[30.22743,59.84833],[30.23139,59.84959],[30.23912,59.85271],[30.24404,59.8545],[30.24873,59.85651],[30.25357,59.85882],[30.25633,59.85743],[30.25628,59.84787],[30.25609,59.84749],[30.24965,59.8446],[30.26425,59.83705],[30.26975,59.83565]]]]}},
{"type":"Feature","properties":{"territory_id":2388,"name":"внутригородская территория города федерального значения муниципальный округ Автово","region_name":"Санкт-Петербург","in_sample":true,"city":"spb"},"geometry":{"type":"MultiPolygon","coordinates":[[[[30.26106,59.86309],[30.26136,59.86409],[30.25698,59.86428],[30.24006,59.86454],[30.2392,59.86393],[30.228,59.86413],[30.22721,59.86424],[30.22085,59.86434],[30.21516,59.86476],[30.21107,59.86549],[30.205,59.8672],[30.20316,59.86831],[30.20007,59.86902],[30.19518,59.86791],[30.19118,59.86758],[30.18889,59.86761],[30.18612,59.86726],[30.18502,59.86656],[30.18407,59.8668],[30.18228,59.86668],[30.18069,59.86713],[30.17977,59.8684],[30.17869,59.86873],[30.17648,59.87018],[30.17563,59.87035],[30.17423,59.87091],[30.17275,59.87084],[30.17179,59.87176],[30.16989,59.87227],[30.16229,59.87395],[30.16148,59.87425],[30.16674,59.87922],[30.1684,59.87958],[30.16592,59.8808],[30.17232,59.88418],[30.16789,59.8864],[30.16799,59.88702],[30.17624,59.88642],[30.18429,59.88596],[30.19259,59.88683],[30.19937,59.88775],[30.20341,59.88742],[30.21435,59.88804],[30.21855,59.88699],[30.22598,59.88419],[30.22334,59.88356],[30.22383,59.8818],[30.23561,59.88096],[30.24223,59.87864],[30.24564,59.87676],[30.25436,59.87646],[30.25478,59.87784],[30.25591,59.87809],[30.25864,59.87744],[30.26599,59.88474],[30.27076,59.88362],[30.27952,59.88186],[30.28146,59.88169],[30.28477,59.88171],[30.29086,59.88244],[30.29379,59.88251],[30.30002,59.88269],[30.29967,59.88146],[30.29759,59.88077],[30.29578,59.87991],[30.29454,59.87896],[30.29373,59.87777],[30.29316,59.8749],[30.29203,59.87001],[30.29084,59.86253],[30.29048,59.85959],[30.28983,59.85995],[30.28977,59.85846],[30.28914,59.856],[30.28793,59.85815],[30.28636,59.85925],[30.28128,59.86188],[30.27819,59.86311],[30.27786,59.86285],[30.27576,59.85927],[30.27438,59.8591],[30.2685,59.86071],[30.26382,59.86211],[30.26247,59.86212],[30.26106,59.86309]]]]}},
{"type":"Feature","properties":{"territory_id":2389,"name":"внутригородская территория города федерального значения муниципальный округ Нарвский округ","region_name":"Санкт-Петербург","in_sample":true,"city":"spb"},"geometry":{"type":"MultiPolygon","coordinates":[[[[30.22598,59.88419],[30.22865,59.88377],[30.23153,59.8848],[30.23777,59.88638],[30.23873,59.88693],[30.24066,59.88858],[30.24202,59.89098],[30.24199,59.89257],[30.24343,59.89609],[30.24436,59.89738],[30.24631,59.89903],[30.25023,59.90129],[30.25402,59.90017],[30.25615,59.90057],[30.26115,59.89986],[30.2621,59.89989],[30.26461,59.90057],[30.26571,59.90182],[30.26767,59.90201],[30.2691,59.90241],[30.27583,59.90111],[30.28002,59.90356],[30.28212,59.90394],[30.29074,59.90313],[30.29541,59.9026],[30.29584,59.9018],[30.29688,59.90194],[30.29705,59.90056],[30.29629,59.89885],[30.29478,59.89612],[30.29789,59.89603],[30.2979,59.89446],[30.29946,59.89424],[30.29765,59.88867],[30.29723,59.88809],[30.29507,59.88647],[30.29427,59.88447],[30.29379,59.88251],[30.29086,59.88244],[30.28477,59.88171],[30.28146,59.88169],[30.27952,59.88186],[30.27076,59.88362],[30.26599,59.88474],[30.25864,59.87744],[30.25591,59.87809],[30.25478,59.87784],[30.25436,59.87646],[30.24564,59.87676],[30.24223,59.87864],[30.23561,59.88096],[30.22383,59.8818],[30.22334,59.88356],[30.22598,59.88419]]]]}},
{"type":"Feature","properties":{"territory_id":2390,"name":"внутригородская территория города федерального значения муниципальный округ Красненькая речка","region_name":"Санкт-Петербург","in_sample":true,"city":"spb"},"geometry":{"type":"MultiPolygon","coordinates":[[[[30.25357,59.85882],[30.24873,59.85651],[30.24404,59.8545],[30.23912,59.85271],[30.23139,59.84959],[30.22743,59.84833],[30.22428,59.84765],[30.21854,59.84626],[30.21725,59.84603],[30.21219,59.84561],[30.22125,59.85178],[30.2392,59.86393],[30.24006,59.86454],[30.25698,59.86428],[30.26136,59.86409],[30.26106,59.86309],[30.25801,59.86114],[30.25357,59.85882]]]]}},
{"type":"Feature","properties":{"territory_id":2391,"name":"внутригородская территория города федерального значения муниципальный округ Морские ворота","region_name":"Санкт-Петербург","in_sample":true,"city":"spb"},"geometry":{"type":"MultiPolygon","coordinates":[[[[30.25023,59.90129],[30.24631,59.89903],[30.24436,59.89738],[30.24343,59.89609],[30.24199,59.89257],[30.24202,59.89098],[30.24066,59.88858],[30.23873,59.88693],[30.23777,59.88638],[30.23153,59.8848],[30.22865,59.88377],[30.22598,59.88419],[30.21855,59.88699],[30.21435,59.88804],[30.20341,59.88742],[30.19937,59.88775],[30.19259,59.88683],[30.18429,59.88596],[30.17624,59.88642],[30.16799,59.88702],[30.16898,59.88831],[30.17196,59.88828],[30.17456,59.88779],[30.1818,59.88767],[30.19247,59.88886],[30.19485,59.88907],[30.19429,59.89015],[30.19481,59.89059],[30.19459,59.89168],[30.19522,59.89272],[30.19764,59.8943],[30.19861,59.89449],[30.20272,59.89623],[30.20676,59.89838],[30.20946,59.8995],[30.21016,59.90029],[30.21276,59.90218],[30.21365,59.90223],[30.21583,59.90361],[30.2164,59.90531],[30.21472,59.90609],[30.2074,59.90831],[30.20743,59.90926],[30.21379,59.91611],[30.21556,59.91615],[30.22213,59.91465],[30.22442,59.91399],[30.22891,59.91355],[30.23241,59.91373],[30.23455,59.91338],[30.24062,59.91382],[30.24087,59.91415],[30.25195,59.91453],[30.26074,59.91592],[30.26049,59.91726],[30.26207,59.91644],[30.2622,59.91367],[30.26191,59.91236],[30.25994,59.90935],[30.25754,59.90679],[30.25538,59.90414],[30.25351,59.90268],[30.25023,59.90129]]]]}},
{"type":"Feature","properties":{"territory_id":2392,"name":"внутригородская территория города федерального значения город Колпино","region_name":"Санкт-Петербург","in_sample":true,"city":"spb"},"geometry":{"type":"MultiPolygon","coordinates":[[[[30.517,59.78372],[30.51901,59.78388],[30.51876,59.78426],[30.51676,59.78496],[30.51394,59.78468],[30.51546,59.78635],[30.51742,59.78704],[30.51431,59.78922],[30.51588,59.78974],[30.5154,59.79031],[30.51231,59.79029],[30.51081,59.7899],[30.5104,59.79047],[30.51104,59.79156],[30.50906,59.79225],[30.50873,59.79314],[30.51077,59.79283],[30.51172,59.79188],[30.51479,59.79112],[30.51706,59.79241],[30.5238,59.79871],[30.52703,59.79654],[30.52975,59.79451],[30.54062,59.78682],[30.54721,59.78203],[30.55536,59.7762],[30.56092,59.77753],[30.57071,59.78103],[30.57135,59.7815],[30.57435,59.77894],[30.57513,59.77954],[30.574,59.78032],[30.57462,59.78187],[30.57622,59.78242],[30.5752,59.78322],[30.5768,59.78348],[30.57879,59.78501],[30.57854,59.78616],[30.57925,59.78644],[30.58101,59.78596],[30.58266,59.78793],[30.58491,59.78768],[30.58547,59.78902],[30.5868,59.7909],[30.58882,59.79122],[30.59095,59.79243],[30.59369,59.79183],[30.59437,59.79237],[30.59421,59.79337],[30.59244,59.79488],[30.59182,59.79635],[30.60061,59.79371],[30.60051,59.79217],[30.60084,59.78955],[30.60119,59.78933],[30.60805,59.77856],[30.60861,59.77395],[30.61927,59.776],[30.61924,59.77395],[30.61847,59.77249],[30.61898,59.77134],[30.61812,59.77036],[30.61961,59.77006],[30.62026,59.76939],[30.6223,59.76908],[30.62517,59.76814],[30.62537,59.7667],[30.62789,59.76205],[30.62843,59.76147],[30.65145,59.77074],[30.65329,59.77178],[30.65524,59.77452],[30.65836,59.77344],[30.66121,59.77298],[30.67214,59.77274],[30.68814,59.7725],[30.70098,59.77227],[30.70872,59.77137],[30.71331,59.77035],[30.71803,59.76902],[30.72329,59.76694],[30.72647,59.76509],[30.73736,59.75967],[30.74413,59.75624],[30.7463,59.75576],[30.74876,59.75545],[30.75276,59.75555],[30.75766,59.75629],[30.75949,59.75473],[30.75942,59.75376],[30.75795,59.75306],[30.75681,59.7529],[30.75283,59.75293],[30.75088,59.75258],[30.74931,59.75194],[30.74871,59.75112],[30.74891,59.74957],[30.74997,59.74851],[30.75328,59.7467],[30.75647,59.74452],[30.75701,59.74375],[30.75492,59.74384],[30.7376,59.74489],[30.70305,59.74528],[30.69574,59.74375],[30.68013,59.72998],[30.68298,59.72492],[30.65036,59.72187],[30.64817,59.72127],[30.64776,59.72203],[30.64347,59.72547],[30.64289,59.7256],[30.64064,59.72744],[30.64069,59.72772],[30.62998,59.73581],[30.62224,59.73562],[30.62132,59.73588],[30.61956,59.73539],[30.61824,59.7354],[30.61779,59.73579],[30.61667,59.73541],[30.61734,59.73086],[30.60704,59.73058],[30.60092,59.72955],[30.59839,59.72928],[30.59135,59.72912],[30.58846,59.7298],[30.58223,59.72958],[30.57635,59.73001],[30.5759,59.73018],[30.57033,59.73067],[30.56734,59.73143],[30.55827,59.73568],[30.55786,59.73614],[30.55547,59.73672],[30.55606,59.73752],[30.55537,59.73997],[30.55626,59.74115],[30.5573,59.74129],[30.55757,59.7425],[30.5572,59.74294],[30.55824,59.74373],[30.55764,59.74473],[30.55759,59.74708],[30.55654,59.74952],[30.55121,59.74925],[30.52307,59.74793],[30.52414,59.75339],[30.52118,59.75373],[30.51326,59.7561],[30.51275,59.7565],[30.51019,59.75684],[30.51029,59.75719],[30.50882,59.75769],[30.50811,59.75835],[30.50922,59.75935],[30.50972,59.76033],[30.50887,59.76056],[30.50864,59.76135],[30.507,59.76256],[30.50692,59.76301],[30.50841,59.76382],[30.50956,59.76528],[30.50941,59.76596],[30.51057,59.76711],[30.5109,59.7687],[30.51215,59.76818],[30.51307,59.76945],[30.51276,59.77],[30.51138,59.76999],[30.51056,59.7704],[30.51123,59.77095],[30.51421,59.77197],[30.51378,59.77288],[30.51194,59.77387],[30.51223,59.77453],[30.51351,59.77546],[30.51309,59.77654],[30.5143,59.77602],[30.51668,59.77572],[30.51875,59.77665],[30.51857,59.777],[30.51656,59.7773],[30.51602,59.77787],[30.51764,59.77889],[30.51914,59.7795],[30.51953,59.77918],[30.5213,59.77999],[30.52115,59.78129],[30.5199,59.78041],[30.51902,59.78057],[30.51988,59.78141],[30.51933,59.78259],[30.51821,59.78262],[30.51778,59.78213],[30.51661,59.78198],[30.51627,59.78251],[30.517,59.78372]]]]}},
{"type":"Feature","properties":{"territory_id":2393,"name":"внутригородская территория города федерального значения поселок Металлострой","region_name":"Санкт-Петербург","in_sample":true,"city":"spb"},"geometry":{"type":"MultiPolygon","coordinates":[[[[30.59182,59.79635],[30.59244,59.79488],[30.59421,59.79337],[30.59437,59.79237],[30.59369,59.79183],[30.59095,59.79243],[30.58882,59.79122],[30.5868,59.7909],[30.58547,59.78902],[30.58491,59.78768],[30.58266,59.78793],[30.58101,59.78596],[30.57925,59.78644],[30.57854,59.78616],[30.57879,59.78501],[30.5768,59.78348],[30.5752,59.78322],[30.57622,59.78242],[30.57462,59.78187],[30.574,59.78032],[30.57513,59.77954],[30.57435,59.77894],[30.57135,59.7815],[30.57071,59.78103],[30.56092,59.77753],[30.55536,59.7762],[30.54721,59.78203],[30.54062,59.78682],[30.52975,59.79451],[30.52703,59.79654],[30.52804,59.79749],[30.54713,59.81369],[30.5485,59.81313],[30.55472,59.81716],[30.55365,59.81763],[30.55174,59.81974],[30.55428,59.82123],[30.55873,59.81946],[30.55991,59.82015],[30.56312,59.82088],[30.5792,59.81401],[30.58193,59.81267],[30.58592,59.81017],[30.58872,59.80822],[30.57721,59.80428],[30.57484,59.80306],[30.57809,59.80161],[30.58785,59.79793],[30.59182,59.79635]]]]}},
{"type":"Feature","properties":{"territory_id":2394,"name":"внутригородская территория города федерального значения поселок Петро-Славянка","region_name":"Санкт-Петербург","in_sample":false,"city":"spb"},"geometry":{"type":"MultiPolygon","coordinates":[[[[30.54713,59.81369],[30.52804,59.79749],[30.52703,59.79654],[30.5238,59.79871],[30.51706,59.79241],[30.51479,59.79112],[30.51172,59.79188],[30.51077,59.79283],[30.50873,59.79314],[30.50906,59.79225],[30.51104,59.79156],[30.5104,59.79047],[30.51081,59.7899],[30.51231,59.79029],[30.5154,59.79031],[30.51588,59.78974],[30.51431,59.78922],[30.51742,59.78704],[30.51546,59.78635],[30.51394,59.78468],[30.51676,59.78496],[30.51876,59.78426],[30.51901,59.78388],[30.517,59.78372],[30.50953,59.78524],[30.50884,59.78437],[30.50176,59.78849],[30.49803,59.7888],[30.49773,59.78932],[30.49261,59.79075],[30.4898,59.79206],[30.48778,59.79175],[30.48551,59.79261],[30.48423,59.79154],[30.47917,59.79296],[30.46863,59.79772],[30.45785,59.80269],[30.45625,59.80947],[30.4616,59.81084],[30.46031,59.81153],[30.45466,59.81499],[30.44952,59.81827],[30.45359,59.81827],[30.44863,59.82451],[30.44422,59.82422],[30.44299,59.82751],[30.44219,59.8278],[30.43875,59.82757],[30.44112,59.82937],[30.45574,59.83196],[30.4752,59.83399],[30.49996,59.81603],[30.5082,59.81012],[30.51155,59.80777],[30.51221,59.80803],[30.50869,59.81061],[30.50822,59.81129],[30.50829,59.81264],[30.5105,59.81377],[30.5109,59.8136],[30.51228,59.8144],[30.51264,59.81507],[30.51362,59.81531],[30.51894,59.81832],[30.5203,59.81941],[30.52136,59.8215],[30.52131,59.82208],[30.52021,59.82339],[30.52021,59.82393],[30.52821,59.82082],[30.53163,59.81941],[30.53548,59.81808],[30.54713,59.81369]]]]}},
{"type":"Feature","properties":{"territory_id":2395,"name":"внутригородская территория города федерального значения поселок Понтонный","region_name":"Санкт-Петербург","in_sample":true,"city":"spb"},"geometry":{"type":"MultiPolygon","coordinates":[[[[30.65524,59.77452],[30.65329,59.77178],[30.65145,59.77074],[30.62843,59.76147],[30.62789,59.76205],[30.62537,59.7667],[30.62517,59.76814],[30.6223,59.76908],[30.62026,59.76939],[30.61961,59.77006],[30.61812,59.77036],[30.61898,59.77134],[30.61847,59.77249],[30.61924,59.77395],[30.61927,59.776],[30.60861,59.77395],[30.60805,59.77856],[30.60119,59.78933],[30.60084,59.78955],[30.60051,59.79217],[30.60061,59.79371],[30.60755,59.79289],[30.61033,59.7923],[30.61398,59.7946],[30.61787,59.79443],[30.61828,59.79572],[30.62283,59.79733],[30.6256,59.79548],[30.63015,59.79368],[30.63515,59.79254],[30.64435,59.79142],[30.6534,59.79064],[30.66014,59.78964],[30.6701,59.78648],[30.67393,59.7857],[30.67641,59.78547],[30.67173,59.77958],[30.66815,59.77933],[30.66398,59.78095],[30.66325,59.781],[30.66296,59.7825],[30.66371,59.78364],[30.66232,59.78468],[30.65905,59.78558],[30.6563,59.7835],[30.65574,59.78233],[30.65548,59.77601],[30.65524,59.77452]]]]}},
{"type":"Feature","properties":{"territory_id":2396,"name":"внутригородская территория города федерального значения поселок Саперный","region_name":"Санкт-Петербург","in_sample":false,"city":"spb"},"geometry":{"type":"MultiPolygon","coordinates":[[[[30.67641,59.78547],[30.67858,59.78528],[30.6836,59.78508],[30.68697,59.78465],[30.69466,59.78275],[30.70111,59.78164],[30.70574,59.78132],[30.7104,59.78129],[30.71769,59.78172],[30.72491,59.78152],[30.72998,59.78102],[30.73529,59.7793],[30.73314,59.77722],[30.7279,59.77258],[30.72672,59.77085],[30.73442,59.76921],[30.74,59.76521],[30.73736,59.75967],[30.72647,59.76509],[30.72329,59.76694],[30.71803,59.76902],[30.71331,59.77035],[30.70872,59.77137],[30.70098,59.77227],[30.68814,59.7725],[30.67214,59.77274],[30.66121,59.77298],[30.65836,59.77344],[30.65524,59.77452],[30.65548,59.77601],[30.65574,59.78233],[30.6563,59.7835],[30.65905,59.78558],[30.66232,59.78468],[30.66371,59.78364],[30.66296,59.7825],[30.66325,59.781],[30.66398,59.78095],[30.66815,59.77933],[30.67173,59.77958],[30.67641,59.78547]]]]}},
{"type":"Feature","properties":{"territory_id":2397,"name":"внутригородская территория города федерального значения поселок Усть-Ижора","region_name":"Санкт-Петербург","in_sample":false,"city":"spb"},"geometry":{"type":"MultiPolygon","coordinates":[[[[30.56717,59.82392],[30.57318,59.82239],[30.57876,59.82066],[30.5892,59.81728],[30.59379,59.81519],[30.59588,59.81359],[30.59764,59.812],[30.60433,59.80831],[30.61498,59.80258],[30.62283,59.79733],[30.61828,59.79572],[30.61787,59.79443],[30.61398,59.7946],[30.61033,59.7923],[30.60755,59.79289],[30.60061,59.79371],[30.59182,59.79635],[30.58785,59.79793],[30.57809,59.80161],[30.57484,59.80306],[30.57721,59.80428],[30.58872,59.80822],[30.58592,59.81017],[30.58193,59.81267],[30.5792,59.81401],[30.56312,59.82088],[30.56009,59.82215],[30.56517,59.82174],[30.56717,59.82392]]]]}},
{"type":"Feature","properties":{"territory_id":2398,"name":"внутригородская территория города федерального значения муниципальный округ Полюстрово","region_name":"Санкт-Петербург","in_sample":true,"city":"spb"},"geometry":{"type":"MultiPolygon","coordinates":[[[[30.44636,59.96046],[30.4392,59.96025],[30.40955,59.95903],[30.40693,59.95894],[30.40719,59.95934],[30.41215,59.97154],[30.41261,59.97218],[30.4212,59.98018],[30.43788,59.99594],[30.44217,59.99982],[30.43658,60.0145],[30.43647,60.01653],[30.43742,60.01914],[30.43727,60.02106],[30.43704,60.02288],[30.43719,60.02963],[30.43761,60.03913],[30.44193,60.04095],[30.4453,60.04032],[30.45077,60.03909],[30.45834,60.03754],[30.45929,60.03712],[30.4611,60.03563],[30.46129,60.03469],[30.46405,60.03396],[30.46526,60.03345],[30.46698,60.03376],[30.46841,60.03339],[30.46808,60.03228],[30.46719,60.03165],[30.46455,60.03127],[30.46373,60.03014],[30.46216,60.02861],[30.46235,60.02813],[30.46799,60.02749],[30.46768,60.02685],[30.46525,60.02681],[30.46411,60.02584],[30.46482,60.02506],[30.46676,60.02454],[30.4671,60.02325],[30.46788,60.02264],[30.46892,60.02269],[30.47014,60.02337],[30.47104,60.02445],[30.4728,60.02495],[30.47517,60.02515],[30.47585,60.02478],[30.47552,60.02361],[30.47587,60.0227],[30.47691,60.02241],[30.47916,60.02265],[30.47986,60.02239],[30.48043,60.02117],[30.48218,60.02028],[30.48434,60.0205],[30.48639,60.02179],[30.48804,60.02318],[30.48861,60.02327],[30.48967,60.02243],[30.48935,60.02056],[30.48986,60.01869],[30.48916,60.01753],[30.48845,60.01764],[30.48626,60.01568],[30.48624,60.01453],[30.48692,60.01365],[30.48794,60.01117],[30.48881,60.01027],[30.49016,60.00827],[30.49056,60.00838],[30.49226,60.00665],[30.49367,60.00602],[30.49398,60.00486],[30.49309,60.00295],[30.49156,60.0015],[30.49123,60.00062],[30.49176,59.99788],[30.49266,59.99575],[30.49493,59.99466],[30.49609,59.99258],[30.49614,59.99037],[30.4934,59.98752],[30.49447,59.98553],[30.49435,59.98277],[30.48646,59.98349],[30.48326,59.98361],[30.45817,59.98425],[30.45388,59.98418],[30.45017,59.98353],[30.44719,59.98231],[30.44559,59.98093],[30.44493,59.97925],[30.44488,59.97705],[30.44515,59.97416],[30.44563,59.97407],[30.44613,59.97061],[30.44678,59.96497],[30.44636,59.96046]]]]}},
{"type":"Feature","properties":{"territory_id":2399,"name":"внутригородская территория города федерального значения муниципальный округ Большая Охта","region_name":"Санкт-Петербург","in_sample":true,"city":"spb"},"geometry":{"type":"MultiPolygon","coordinates":[[[[30.44636,59.96046],[30.44811,59.94139],[30.44625,59.94127],[30.44279,59.94132],[30.44104,59.94082],[30.44076,59.94027],[30.44186,59.9377],[30.44093,59.93651],[30.43808,59.93624],[30.43543,59.93657],[30.43289,59.9361],[30.4297,59.936],[30.42598,59.93648],[30.42424,59.9364],[30.42256,59.93598],[30.42018,59.9343],[30.41898,59.93393],[30.41699,59.93373],[30.415,59.93439],[30.41517,59.93609],[30.41471,59.9368],[30.41301,59.93831],[30.41254,59.94071],[30.41002,59.94333],[30.40883,59.94477],[30.40334,59.94863],[30.40407,59.95119],[30.40356,59.95261],[30.40201,59.95379],[30.3993,59.95507],[30.40693,59.95894],[30.40955,59.95903],[30.4392,59.96025],[30.44636,59.96046]]]]}},
{"type":"Feature","properties":{"territory_id":2400,"name":"внутригородская территория города федерального значения муниципальный округ Малая Охта","region_name":"Санкт-Петербург","in_sample":true,"city":"spb"},"geometry":{"type":"MultiPolygon","coordinates":[[[[30.40221,59.92063],[30.3972,59.92419],[30.39591,59.92574],[30.39428,59.92902],[30.39633,59.93313],[30.4002,59.93896],[30.4011,59.943],[30.40334,59.94863],[30.40883,59.94477],[30.41002,59.94333],[30.41254,59.94071],[30.41301,59.93831],[30.41471,59.9368],[30.41517,59.93609],[30.415,59.93439],[30.41699,59.93373],[30.41898,59.93393],[30.42018,59.9343],[30.42256,59.93598],[30.42424,59.9364],[30.42598,59.93648],[30.4297,59.936],[30.43289,59.9361],[30.43543,59.93657],[30.43808,59.93624],[30.44093,59.93651],[30.44186,59.9377],[30.44076,59.94027],[30.44104,59.94082],[30.44279,59.94132],[30.44625,59.94127],[30.44811,59.94139],[30.44862,59.93902],[30.4484,59.93745],[30.44757,59.93629],[30.44518,59.93441],[30.44283,59.93171],[30.43905,59.92893],[30.43415,59.92595],[30.42895,59.92181],[30.42747,59.9208],[30.42563,59.91989],[30.42377,59.91927],[30.416,59.91712],[30.41317,59.91651],[30.4094,59.91543],[30.40684,59.91767],[30.40221,59.92063]]]]}},
{"type":"Feature","properties":{"territory_id":2401,"name":"внутригородская территория города федерального значения муниципальный округ Пороховые","region_name":"Санкт-Петербург","in_sample":true,"city":"spb"},"geometry":{"type":"MultiPolygon","coordinates":[[[[30.44636,59.96046],[30.45256,59.96067],[30.46039,59.96214],[30.46683,59.95587],[30.47761,59.95867],[30.47829,59.9585],[30.4901,59.9471],[30.49094,59.94522],[30.50546,59.94549],[30.50512,59.94622],[30.50775,59.94562],[30.50553,59.93594],[30.50441,59.93492],[30.50117,59.93358],[30.49836,59.93311],[30.49606,59.93309],[30.48024,59.93397],[30.47397,59.9344],[30.46341,59.935],[30.46109,59.93528],[30.45294,59.93677],[30.45011,59.93691],[30.44757,59.93629],[30.4484,59.93745],[30.44862,59.93902],[30.44811,59.94139],[30.44636,59.96046]]]]}},
{"type":"Feature","properties":{"territory_id":2402,"name":"внутригородская территория города федерального значения муниципальный округ Ржевка","region_name":"Санкт-Петербург","in_sample":true,"city":"spb"},"geometry":{"type":"MultiPolygon","coordinates":[[[[30.44636,59.96046],[30.44678,59.96497],[30.44613,59.97061],[30.44563,59.97407],[30.44515,59.97416],[30.44488,59.97705],[30.44493,59.97925],[30.44559,59.98093],[30.44719,59.98231],[30.45017,59.98353],[30.45388,59.98418],[30.45817,59.98425],[30.48326,59.98361],[30.48646,59.98349],[30.49435,59.98277],[30.49447,59.98553],[30.4934,59.98752],[30.49614,59.99037],[30.49609,59.99258],[30.49493,59.99466],[30.49266,59.99575],[30.49176,59.99788],[30.49123,60.00062],[30.49156,60.0015],[30.49309,60.00295],[30.49398,60.00486],[30.49367,60.00602],[30.49226,60.00665],[30.49056,60.00838],[30.4939,60.00966],[30.49546,60.00787],[30.49927,60.0084],[30.4997,60.00736],[30.50396,60.00648],[30.50292,60.00359],[30.50025,60.00137],[30.4997,60.00017],[30.50171,60.00018],[30.50294,59.99967],[30.50205,59.99822],[30.50404,59.99637],[30.50344,59.99457],[30.50656,59.99371],[30.50726,59.99279],[30.50617,59.9905],[30.50871,59.98881],[30.50774,59.98749],[30.5104,59.98664],[30.51215,59.98628],[30.51257,59.98584],[30.51446,59.98581],[30.51746,59.98534],[30.53469,59.99259],[30.53606,59.99212],[30.53648,59.9908],[30.53497,59.98984],[30.53403,59.99062],[30.5337,59.9889],[30.53488,59.98871],[30.53566,59.9892],[30.53786,59.98868],[30.53778,59.98811],[30.53627,59.9871],[30.53629,59.98664],[30.53473,59.98665],[30.53407,59.9871],[30.53306,59.98694],[30.53236,59.98589],[30.53313,59.98451],[30.53238,59.98411],[30.53114,59.98467],[30.53065,59.98424],[30.5312,59.98353],[30.52806,59.98214],[30.52878,59.98189],[30.53074,59.98206],[30.53136,59.98176],[30.53271,59.98279],[30.53537,59.98261],[30.53568,59.98293],[30.53736,59.98235],[30.54046,59.98178],[30.54072,59.98128],[30.54406,59.98094],[30.54463,59.98052],[30.54721,59.98061],[30.54774,59.98034],[30.54971,59.98121],[30.55085,59.98137],[30.55238,59.98101],[30.5484,59.97919],[30.54843,59.97871],[30.55147,59.97842],[30.55173,59.97943],[30.55409,59.97923],[30.55409,59.97718],[30.55584,59.97528],[30.55821,59.97381],[30.55617,59.97328],[30.55697,59.97274],[30.55918,59.97333],[30.56603,59.97096],[30.56428,59.97052],[30.56099,59.97017],[30.55927,59.96962],[30.55582,59.9699],[30.55249,59.96899],[30.54449,59.97628],[30.54213,59.97571],[30.53996,59.9757],[30.53293,59.97394],[30.52877,59.97305],[30.52785,59.9731],[30.52685,59.97409],[30.5172,59.97157],[30.5131,59.97056],[30.51231,59.96753],[30.51135,59.96238],[30.50775,59.94562],[30.50512,59.94622],[30.50546,59.94549],[30.49094,59.94522],[30.4901,59.9471],[30.47829,59.9585],[30.47761,59.95867],[30.46683,59.95587],[30.46039,59.96214],[30.45256,59.96067],[30.44636,59.96046]]]]}},
{"type":"Feature","properties":{"territory_id":2403,"name":"внутригородская территория города федерального значения город Красное Село","region_name":"Санкт-Петербург","in_sample":true,"city":"spb"},"geometry":{"type":"MultiPolygon","coordinates":[[[[30.07614,59.74792],[30.08161,59.75026],[30.09641,59.75689],[30.11015,59.76264],[30.11218,59.76232],[30.11587,59.7623],[30.11666,59.76184],[30.11799,59.76178],[30.11814,59.76013],[30.11702,59.75719],[30.11762,59.75415],[30.11926,59.74887],[30.11991,59.74736],[30.11952,59.74582],[30.11586,59.7414],[30.11492,59.74125],[30.11102,59.73872],[30.10961,59.73871],[30.10869,59.73782],[30.10971,59.73763],[30.10898,59.7364],[30.11198,59.73563],[30.1108,59.73421],[30.10863,59.73103],[30.10546,59.73015],[30.10481,59.72926],[30.10657,59.72899],[30.10651,59.72619],[30.10703,59.72455],[30.108,59.72457],[30.10995,59.72365],[30.11107,59.71669],[30.11405,59.71374],[30.11326,59.71349],[30.117,59.71026],[30.1207,59.70785],[30.12264,59.70896],[30.1235,59.70826],[30.12361,59.70691],[30.13129,59.7069],[30.13261,59.7067],[30.13308,59.70531],[30.13751,59.7004],[30.1354,59.70037],[30.13632,59.69905],[30.13602,59.69657],[30.13374,59.69476],[30.13063,59.69359],[30.12979,59.6942],[30.12434,59.69228],[30.12157,59.69202],[30.11993,59.69215],[30.11972,59.69356],[30.11696,59.69344],[30.11779,59.69436],[30.11651,59.69439],[30.11275,59.69407],[30.1126,59.695],[30.1142,59.69507],[30.11398,59.69552],[30.11436,59.69705],[30.11362,59.69725],[30.11599,59.69907],[30.11366,59.69945],[30.11297,59.69898],[30.11022,59.6996],[30.1095,59.70049],[30.10833,59.7005],[30.1068,59.69923],[30.1023,59.6993],[30.1009,59.6992],[30.08504,59.71094],[30.08306,59.71315],[30.08113,59.71577],[30.07861,59.71602],[30.07824,59.71634],[30.0744,59.71607],[30.07373,59.71642],[30.07171,59.71668],[30.05555,59.71308],[30.05137,59.71612],[30.05002,59.71732],[30.04099,59.71524],[30.03496,59.71785],[30.03842,59.7207],[30.04578,59.71958],[30.0476,59.72449],[30.04737,59.72536],[30.05026,59.7282],[30.05005,59.73],[30.05092,59.73004],[30.0553,59.73307],[30.05489,59.73326],[30.05612,59.73396],[30.05509,59.73518],[30.06173,59.74087],[30.07614,59.74792]]],[[[30.06506,59.6683],[30.06533,59.67638],[30.06517,59.67798],[30.07283,59.67975],[30.08395,59.68029],[30.08271,59.67608],[30.07331,59.66737],[30.06506,59.6683]]]]}},
{"type":"Feature","properties":{"territory_id":2404,"name":"внутригородская территория города федерального значения муниципальный округ Юго-Запад","region_name":"Санкт-Петербург","in_sample":true,"city":"spb"},"geometry":{"type":"MultiPolygon","coordinates":[[[[30.2392,59.86393],[30.22125,59.85178],[30.21219,59.84561],[30.19709,59.84589],[30.19742,59.85009],[30.19759,59.85047],[30.21107,59.86549],[30.21516,59.86476],[30.22085,59.86434],[30.22721,59.86424],[30.228,59.86413],[30.2392,59.86393]]]]}},
{"type":"Feature","properties":{"territory_id":2405,"name":"внутригородская территория города федерального значения муниципальный округ Южно-Приморский","region_name":"Санкт-Петербург","in_sample":true,"city":"spb"},"geometry":{"type":"MultiPolygon","coordinates":[[[[30.17563,59.87035],[30.17648,59.87018],[30.17869,59.86873],[30.17977,59.8684],[30.18069,59.86713],[30.18228,59.86668],[30.18407,59.8668],[30.18502,59.86656],[30.18612,59.86726],[30.18889,59.86761],[30.19118,59.86758],[30.19518,59.86791],[30.20007,59.86902],[30.20316,59.86831],[30.205,59.8672],[30.21107,59.86549],[30.19759,59.85047],[30.19742,59.85009],[30.19709,59.84589],[30.16574,59.84653],[30.14333,59.84698],[30.13107,59.84726],[30.13016,59.84733],[30.12494,59.84872],[30.12561,59.84957],[30.12568,59.85093],[30.12515,59.8562],[30.12579,59.85785],[30.125,59.85877],[30.12507,59.85944],[30.11983,59.85951],[30.11987,59.85995],[30.11779,59.85993],[30.11775,59.86194],[30.11814,59.86274],[30.12669,59.86259],[30.13178,59.86261],[30.13273,59.86174],[30.13522,59.86181],[30.13851,59.86219],[30.13979,59.86251],[30.13979,59.86303],[30.14225,59.86365],[30.14212,59.86389],[30.14809,59.86563],[30.14939,59.86641],[30.15106,59.8678],[30.15252,59.86939],[30.15357,59.86952],[30.15532,59.87074],[30.15496,59.87123],[30.15557,59.87189],[30.16257,59.87037],[30.16366,59.87115],[30.16643,59.87126],[30.17062,59.87047],[30.17067,59.86976],[30.17184,59.86958],[30.17293,59.87052],[30.17563,59.87035]]]]}},
{"type":"Feature","properties":{"territory_id":2406,"name":"внутригородская территория города федерального значения муниципальный округ Сосновая поляна","region_name":"Санкт-Петербург","in_sample":true,"city":"spb"},"geometry":{"type":"MultiPolygon","coordinates":[[[[30.16122,59.83382],[30.15247,59.83516],[30.14926,59.83544],[30.1288,59.83543],[30.12361,59.83538],[30.12386,59.83066],[30.12416,59.82897],[30.12506,59.82787],[30.12784,59.82684],[30.12774,59.8266],[30.1216,59.82733],[30.1122,59.82894],[30.10729,59.82995],[30.10144,59.83588],[30.09669,59.8366],[30.09155,59.83593],[30.09052,59.85265],[30.09039,59.85285],[30.09523,59.85383],[30.0964,59.85385],[30.10057,59.85341],[30.1006,59.85398],[30.0984,59.85533],[30.09867,59.8581],[30.09855,59.85892],[30.09852,59.86353],[30.09959,59.86402],[30.10114,59.86424],[30.10186,59.86383],[30.10628,59.86277],[30.10706,59.86357],[30.1088,59.86322],[30.11094,59.86224],[30.11394,59.86192],[30.1139,59.86284],[30.11623,59.8629],[30.11669,59.86193],[30.11682,59.85925],[30.11748,59.85871],[30.11717,59.85979],[30.11714,59.86156],[30.11814,59.86274],[30.11775,59.86194],[30.11779,59.85993],[30.11987,59.85995],[30.11983,59.85951],[30.12507,59.85944],[30.125,59.85877],[30.12579,59.85785],[30.12515,59.8562],[30.12568,59.85093],[30.12561,59.84957],[30.12494,59.84872],[30.13016,59.84733],[30.13107,59.84726],[30.14333,59.84698],[30.16574,59.84653],[30.16556,59.84304],[30.16418,59.84229],[30.16395,59.84138],[30.1648,59.84059],[30.16505,59.83961],[30.16356,59.83739],[30.16167,59.8358],[30.16111,59.83491],[30.16122,59.83382]]]]}},
{"type":"Feature","properties":{"territory_id":2407,"name":"внутригородская территория города федерального значения муниципальный округ Урицк","region_name":"Санкт-Петербург","in_sample":true,"city":"spb"},"geometry":{"type":"MultiPolygon","coordinates":[[[[30.19709,59.84589],[30.21219,59.84561],[30.20801,59.84276],[30.20489,59.84061],[30.19343,59.83215],[30.19193,59.8308],[30.18719,59.82605],[30.18359,59.82289],[30.18172,59.82255],[30.17764,59.8229],[30.17718,59.82239],[30.17442,59.82241],[30.17201,59.82208],[30.17066,59.82244],[30.16943,59.82355],[30.16564,59.82375],[30.16557,59.8255],[30.16514,59.82646],[30.16415,59.82706],[30.16374,59.82805],[30.16393,59.82955],[30.16303,59.83027],[30.16426,59.83131],[30.16413,59.83179],[30.16192,59.83244],[30.16106,59.83326],[30.16122,59.83382],[30.16111,59.83491],[30.16167,59.8358],[30.16356,59.83739],[30.16505,59.83961],[30.1648,59.84059],[30.16395,59.84138],[30.16418,59.84229],[30.16556,59.84304],[30.16574,59.84653],[30.19709,59.84589]]]]}},
{"type":"Feature","properties":{"territory_id":2408,"name":"внутригородская территория города федерального значения муниципальный округ Константиновское","region_name":"Санкт-Петербург","in_sample":true,"city":"spb"},"geometry":{"type":"MultiPolygon","coordinates":[[[[30.12769,59.80907],[30.10468,59.8173],[30.09097,59.81486],[30.08589,59.81614],[30.07529,59.81523],[30.07458,59.81829],[30.07069,59.83423],[30.06974,59.83842],[30.08359,59.83515],[30.08607,59.83461],[30.08671,59.83532],[30.09155,59.83593],[30.09669,59.8366],[30.10144,59.83588],[30.10729,59.82995],[30.1122,59.82894],[30.1216,59.82733],[30.12774,59.8266],[30.12784,59.82684],[30.12506,59.82787],[30.12416,59.82897],[30.12386,59.83066],[30.12361,59.83538],[30.1288,59.83543],[30.14926,59.83544],[30.15247,59.83516],[30.16122,59.83382],[30.16106,59.83326],[30.16192,59.83244],[30.16413,59.83179],[30.16426,59.83131],[30.16303,59.83027],[30.16393,59.82955],[30.16374,59.82805],[30.16415,59.82706],[30.16514,59.82646],[30.16557,59.8255],[30.16564,59.82375],[30.16943,59.82355],[30.17066,59.82244],[30.16751,59.8211],[30.16614,59.82012],[30.16394,59.81791],[30.1627,59.81385],[30.16202,59.81255],[30.16066,59.81112],[30.1499,59.8013],[30.12778,59.80916],[30.12769,59.80907]]]]}},
{"type":"Feature","properties":{"territory_id":2409,"name":"внутригородская территория города федерального значения муниципальный округ Горелово","region_name":"Санкт-Петербург","in_sample":true,"city":"spb"},"geometry":{"type":"MultiPolygon","coordinates":[[[[30.21149,59.79769],[30.20518,59.7965],[30.20123,59.79549],[30.19234,59.79273],[30.18892,59.79148],[30.18451,59.79103],[30.18136,59.79113],[30.17962,59.79078],[30.17753,59.79152],[30.17982,59.79349],[30.17656,59.79605],[30.15932,59.80117],[30.15643,59.79893],[30.14993,59.80093],[30.12951,59.7825],[30.13326,59.782],[30.13783,59.78601],[30.13995,59.78537],[30.14393,59.78872],[30.15402,59.79688],[30.15543,59.79678],[30.16019,59.79688],[30.16281,59.79627],[30.15886,59.79257],[30.15941,59.79238],[30.15929,59.79083],[30.15869,59.78997],[30.15901,59.78804],[30.1581,59.78752],[30.15527,59.78708],[30.15404,59.78622],[30.15557,59.78585],[30.1551,59.78488],[30.15307,59.78329],[30.14993,59.78053],[30.14743,59.77798],[30.14851,59.77729],[30.14599,59.77438],[30.15278,59.77175],[30.14169,59.76117],[30.12216,59.76204],[30.11663,59.76218],[30.11666,59.76184],[30.11587,59.7623],[30.11218,59.76232],[30.11015,59.76264],[30.09641,59.75689],[30.08161,59.75026],[30.07614,59.74792],[30.07088,59.74974],[30.06399,59.74989],[30.06284,59.75106],[30.06248,59.75213],[30.06826,59.75273],[30.06653,59.75527],[30.07199,59.75527],[30.07185,59.75599],[30.07036,59.75597],[30.06987,59.75685],[30.06197,59.75701],[30.06201,59.75769],[30.06033,59.76207],[30.05636,59.76172],[30.05596,59.76328],[30.04382,59.76239],[30.04334,59.76418],[30.04535,59.76553],[30.05638,59.76606],[30.07827,59.77319],[30.08463,59.77573],[30.08393,59.7786],[30.09074,59.78142],[30.09142,59.78207],[30.09705,59.78273],[30.09627,59.78337],[30.09795,59.78393],[30.09784,59.78435],[30.09883,59.78624],[30.09821,59.79004],[30.09878,59.7955],[30.09929,59.79631],[30.1052,59.79694],[30.10561,59.79736],[30.1049,59.80286],[30.11002,59.80326],[30.12342,59.80446],[30.12769,59.80907],[30.12778,59.80916],[30.1499,59.8013],[30.16066,59.81112],[30.16202,59.81255],[30.1627,59.81385],[30.16394,59.81791],[30.16614,59.82012],[30.16751,59.8211],[30.17066,59.82244],[30.17201,59.82208],[30.17442,59.82241],[30.17718,59.82239],[30.17764,59.8229],[30.18172,59.82255],[30.18359,59.82289],[30.19772,59.82257],[30.20277,59.82275],[30.20953,59.82331],[30.222,59.82441],[30.22723,59.82514],[30.23154,59.82598],[30.24805,59.83005],[30.25434,59.83155],[30.26855,59.83494],[30.26467,59.83272],[30.24751,59.82267],[30.24457,59.81914],[30.23999,59.81303],[30.23718,59.81276],[30.22752,59.8133],[30.22422,59.81219],[30.22385,59.80881],[30.22235,59.80858],[30.21934,59.80263],[30.21723,59.8023],[30.2176,59.80163],[30.21057,59.80218],[30.20009,59.80369],[30.19877,59.80161],[30.19987,59.80138],[30.20026,59.79965],[30.21047,59.79779],[30.21149,59.79769]]]]}},
{"type":"Feature","properties":{"territory_id":2410,"name":"внутригородская территория города федерального значения город Кронштадт","region_name":"Санкт-Петербург","in_sample":true,"city":"spb"},"geometry":{"type":"MultiPolygon","coordinates":[[[[29.67304,59.93736],[29.6705,59.93764],[29.67197,59.94177],[29.67243,59.94208],[29.67504,59.94849],[29.67483,59.94865],[29.67701,59.95423],[29.67822,59.95689],[29.67891,59.95914],[29.67975,59.96109],[29.68315,59.9699],[29.68366,59.97163],[29.68452,59.97324],[29.6849,59.97507],[29.68644,59.97923],[29.68743,59.9813],[29.68731,59.98396],[29.68979,59.98766],[29.68912,59.9886],[29.68773,59.98917],[29.68702,59.99015],[29.68713,59.99073],[29.68822,59.9903],[29.68958,59.98925],[29.69258,59.98967],[29.69246,59.99037],[29.69394,59.99257],[29.69506,59.99348],[29.69215,59.99455],[29.6907,59.9938],[29.68979,59.99388],[29.69033,59.99452],[29.69868,59.99867],[29.69938,59.99948],[29.698,60.00282],[29.697,60.00428],[29.69348,60.00726],[29.6916,60.00966],[29.69007,60.01189],[29.68669,60.01494],[29.6855,60.01638],[29.68362,60.01803],[29.68034,60.02008],[29.67948,60.02036],[29.67652,60.02239],[29.67458,60.02317],[29.67315,60.02326],[29.6726,60.02383],[29.66989,60.02508],[29.66682,60.02573],[29.66227,60.02569],[29.65981,60.02652],[29.65774,60.02773],[29.65632,60.02819],[29.65486,60.02822],[29.65161,60.02774],[29.65039,60.02796],[29.64673,60.02978],[29.64403,60.03049],[29.64232,60.03014],[29.64054,60.03091],[29.63832,60.03145],[29.63616,60.03141],[29.63561,60.03059],[29.63464,60.03048],[29.63413,60.03166],[29.63622,60.03293],[29.63886,60.03356],[29.64067,60.0324],[29.64697,60.03137],[29.65041,60.03153],[29.65333,60.03023],[29.65537,60.02982],[29.6604,60.02929],[29.66295,60.02927],[29.66573,60.02853],[29.66986,60.02874],[29.67119,60.02812],[29.6737,60.02857],[29.6733,60.02898],[29.67442,60.02935],[29.67552,60.02881],[29.67683,60.02903],[29.67864,60.02764],[29.68049,60.02736],[29.68246,60.02667],[29.68822,60.02616],[29.69068,60.02538],[29.69313,60.02429],[29.69459,60.02453],[29.69732,60.02396],[29.69836,60.0234],[29.69923,60.02241],[29.70223,60.02281],[29.7052,60.02211],[29.7059,60.02241],[29.70849,60.02167],[29.70927,60.02194],[29.71129,60.02129],[29.71453,60.02118],[29.71726,60.02071],[29.71978,60.02093],[29.7207,60.01986],[29.72481,60.01902],[29.7256,60.01867],[29.73226,60.02022],[29.73825,60.02106],[29.74289,60.0212],[29.74459,60.02172],[29.74608,60.02601],[29.7473,60.02708],[29.74958,60.02799],[29.75311,60.02893],[29.75279,60.02959],[29.7574,60.03053],[29.75938,60.03036],[29.76032,60.0297],[29.75984,60.0294],[29.75766,60.02956],[29.75425,60.0291],[29.75216,60.02826],[29.74947,60.02767],[29.74749,60.02681],[29.74651,60.02584],[29.74524,60.02154],[29.74582,60.0213],[29.77173,60.0218],[29.77801,60.02208],[29.77812,60.02175],[29.78292,60.02186],[29.783,60.02221],[29.78779,60.0222],[29.79311,60.02258],[29.80064,60.0233],[29.80478,60.02381],[29.81118,60.02439],[29.81863,60.02527],[29.81986,60.02563],[29.82395,60.02602],[29.83001,60.02838],[29.83474,60.02897],[29.84057,60.02777],[29.84517,60.02807],[29.85156,60.02827],[29.86254,60.02924],[29.86311,60.02893],[29.86769,60.02936],[29.86768,60.02968],[29.87061,60.02988],[29.89955,60.03252],[29.90147,60.03292],[29.90339,60.033],[29.90359,60.03268],[29.90828,60.03312],[29.9083,60.03348],[29.91158,60.03365],[29.91695,60.03416],[29.91878,60.03444],[29.92242,60.03464],[29.94561,60.03676],[29.94731,60.03711],[29.94941,60.03725],[29.94981,60.03602],[29.94736,60.03601],[29.92981,60.03441],[29.923,60.03367],[29.9213,60.03252],[29.92267,60.03193],[29.92195,60.03162],[29.91925,60.03186],[29.91744,60.03059],[29.91601,60.03076],[29.916,60.03148],[29.91763,60.03217],[29.91638,60.03272],[29.90881,60.03229],[29.90844,60.0327],[29.90375,60.03226],[29.90378,60.03185],[29.90013,60.0316],[29.88536,60.0302],[29.87894,60.02965],[29.87065,60.02885],[29.86813,60.02852],[29.86786,60.0289],[29.86328,60.02848],[29.86326,60.02804],[29.85699,60.02751],[29.84674,60.02635],[29.84554,60.02632],[29.8412,60.02542],[29.83992,60.02427],[29.83891,60.02392],[29.8334,60.02336],[29.83301,60.02315],[29.82989,60.02334],[29.82415,60.02278],[29.823,60.02215],[29.82177,60.02282],[29.82056,60.02291],[29.81902,60.02243],[29.81802,60.02287],[29.81736,60.02371],[29.8159,60.02372],[29.8057,60.02284],[29.79052,60.02144],[29.78727,60.02131],[29.78315,60.02092],[29.78296,60.02143],[29.77815,60.02132],[29.77804,60.02083],[29.77534,60.02087],[29.76698,60.02054],[29.76525,60.02014],[29.76194,60.01878],[29.75965,60.01738],[29.75894,60.01672],[29.758,60.01459],[29.75737,60.01567],[29.75624,60.01467],[29.75481,60.01407],[29.75349,60.01294],[29.75252,60.01151],[29.75243,60.01218],[29.75125,60.01187],[29.74863,60.01069],[29.74965,60.01005],[29.75121,60.0101],[29.75147,60.0093],[29.75432,60.00917],[29.75273,60.00861],[29.75352,60.00819],[29.75548,60.00841],[29.75579,60.00768],[29.75724,60.00792],[29.7565,60.00841],[29.75924,60.00825],[29.75936,60.00753],[29.76192,60.00782],[29.76342,60.00742],[29.76288,60.00809],[29.76558,60.00717],[29.76571,60.00656],[29.76836,60.0052],[29.76926,60.00448],[29.76832,60.00417],[29.76959,60.00343],[29.77254,60.00344],[29.7728,60.00292],[29.77442,60.0037],[29.77462,60.00319],[29.77302,60.00242],[29.77294,60.00152],[29.77379,60.00242],[29.77604,60.0033],[29.77612,60.00284],[29.77377,60.00154],[29.77415,60.00134],[29.77574,60.00238],[29.77631,60.00203],[29.77406,60.00069],[29.77436,60.00056],[29.77638,60.00177],[29.77705,60.00127],[29.778,60.00199],[29.77794,60.0014],[29.77897,60.00057],[29.77856,60.00025],[29.78143,59.99894],[29.78028,59.9975],[29.78139,59.99646],[29.78589,59.99526],[29.78848,59.99506],[29.79145,59.99332],[29.79357,59.99291],[29.79565,59.9918],[29.79847,59.99129],[29.79977,59.9897],[29.79905,59.98846],[29.79985,59.98712],[29.80135,59.98521],[29.80415,59.98459],[29.80349,59.98387],[29.80092,59.98435],[29.79794,59.9845],[29.79479,59.98563],[29.79248,59.98413],[29.79138,59.9843],[29.79103,59.98375],[29.7932,59.9833],[29.79309,59.98223],[29.79478,59.98168],[29.79368,59.98045],[29.79382,59.97938],[29.79302,59.97905],[29.79306,59.97805],[29.79242,59.97924],[29.78981,59.97917],[29.78689,59.9789],[29.78499,59.97851],[29.78574,59.97743],[29.79033,59.97395],[29.7926,59.97339],[29.79175,59.97256],[29.79042,59.97214],[29.78886,59.97214],[29.78507,59.97091],[29.78442,59.97023],[29.78421,59.97106],[29.77879,59.97547],[29.77786,59.97548],[29.77787,59.97624],[29.77575,59.97798],[29.77471,59.97793],[29.77463,59.97848],[29.77072,59.97929],[29.76919,59.97898],[29.76849,59.97974],[29.76451,59.98057],[29.76302,59.98028],[29.76249,59.98099],[29.75843,59.98186],[29.75723,59.98157],[29.7572,59.98214],[29.7526,59.98307],[29.75247,59.98597],[29.75221,59.98743],[29.75086,59.98796],[29.75236,59.98877],[29.75282,59.99098],[29.75088,59.99192],[29.74932,59.99308],[29.74625,59.99376],[29.74071,59.99332],[29.73694,59.99061],[29.73673,59.99067],[29.74008,59.99309],[29.73933,59.99382],[29.73361,59.99516],[29.73342,59.99532],[29.73501,59.99702],[29.73843,59.99671],[29.73992,59.99786],[29.73968,59.99938],[29.73837,60.00019],[29.73652,59.99996],[29.73442,60.00048],[29.73307,60.00118],[29.73222,60.00113],[29.73058,60.00163],[29.72928,60.0013],[29.7285,60.00193],[29.7267,60.00262],[29.72467,60.00278],[29.72402,60.00331],[29.72226,60.00325],[29.72222,60.00415],[29.71924,60.00448],[29.71784,60.00516],[29.71633,60.00511],[29.71589,60.00475],[29.71285,60.00559],[29.71128,60.00445],[29.70901,60.00233],[29.70878,60.00238],[29.70538,59.99917],[29.70337,59.99772],[29.70391,59.99675],[29.70352,59.996],[29.70257,59.9958],[29.70317,59.99488],[29.70537,59.99451],[29.70713,59.99446],[29.70688,59.9937],[29.70507,59.9932],[29.70379,59.99174],[29.70305,59.99202],[29.70443,59.99346],[29.70184,59.99443],[29.70001,59.99568],[29.6985,59.9929],[29.6986,59.99195],[29.69685,59.98969],[29.69633,59.98804],[29.69744,59.98786],[29.69954,59.98838],[29.7008,59.98834],[29.6999,59.98791],[29.69713,59.98724],[29.69594,59.98563],[29.69283,59.98217],[29.68984,59.98064],[29.68823,59.97692],[29.68837,59.97657],[29.68507,59.96818],[29.68408,59.96613],[29.68346,59.96415],[29.6822,59.96097],[29.68142,59.95968],[29.6814,59.95879],[29.67825,59.95046],[29.6776,59.94978],[29.67638,59.94682],[29.67653,59.94627],[29.67564,59.94375],[29.67488,59.94315],[29.67427,59.94048],[29.67304,59.93736]]],[[[29.71688,59.97379],[29.71549,59.9745],[29.71703,59.97505],[29.71854,59.97457],[29.71826,59.9741],[29.71688,59.97379]]],[[[29.71732,59.98925],[29.71701,59.98979],[29.71819,59.99002],[29.71838,59.9891],[29.71732,59.98925]]],[[[29.75245,59.97898],[29.75165,59.97917],[29.74727,59.97863],[29.74541,59.97897],[29.7464,59.98041],[29.74843,59.98033],[29.74912,59.98073],[29.75245,59.97898]]],[[[29.87153,60.02198],[29.8739,60.02282],[29.87634,60.02269],[29.87725,60.02233],[29.87646,60.0219],[29.87413,60.0222],[29.87167,60.02138],[29.87153,60.02198]]],[[[29.84845,60.02085],[29.84719,60.02083],[29.84707,60.02124],[29.84503,60.02154],[29.84587,60.02198],[29.84748,60.02216],[29.84981,60.022],[29.8505,60.02148],[29.84852,60.02132],[29.84845,60.02085]]],[[[29.71445,60.05682],[29.71464,60.05757],[29.71928,60.05956],[29.7272,60.06073],[29.72912,60.06049],[29.7287,60.06007],[29.72727,60.06],[29.7238,60.05945],[29.72353,60.0596],[29.71979,60.05895],[29.71689,60.05783],[29.71711,60.05761],[29.71445,60.05682]]],[[[29.89552,60.02694],[29.89358,60.02677],[29.89361,60.02737],[29.89556,60.02814],[29.89779,60.02829],[29.89876,60.02783],[29.89717,60.02746],[29.89753,60.02696],[29.89605,60.02654],[29.89552,60.02694]]],[[[29.7029,59.9485],[29.7024,59.94926],[29.70317,59.95019],[29.70497,59.95062],[29.70558,59.95012],[29.70423,59.94969],[29.7029,59.9485]]],[[[29.84487,60.08325],[29.84534,60.08461],[29.84873,60.0871],[29.85172,60.08806],[29.85301,60.08752],[29.84925,60.08651],[29.8464,60.08446],[29.84636,60.08334],[29.84487,60.08325]]],[[[29.70317,59.95721],[29.70372,59.95824],[29.70527,59.95857],[29.70582,59.95814],[29.70464,59.95704],[29.70317,59.95721]]],[[[29.73398,59.98941],[29.73309,59.98914],[29.73164,59.99012],[29.73263,59.99048],[29.73441,59.99009],[29.73615,59.99025],[29.73518,59.98919],[29.73398,59.98941]]],[[[29.54331,60.04241],[29.54218,60.04221],[29.54222,60.04281],[29.54331,60.04241]]],[[[29.78885,60.02878],[29.79187,60.02867],[29.79323,60.02799],[29.79246,60.02762],[29.79058,60.02818],[29.78936,60.028],[29.78827,60.02828],[29.78885,60.02878]]],[[[29.69508,59.97166],[29.69467,59.97241],[29.69529,59.97323],[29.69681,59.97291],[29.69592,59.97157],[29.69508,59.97166]]]]}},
{"type":"Feature","properties":{"territory_id":2411,"name":"внутригородская территория города федерального значения город Зеленогорск","region_name":"Санкт-Петербург","in_sample":true,"city":"spb"},"geometry":{"type":"MultiPolygon","coordinates":[[[[29.77984,60.22517],[29.77454,60.2197],[29.77352,60.21599],[29.77207,60.21491],[29.7717,60.21396],[29.77341,60.21345],[29.77527,60.21357],[29.7776,60.21336],[29.77967,60.21175],[29.78085,60.21108],[29.76625,60.19281],[29.76892,60.19228],[29.76005,60.18142],[29.75584,60.18185],[29.75225,60.18264],[29.75024,60.18268],[29.74858,60.18244],[29.74377,60.18322],[29.74153,60.18337],[29.7383,60.18424],[29.73545,60.18449],[29.73218,60.18507],[29.73172,60.18497],[29.7267,60.18555],[29.72476,60.18604],[29.72062,60.18651],[29.7164,60.18662],[29.71508,60.18644],[29.71317,60.18692],[29.70836,60.18727],[29.70194,60.18724],[29.70201,60.18769],[29.7002,60.18776],[29.70006,60.1867],[29.69741,60.18731],[29.69223,60.18807],[29.6899,60.18787],[29.68863,60.1882],[29.68222,60.18872],[29.67648,60.18989],[29.67222,60.18985],[29.67047,60.19008],[29.66687,60.19021],[29.66438,60.18984],[29.66427,60.1894],[29.66085,60.19012],[29.65785,60.19054],[29.654,60.19023],[29.65251,60.19045],[29.65094,60.19032],[29.64484,60.19134],[29.64174,60.19126],[29.63834,60.19159],[29.63859,60.19241],[29.63929,60.19231],[29.64058,60.19474],[29.63721,60.19621],[29.63522,60.20167],[29.63142,60.21162],[29.63467,60.21172],[29.63694,60.21211],[29.6389,60.21269],[29.64402,60.21078],[29.64785,60.20984],[29.64877,60.2098],[29.65088,60.21043],[29.65224,60.21217],[29.65347,60.21249],[29.65647,60.214],[29.64852,60.21556],[29.6609,60.22845],[29.66548,60.22842],[29.6739,60.23705],[29.67756,60.23692],[29.67915,60.23775],[29.68084,60.23825],[29.68243,60.23998],[29.68317,60.24047],[29.69515,60.23999],[29.6999,60.24484],[29.70266,60.24457],[29.70273,60.2443],[29.70651,60.24394],[29.70655,60.24264],[29.7083,60.24121],[29.70833,60.23981],[29.70598,60.23901],[29.70555,60.23847],[29.70303,60.23719],[29.70123,60.23717],[29.69947,60.2363],[29.69758,60.23664],[29.69525,60.23474],[29.69867,60.23281],[29.70089,60.23238],[29.70529,60.23038],[29.70504,60.22979],[29.70847,60.22807],[29.71185,60.22683],[29.7199,60.22592],[29.71998,60.22744],[29.72046,60.2283],[29.71797,60.2297],[29.7155,60.23077],[29.71504,60.23203],[29.71415,60.23261],[29.7175,60.23393],[29.7164,60.23478],[29.71751,60.23524],[29.71412,60.23652],[29.71412,60.23738],[29.71276,60.23954],[29.7097,60.2398],[29.71339,60.24147],[29.71486,60.24163],[29.71939,60.2414],[29.72161,60.24171],[29.7247,60.24092],[29.72595,60.24039],[29.7296,60.23979],[29.73463,60.23968],[29.74564,60.24196],[29.75802,60.2427],[29.75979,60.23699],[29.77106,60.23305],[29.77058,60.23036],[29.7726,60.22878],[29.77549,60.22706],[29.77602,60.2265],[29.77774,60.22575],[29.77984,60.22517]]]]}},
{"type":"Feature","properties":{"territory_id":2412,"name":"внутригородская территория города федерального значения город Сестрорецк","region_name":"Санкт-Петербург","in_sample":true,"city":"spb"},"geometry":{"type":"MultiPolygon","coordinates":[[[[30.07276,60.09727],[30.07078,60.09625],[30.07421,60.09397],[30.07689,60.09045],[30.08328,60.08815],[30.08719,60.08688],[30.09454,60.08532],[30.1028,60.08085],[30.11211,60.07267],[30.11602,60.07188],[30.11913,60.07001],[30.13322,60.07264],[30.13543,60.07061],[30.13814,60.06631],[30.13798,60.06542],[30.13602,60.06437],[30.13589,60.06331],[30.13617,60.06142],[30.13602,60.06017],[30.13526,60.05968],[30.12825,60.05786],[30.12628,60.05747],[30.12618,60.05632],[30.13563,60.05761],[30.13486,60.05616],[30.13451,60.05421],[30.13125,60.05112],[30.13413,60.04874],[30.13353,60.04741],[30.13405,60.04684],[30.13616,60.04662],[30.13682,60.04627],[30.1391,60.0463],[30.14182,60.04544],[30.14148,60.04438],[30.13907,60.04333],[30.13823,60.04193],[30.139,60.04065],[30.14136,60.03987],[30.14159,60.03935],[30.14305,60.03837],[30.1426,60.03726],[30.14425,60.03645],[30.14469,60.03603],[30.14629,60.0359],[30.14619,60.03472],[30.1336,60.03422],[30.11994,60.03358],[30.0791,60.02717],[30.07998,60.01679],[30.08061,60.01649],[30.08034,60.01388],[30.08,60.00758],[30.07963,60.00476],[30.07833,60.00341],[30.07659,60.00277],[30.07431,60.00253],[30.07168,60.00264],[30.05953,60.00443],[30.05403,60.0049],[30.04707,60.00606],[30.04244,60.00691],[30.04645,60.01082],[30.02591,60.01613],[30.02746,60.01768],[30.02218,60.01897],[30.02057,60.0175],[30.01121,60.01986],[30.01075,60.01985],[30.01011,60.02106],[30.0086,60.02279],[30.00667,60.02454],[30.00307,60.02657],[29.99521,60.02966],[29.98169,60.03476],[29.98006,60.03566],[29.97804,60.0377],[29.97556,60.04403],[29.97186,60.04337],[29.97092,60.04335],[29.9691,60.04403],[29.96842,60.04394],[29.96549,60.04488],[29.96407,60.04442],[29.9642,60.04334],[29.96327,60.04214],[29.96168,60.04132],[29.95417,60.03856],[29.95196,60.03926],[29.94938,60.0408],[29.94701,60.04242],[29.94389,60.04499],[29.94211,60.04678],[29.94058,60.04864],[29.93872,60.04991],[29.9389,60.05144],[29.93783,60.05433],[29.93737,60.05716],[29.93752,60.0601],[29.93828,60.06297],[29.93904,60.06469],[29.94019,60.06531],[29.94241,60.06535],[29.9448,60.06486],[29.95112,60.06269],[29.95582,60.06173],[29.95789,60.06102],[29.96289,60.05762],[29.96079,60.06089],[29.95736,60.06305],[29.95445,60.06371],[29.95303,60.06363],[29.95096,60.06458],[29.94807,60.06623],[29.94678,60.06623],[29.94385,60.06702],[29.94238,60.06762],[29.93839,60.06815],[29.93643,60.06912],[29.9377,60.06973],[29.94003,60.07003],[29.94226,60.07003],[29.94381,60.07067],[29.94688,60.07057],[29.94804,60.07095],[29.94735,60.07145],[29.94503,60.07136],[29.9412,60.07186],[29.93878,60.07273],[29.9359,60.0745],[29.93466,60.07546],[29.93243,60.07768],[29.93086,60.08013],[29.93014,60.08228],[29.93039,60.08349],[29.93096,60.08385],[29.92952,60.0845],[29.92982,60.08579],[29.93142,60.08631],[29.93236,60.08695],[29.93231,60.08756],[29.92833,60.08718],[29.92351,60.08746],[29.92191,60.08812],[29.92032,60.08834],[29.91923,60.08888],[29.91986,60.08994],[29.92207,60.09084],[29.92429,60.09123],[29.92978,60.0919],[29.93216,60.0925],[29.93326,60.09241],[29.9374,60.09382],[29.93866,60.09462],[29.94035,60.09623],[29.94193,60.09736],[29.94395,60.09925],[29.9456,60.10165],[29.94593,60.10295],[29.94605,60.10614],[29.94546,60.11019],[29.94546,60.1114],[29.94343,60.11808],[29.94164,60.12085],[29.9404,60.12379],[29.93913,60.12544],[29.93871,60.12674],[29.93724,60.12875],[29.93502,60.13289],[29.94474,60.13314],[29.94556,60.13155],[29.94814,60.13179],[29.94897,60.13264],[29.94932,60.13546],[29.95039,60.13686],[29.95341,60.13845],[29.9577,60.14249],[29.96667,60.14006],[29.9687,60.13969],[29.97249,60.13927],[29.97747,60.13821],[29.98073,60.13671],[29.9842,60.13551],[29.98768,60.13377],[29.98888,60.13252],[29.99003,60.1326],[29.99119,60.1309],[29.99005,60.12982],[29.98814,60.12965],[29.98689,60.12916],[29.98754,60.12854],[29.98974,60.12839],[29.99041,60.12792],[29.9878,60.12759],[29.98723,60.1272],[29.98799,60.12629],[29.98663,60.12567],[29.98587,60.12395],[29.98364,60.1226],[29.98232,60.12231],[29.97989,60.12118],[29.97922,60.11997],[29.97823,60.11903],[29.97902,60.11882],[29.98072,60.11755],[29.98284,60.11752],[29.98274,60.117],[29.98116,60.11584],[29.9819,60.11509],[29.98042,60.11396],[29.98072,60.11332],[29.97972,60.11258],[29.98009,60.11072],[29.9815,60.11017],[29.98297,60.10845],[29.9854,60.10686],[29.98573,60.10798],[29.98813,60.10888],[29.98963,60.10906],[29.99076,60.10819],[29.9938,60.10827],[29.99691,60.10758],[30.00053,60.10442],[30.00156,60.10376],[30.00413,60.1016],[30.00538,60.09978],[30.00673,60.09879],[30.01124,60.09714],[30.0137,60.09653],[30.01545,60.09634],[30.01892,60.09564],[30.02028,60.09657],[30.02178,60.09701],[30.02326,60.09693],[30.02486,60.09757],[30.02652,60.09731],[30.02927,60.09603],[30.03059,60.09516],[30.03254,60.09432],[30.03549,60.09394],[30.03856,60.09431],[30.03997,60.09514],[30.04215,60.09582],[30.0416,60.09614],[30.04325,60.09788],[30.04411,60.09822],[30.04472,60.09924],[30.04618,60.09995],[30.04774,60.1028],[30.04865,60.10406],[30.05062,60.1046],[30.0527,60.10345],[30.05293,60.10192],[30.05222,60.10047],[30.05591,60.10033],[30.0607,60.10036],[30.06418,60.10014],[30.06644,60.09965],[30.07276,60.09727]]]]}},
{"type":"Feature","properties":{"territory_id":2413,"name":"внутригородская территория города федерального значения поселок Белоостров","region_name":"Санкт-Петербург","in_sample":false,"city":"spb"},"geometry":{"type":"MultiPolygon","coordinates":[[[[29.96138,60.17664],[29.96249,60.17673],[29.96436,60.17618],[29.96446,60.17522],[29.96569,60.17578],[29.96672,60.17451],[29.96803,60.1749],[29.96933,60.17451],[29.97019,60.17367],[29.97154,60.17345],[29.97234,60.17388],[29.97325,60.17298],[29.97405,60.17376],[29.97598,60.17291],[29.97516,60.1722],[29.97766,60.17177],[29.98092,60.17243],[29.98149,60.17118],[29.98253,60.17138],[29.98141,60.17032],[29.9827,60.16999],[29.98316,60.16945],[29.98392,60.17026],[29.98481,60.16909],[29.98399,60.16821],[29.98365,60.16862],[29.98261,60.16834],[29.98224,60.16726],[29.98442,60.16772],[29.98559,60.16747],[29.98604,60.16826],[29.98684,60.16806],[29.98497,60.16685],[29.98526,60.16644],[29.98752,60.16641],[29.98642,60.16556],[29.98796,60.16532],[29.98811,60.16484],[29.99011,60.1641],[29.98975,60.1637],[29.99255,60.16353],[29.99212,60.16305],[29.99413,60.16323],[29.99518,60.16301],[29.995,60.16235],[29.99787,60.16206],[29.99926,60.16111],[29.99966,60.16192],[30.00092,60.16139],[30.00146,60.16184],[30.00291,60.16568],[30.00732,60.165],[30.00871,60.16431],[30.00736,60.16247],[30.01013,60.15955],[30.01193,60.15877],[30.01246,60.15633],[30.01855,60.15431],[30.02097,60.15218],[30.02062,60.15101],[30.01802,60.14429],[30.05955,60.13602],[30.06789,60.13587],[30.06734,60.12672],[30.06713,60.12149],[30.07288,60.11938],[30.06674,60.11657],[30.06297,60.11628],[30.06223,60.11537],[30.0587,60.11312],[30.05563,60.11261],[30.05462,60.1122],[30.05255,60.10945],[30.05283,60.10803],[30.05042,60.10629],[30.0502,60.10534],[30.05062,60.1046],[30.04865,60.10406],[30.04774,60.1028],[30.04618,60.09995],[30.04472,60.09924],[30.04411,60.09822],[30.04325,60.09788],[30.0416,60.09614],[30.04215,60.09582],[30.03997,60.09514],[30.03856,60.09431],[30.03549,60.09394],[30.03254,60.09432],[30.03059,60.09516],[30.02927,60.09603],[30.02652,60.09731],[30.02486,60.09757],[30.02326,60.09693],[30.02178,60.09701],[30.02028,60.09657],[30.01892,60.09564],[30.01545,60.09634],[30.0137,60.09653],[30.01124,60.09714],[30.00673,60.09879],[30.00538,60.09978],[30.00413,60.1016],[30.00156,60.10376],[30.00053,60.10442],[29.99691,60.10758],[29.9938,60.10827],[29.99076,60.10819],[29.98963,60.10906],[29.98813,60.10888],[29.98573,60.10798],[29.9854,60.10686],[29.98297,60.10845],[29.9815,60.11017],[29.98009,60.11072],[29.97972,60.11258],[29.98072,60.11332],[29.98042,60.11396],[29.9819,60.11509],[29.98116,60.11584],[29.98274,60.117],[29.98284,60.11752],[29.98072,60.11755],[29.97902,60.11882],[29.97823,60.11903],[29.97922,60.11997],[29.97989,60.12118],[29.98232,60.12231],[29.98364,60.1226],[29.98587,60.12395],[29.98663,60.12567],[29.98799,60.12629],[29.98723,60.1272],[29.9878,60.12759],[29.99041,60.12792],[29.98974,60.12839],[29.98754,60.12854],[29.98689,60.12916],[29.98814,60.12965],[29.99005,60.12982],[29.99119,60.1309],[29.99003,60.1326],[29.98888,60.13252],[29.98768,60.13377],[29.98749,60.13415],[29.98853,60.13587],[29.98887,60.13808],[29.98858,60.13985],[29.98631,60.1416],[29.9817,60.1457],[29.97833,60.14897],[29.97579,60.15244],[29.97426,60.15591],[29.97388,60.15878],[29.97364,60.1623],[29.97322,60.16501],[29.9723,60.16721],[29.97136,60.1687],[29.96869,60.17155],[29.96586,60.17365],[29.96138,60.17664]]]]}},
{"type":"Feature","properties":{"territory_id":2414,"name":"внутригородская территория города федерального значения поселок Комарово","region_name":"Санкт-Петербург","in_sample":false,"city":"spb"},"geometry":{"type":"MultiPolygon","coordinates":[[[[29.76005,60.18142],[29.76892,60.19228],[29.76625,60.19281],[29.78085,60.21108],[29.77967,60.21175],[29.7776,60.21336],[29.77527,60.21357],[29.77341,60.21345],[29.7717,60.21396],[29.77207,60.21491],[29.77352,60.21599],[29.77454,60.2197],[29.77984,60.22517],[29.78331,60.22466],[29.78497,60.22323],[29.78568,60.22208],[29.7885,60.22198],[29.79295,60.22254],[29.79448,60.2224],[29.79784,60.22144],[29.80188,60.22125],[29.84912,60.19729],[29.85259,60.19637],[29.8484,60.19214],[29.85058,60.19142],[29.84847,60.18871],[29.84814,60.18865],[29.84506,60.1844],[29.84071,60.17875],[29.84054,60.17814],[29.83883,60.17592],[29.83499,60.17148],[29.81893,60.16957],[29.81781,60.16863],[29.81267,60.17007],[29.80855,60.1715],[29.8044,60.17267],[29.80376,60.17265],[29.8006,60.17381],[29.79797,60.17448],[29.79451,60.17562],[29.79083,60.17645],[29.78526,60.17708],[29.78091,60.17831],[29.77291,60.17997],[29.76646,60.18076],[29.76339,60.18095],[29.76005,60.18142]]]]}},
{"type":"Feature","properties":{"territory_id":2415,"name":"внутригородская территория города федерального значения поселок Молодежное","region_name":"Санкт-Петербург","in_sample":false,"city":"spb"},"geometry":{"type":"MultiPolygon","coordinates":[[[[29.54079,60.195],[29.54015,60.19479],[29.53898,60.1921],[29.5392,60.19137],[29.53854,60.19083],[29.53884,60.19263],[29.53775,60.19271],[29.53497,60.19122],[29.5349,60.19057],[29.53379,60.19018],[29.53228,60.19025],[29.52912,60.18954],[29.5287,60.18818],[29.52745,60.18671],[29.52686,60.18468],[29.526,60.18327],[29.52455,60.18294],[29.5221,60.18282],[29.51656,60.18194],[29.51511,60.18101],[29.51204,60.18062],[29.51076,60.18011],[29.50902,60.17989],[29.50625,60.17987],[29.50583,60.18148],[29.5043,60.18268],[29.50352,60.18288],[29.50881,60.18606],[29.50862,60.18655],[29.50596,60.18768],[29.50496,60.18894],[29.50263,60.18975],[29.50397,60.19087],[29.49443,60.19293],[29.49359,60.19332],[29.49246,60.19323],[29.49165,60.19244],[29.48979,60.19242],[29.48956,60.19285],[29.48739,60.19257],[29.48714,60.19343],[29.48499,60.19443],[29.48103,60.1946],[29.48011,60.19538],[29.47603,60.19605],[29.47402,60.19739],[29.47442,60.19756],[29.47302,60.19906],[29.47172,60.1989],[29.47163,60.19963],[29.46983,60.20007],[29.4684,60.2],[29.46568,60.20059],[29.4615,60.19982],[29.46039,60.19994],[29.45938,60.20102],[29.45793,60.20123],[29.45793,60.20175],[29.45694,60.20228],[29.45669,60.2033],[29.4548,60.20308],[29.45487,60.20464],[29.45248,60.20491],[29.45195,60.20537],[29.45554,60.20755],[29.4822,60.22101],[29.4848,60.22048],[29.49215,60.21985],[29.49574,60.2191],[29.49743,60.21853],[29.50227,60.21643],[29.50683,60.21387],[29.50953,60.21213],[29.51189,60.2113],[29.51812,60.2088],[29.5223,60.2099],[29.53149,60.21184],[29.53287,60.21028],[29.53433,60.21063],[29.53627,60.21062],[29.53711,60.21191],[29.53818,60.21236],[29.53993,60.21159],[29.53942,60.20989],[29.54116,60.20893],[29.54164,60.20781],[29.54353,60.2078],[29.54466,60.20729],[29.54578,60.20634],[29.54474,60.20535],[29.54649,60.20488],[29.54639,60.20455],[29.54388,60.20439],[29.54284,60.20332],[29.54417,60.20195],[29.5458,60.20182],[29.54911,60.20044],[29.54865,60.19986],[29.55082,60.19883],[29.55092,60.19782],[29.54827,60.19615],[29.54629,60.19585],[29.54534,60.19659],[29.54386,60.1967],[29.54185,60.19615],[29.54079,60.195]]]]}},
{"type":"Feature","properties":{"territory_id":2416,"name":"внутригородская территория города федерального значения поселок Песочный","region_name":"Санкт-Петербург","in_sample":true,"city":"spb"},"geometry":{"type":"MultiPolygon","coordinates":[[[[30.17336,60.11324],[30.13888,60.12004],[30.138,60.11898],[30.13867,60.11853],[30.13804,60.11781],[30.13769,60.11629],[30.1378,60.11485],[30.13868,60.11434],[30.13373,60.11218],[30.12741,60.11449],[30.1251,60.11358],[30.12391,60.11424],[30.11959,60.11261],[30.11471,60.11401],[30.11386,60.11448],[30.1123,60.11351],[30.11042,60.11339],[30.10866,60.1125],[30.10746,60.11142],[30.10904,60.10979],[30.1083,60.10868],[30.10944,60.10845],[30.109,60.10712],[30.11031,60.10686],[30.10623,60.10623],[30.1003,60.10644],[30.09653,60.10738],[30.09463,60.10672],[30.09283,60.10755],[30.0913,60.10734],[30.08864,60.10798],[30.08796,60.1076],[30.08512,60.10426],[30.07276,60.09727],[30.06644,60.09965],[30.06418,60.10014],[30.0607,60.10036],[30.05591,60.10033],[30.05222,60.10047],[30.05293,60.10192],[30.0527,60.10345],[30.05062,60.1046],[30.0502,60.10534],[30.05042,60.10629],[30.05283,60.10803],[30.05255,60.10945],[30.05462,60.1122],[30.05563,60.11261],[30.0587,60.11312],[30.06223,60.11537],[30.06297,60.11628],[30.06674,60.11657],[30.07288,60.11938],[30.06713,60.12149],[30.06734,60.12672],[30.06789,60.13587],[30.13189,60.13489],[30.14739,60.13437],[30.16077,60.12971],[30.16461,60.13004],[30.16694,60.13115],[30.16599,60.1316],[30.16908,60.1327],[30.16948,60.13207],[30.17161,60.13298],[30.17147,60.13388],[30.17433,60.13632],[30.17656,60.13589],[30.17578,60.13463],[30.17493,60.13421],[30.17373,60.13462],[30.17273,60.13344],[30.17309,60.13029],[30.17159,60.12877],[30.17307,60.12884],[30.1747,60.12936],[30.18332,60.12941],[30.18356,60.12742],[30.19326,60.12777],[30.19474,60.12154],[30.191,60.11997],[30.18943,60.11823],[30.19467,60.11819],[30.19531,60.11728],[30.18675,60.11741],[30.18157,60.11802],[30.17779,60.11881],[30.17336,60.11324]]]]}},
{"type":"Feature","properties":{"territory_id":2417,"name":"внутригородская территория города федерального значения поселок Репино","region_name":"Санкт-Петербург","in_sample":false,"city":"spb"},"geometry":{"type":"MultiPolygon","coordinates":[[[[29.85259,60.19637],[29.85364,60.19616],[29.85822,60.19661],[29.86092,60.19647],[29.86318,60.1967],[29.86553,60.19533],[29.86785,60.19525],[29.86868,60.19553],[29.87166,60.19381],[29.88461,60.19526],[29.89267,60.19509],[29.89413,60.19221],[29.89263,60.18909],[29.90531,60.18663],[29.90547,60.18583],[29.90927,60.18507],[29.92386,60.18241],[29.92569,60.18193],[29.91255,60.16525],[29.91396,60.16416],[29.9103,60.16217],[29.91025,60.16145],[29.90644,60.15954],[29.90444,60.15889],[29.90436,60.1582],[29.90022,60.15702],[29.90022,60.1562],[29.90177,60.15587],[29.9021,60.15513],[29.89763,60.15261],[29.89596,60.15307],[29.89275,60.15438],[29.89083,60.15474],[29.8857,60.1571],[29.87832,60.15909],[29.87482,60.1604],[29.8692,60.16187],[29.86607,60.16246],[29.86293,60.16267],[29.85919,60.16269],[29.85356,60.16126],[29.84918,60.16148],[29.84602,60.16189],[29.84399,60.16272],[29.84163,60.16334],[29.83715,60.16406],[29.83584,60.16405],[29.83267,60.16511],[29.82752,60.16662],[29.82508,60.167],[29.82435,60.16687],[29.82318,60.16573],[29.82365,60.16665],[29.82159,60.16744],[29.81781,60.16863],[29.81893,60.16957],[29.83499,60.17148],[29.83883,60.17592],[29.84054,60.17814],[29.84071,60.17875],[29.84506,60.1844],[29.84814,60.18865],[29.84847,60.18871],[29.85058,60.19142],[29.8484,60.19214],[29.85259,60.19637]]]]}},
{"type":"Feature","properties":{"territory_id":2418,"name":"внутригородская территория города федерального значения поселок Серово","region_name":"Санкт-Петербург","in_sample":false,"city":"spb"},"geometry":{"type":"MultiPolygon","coordinates":[[[[29.4822,60.22101],[29.48917,60.22439],[29.49052,60.22495],[29.49062,60.22443],[29.49177,60.22413],[29.49169,60.22358],[29.49262,60.22321],[29.49266,60.22259],[29.49391,60.22241],[29.49417,60.22187],[29.49513,60.22204],[29.49708,60.22124],[29.5058,60.22574],[29.51185,60.22791],[29.51737,60.23103],[29.52035,60.23247],[29.52115,60.23329],[29.52278,60.23027],[29.52285,60.22844],[29.52153,60.22584],[29.52124,60.22572],[29.53664,60.22075],[29.53875,60.22365],[29.55111,60.22499],[29.57927,60.21982],[29.57299,60.2161],[29.5717,60.21482],[29.57086,60.21295],[29.57076,60.21056],[29.56962,60.209],[29.56838,60.20827],[29.57112,60.20614],[29.57261,60.20556],[29.57583,60.20473],[29.57968,60.20457],[29.5827,60.20471],[29.5863,60.20409],[29.586,60.20248],[29.58722,60.20161],[29.58718,60.20085],[29.58904,60.20057],[29.58723,60.19979],[29.58696,60.1982],[29.58819,60.19823],[29.58836,60.19685],[29.5842,60.19688],[29.57312,60.19736],[29.56952,60.19728],[29.56702,60.19663],[29.56479,60.19526],[29.56107,60.1938],[29.55605,60.19425],[29.5485,60.19463],[29.54747,60.19402],[29.54643,60.19407],[29.54457,60.19356],[29.54202,60.19401],[29.54079,60.195],[29.54185,60.19615],[29.54386,60.1967],[29.54534,60.19659],[29.54629,60.19585],[29.54827,60.19615],[29.55092,60.19782],[29.55082,60.19883],[29.54865,60.19986],[29.54911,60.20044],[29.5458,60.20182],[29.54417,60.20195],[29.54284,60.20332],[29.54388,60.20439],[29.54639,60.20455],[29.54649,60.20488],[29.54474,60.20535],[29.54578,60.20634],[29.54466,60.20729],[29.54353,60.2078],[29.54164,60.20781],[29.54116,60.20893],[29.53942,60.20989],[29.53993,60.21159],[29.53818,60.21236],[29.53711,60.21191],[29.53627,60.21062],[29.53433,60.21063],[29.53287,60.21028],[29.53149,60.21184],[29.5223,60.2099],[29.51812,60.2088],[29.51189,60.2113],[29.50953,60.21213],[29.50683,60.21387],[29.50227,60.21643],[29.49743,60.21853],[29.49574,60.2191],[29.49215,60.21985],[29.4848,60.22048],[29.4822,60.22101]]]]}},
{"type":"Feature","properties":{"territory_id":2419,"name":"внутригородская территория города федерального значения поселок Смолячково","region_name":"Санкт-Петербург","in_sample":false,"city":"spb"},"geometry":{"type":"MultiPolygon","coordinates":[[[[29.50625,60.17987],[29.50583,60.18148],[29.5043,60.18268],[29.50352,60.18288],[29.50881,60.18606],[29.50862,60.18655],[29.50596,60.18768],[29.50496,60.18894],[29.50263,60.18975],[29.50397,60.19087],[29.49443,60.19293],[29.49359,60.19332],[29.49246,60.19323],[29.49165,60.19244],[29.48979,60.19242],[29.48956,60.19285],[29.48739,60.19257],[29.48714,60.19343],[29.48499,60.19443],[29.48103,60.1946],[29.48011,60.19538],[29.47603,60.19605],[29.47402,60.19739],[29.47442,60.19756],[29.47302,60.19906],[29.47172,60.1989],[29.47163,60.19963],[29.46983,60.20007],[29.4684,60.2],[29.46568,60.20059],[29.4615,60.19982],[29.46039,60.19994],[29.45938,60.20102],[29.45793,60.20123],[29.45793,60.20175],[29.45694,60.20228],[29.45669,60.2033],[29.4548,60.20308],[29.45487,60.20464],[29.45248,60.20491],[29.45195,60.20537],[29.43254,60.19545],[29.42718,60.19244],[29.42576,60.19074],[29.42719,60.19039],[29.44772,60.18898],[29.44956,60.18859],[29.45094,60.18699],[29.45117,60.18587],[29.45446,60.18493],[29.45898,60.18484],[29.46002,60.18374],[29.46865,60.18524],[29.46996,60.18361],[29.46832,60.1834],[29.46916,60.18154],[29.46317,60.18123],[29.457,60.18108],[29.45309,60.1807],[29.44907,60.17997],[29.44511,60.17898],[29.44272,60.17808],[29.4389,60.17643],[29.4397,60.17594],[29.43834,60.17545],[29.43979,60.17545],[29.44149,60.17457],[29.44234,60.1735],[29.44273,60.17423],[29.44346,60.17422],[29.44497,60.17318],[29.44762,60.17368],[29.44803,60.17265],[29.4494,60.17266],[29.45012,60.17227],[29.4499,60.17109],[29.45235,60.172],[29.45446,60.17181],[29.45585,60.17227],[29.45631,60.17162],[29.45758,60.17164],[29.46037,60.1723],[29.46132,60.17209],[29.46319,60.17272],[29.46766,60.17367],[29.46988,60.1746],[29.47144,60.17579],[29.47622,60.17701],[29.47969,60.17765],[29.48392,60.17819],[29.491,60.17858],[29.4948,60.1786],[29.49895,60.17895],[29.50009,60.17953],[29.50458,60.17989],[29.50625,60.17987]]]]}},
{"type":"Feature","properties":{"territory_id":2420,"name":"внутригородская территория города федерального значения поселок Солнечное","region_name":"Санкт-Петербург","in_sample":false,"city":"spb"},"geometry":{"type":"MultiPolygon","coordinates":[[[[29.98768,60.13377],[29.9842,60.13551],[29.98073,60.13671],[29.97747,60.13821],[29.97249,60.13927],[29.9687,60.13969],[29.96667,60.14006],[29.9577,60.14249],[29.95341,60.13845],[29.95039,60.13686],[29.94932,60.13546],[29.94897,60.13264],[29.94814,60.13179],[29.94556,60.13155],[29.94474,60.13314],[29.93502,60.13289],[29.93336,60.13558],[29.92971,60.14052],[29.928,60.14269],[29.92378,60.14606],[29.92089,60.14745],[29.91799,60.14832],[29.91488,60.14899],[29.91135,60.15002],[29.90865,60.15106],[29.90533,60.15169],[29.89966,60.1521],[29.89763,60.15261],[29.9021,60.15513],[29.90177,60.15587],[29.90022,60.1562],[29.90022,60.15702],[29.90436,60.1582],[29.90444,60.15889],[29.90644,60.15954],[29.91025,60.16145],[29.9103,60.16217],[29.91396,60.16416],[29.91255,60.16525],[29.92569,60.18193],[29.9269,60.18331],[29.93236,60.18219],[29.93399,60.18159],[29.93662,60.18196],[29.94182,60.17956],[29.94802,60.17835],[29.95137,60.177],[29.95314,60.1768],[29.95485,60.1769],[29.95552,60.17549],[29.95664,60.1758],[29.95695,60.17525],[29.95915,60.17548],[29.9585,60.17651],[29.96138,60.17664],[29.96586,60.17365],[29.96869,60.17155],[29.97136,60.1687],[29.9723,60.16721],[29.97322,60.16501],[29.97364,60.1623],[29.97388,60.15878],[29.97426,60.15591],[29.97579,60.15244],[29.97833,60.14897],[29.9817,60.1457],[29.98631,60.1416],[29.98858,60.13985],[29.98887,60.13808],[29.98853,60.13587],[29.98749,60.13415],[29.98768,60.13377]]]]}},
{"type":"Feature","properties":{"territory_id":2421,"name":"внутригородская территория города федерального значения поселок Ушково","region_name":"Санкт-Петербург","in_sample":false,"city":"spb"},"geometry":{"type":"MultiPolygon","coordinates":[[[[29.63834,60.19159],[29.63585,60.1916],[29.63339,60.19139],[29.63239,60.1917],[29.62882,60.19211],[29.62674,60.19293],[29.62238,60.19427],[29.61847,60.19509],[29.61492,60.19529],[29.60263,60.19638],[29.59772,60.19688],[29.59331,60.19715],[29.59036,60.19718],[29.58836,60.19685],[29.58819,60.19823],[29.58696,60.1982],[29.58723,60.19979],[29.58904,60.20057],[29.58718,60.20085],[29.58722,60.20161],[29.586,60.20248],[29.5863,60.20409],[29.5827,60.20471],[29.57968,60.20457],[29.57583,60.20473],[29.57261,60.20556],[29.57112,60.20614],[29.56838,60.20827],[29.56962,60.209],[29.57076,60.21056],[29.57086,60.21295],[29.5717,60.21482],[29.57299,60.2161],[29.57927,60.21982],[29.58242,60.2213],[29.58475,60.222],[29.58692,60.2245],[29.58854,60.22711],[29.58919,60.22761],[29.59213,60.22883],[29.59476,60.22921],[29.59742,60.22896],[29.59827,60.22919],[29.59991,60.23203],[29.60038,60.23237],[29.60028,60.23348],[29.60085,60.2344],[29.60267,60.23379],[29.60772,60.23103],[29.61113,60.23214],[29.61527,60.23384],[29.61989,60.23442],[29.62133,60.23716],[29.62363,60.23746],[29.62641,60.23629],[29.63147,60.2347],[29.63704,60.23368],[29.64008,60.23631],[29.64143,60.23709],[29.64296,60.23698],[29.6437,60.23741],[29.63985,60.23902],[29.64396,60.24219],[29.64802,60.24148],[29.65348,60.24101],[29.657,60.24048],[29.66321,60.23933],[29.66908,60.23793],[29.6739,60.23705],[29.66548,60.22842],[29.6609,60.22845],[29.64852,60.21556],[29.65647,60.214],[29.65347,60.21249],[29.65224,60.21217],[29.65088,60.21043],[29.64877,60.2098],[29.64785,60.20984],[29.64402,60.21078],[29.6389,60.21269],[29.63694,60.21211],[29.63467,60.21172],[29.63142,60.21162],[29.63522,60.20167],[29.63721,60.19621],[29.64058,60.19474],[29.63929,60.19231],[29.63859,60.19241],[29.63834,60.19159]]]]}},
{"type":"Feature","properties":{"territory_id":2422,"name":"внутригородская территория города федерального значения город Ломоносов","region_name":"Санкт-Петербург","in_sample":true,"city":"spb"},"geometry":{"type":"MultiPolygon","coordinates":[[[[29.6705,59.93764],[29.67304,59.93736],[29.67225,59.93523],[29.68461,59.93526],[29.68458,59.93715],[29.70644,59.93721],[29.70661,59.93653],[29.70515,59.9341],[29.70812,59.93423],[29.71066,59.93405],[29.71122,59.93363],[29.7113,59.93452],[29.7138,59.93396],[29.71436,59.93458],[29.71591,59.93481],[29.71897,59.93475],[29.72048,59.93446],[29.72251,59.93442],[29.72508,59.93462],[29.72709,59.93432],[29.72867,59.9348],[29.73427,59.9347],[29.73681,59.9345],[29.73676,59.93399],[29.73983,59.93406],[29.74287,59.93374],[29.74642,59.93354],[29.74638,59.93303],[29.74742,59.93326],[29.74747,59.93181],[29.74845,59.93128],[29.74963,59.93125],[29.75027,59.93077],[29.75304,59.93032],[29.75323,59.92955],[29.75553,59.92866],[29.75667,59.92881],[29.75644,59.92935],[29.75837,59.92995],[29.76225,59.92899],[29.76378,59.92911],[29.76729,59.92788],[29.76827,59.92844],[29.77149,59.92932],[29.77228,59.92917],[29.77928,59.93054],[29.78199,59.92921],[29.78097,59.92706],[29.77878,59.92429],[29.77681,59.92267],[29.77541,59.92178],[29.77659,59.92121],[29.7751,59.92033],[29.7718,59.9188],[29.77245,59.91851],[29.775,59.91962],[29.77495,59.91984],[29.77885,59.92172],[29.78014,59.92109],[29.77853,59.92009],[29.78057,59.9183],[29.78078,59.91633],[29.78115,59.91567],[29.78235,59.91519],[29.78435,59.9148],[29.78802,59.918],[29.78831,59.91789],[29.78682,59.91648],[29.78815,59.91592],[29.78886,59.91618],[29.79413,59.91473],[29.79358,59.91396],[29.79573,59.91348],[29.79486,59.91246],[29.79275,59.91253],[29.795,59.91215],[29.79832,59.91114],[29.79849,59.9113],[29.79516,59.91234],[29.79673,59.91355],[29.79782,59.91197],[29.79931,59.9115],[29.79915,59.91085],[29.80261,59.91001],[29.80495,59.90994],[29.80756,59.90922],[29.81095,59.90903],[29.81267,59.90786],[29.8154,59.90735],[29.81717,59.90735],[29.81777,59.90671],[29.81989,59.90575],[29.82295,59.9057],[29.82299,59.90453],[29.82402,59.90451],[29.8265,59.90379],[29.82843,59.90361],[29.82963,59.90317],[29.8317,59.90286],[29.83354,59.90305],[29.83538,59.9024],[29.83681,59.9022],[29.83716,59.90151],[29.83844,59.90062],[29.8351,59.89786],[29.83353,59.89632],[29.83164,59.89411],[29.83111,59.89376],[29.8294,59.8905],[29.82748,59.88841],[29.8276,59.88794],[29.83018,59.88725],[29.82898,59.88605],[29.80753,59.88795],[29.79415,59.8734],[29.78685,59.86583],[29.77136,59.87222],[29.76441,59.86926],[29.75013,59.86884],[29.75012,59.87175],[29.73689,59.87245],[29.73519,59.87084],[29.7328,59.87162],[29.7245,59.8711],[29.71642,59.87412],[29.71435,59.88732],[29.71494,59.88928],[29.72653,59.89365],[29.72702,59.89426],[29.72208,59.9015],[29.72,59.90282],[29.71755,59.90323],[29.70961,59.9056],[29.70902,59.9049],[29.70742,59.90521],[29.70717,59.90616],[29.70623,59.90673],[29.7031,59.90778],[29.69372,59.91026],[29.68194,59.9125],[29.67615,59.91342],[29.66919,59.9139],[29.65989,59.91543],[29.65892,59.91532],[29.65629,59.91664],[29.65758,59.91903],[29.66133,59.92481],[29.66005,59.92698],[29.65404,59.92793],[29.65087,59.9283],[29.64794,59.9282],[29.64754,59.92986],[29.65157,59.93057],[29.65402,59.93124],[29.66562,59.93409],[29.66916,59.93513],[29.66963,59.93555],[29.6705,59.93764]]]]}},
{"type":"Feature","properties":{"territory_id":2423,"name":"внутригородская территория города федерального значения муниципальный округ Московская застава","region_name":"Санкт-Петербург","in_sample":true,"city":"spb"},"geometry":{"type":"MultiPolygon","coordinates":[[[[30.3503,59.87838],[30.34323,59.87709],[30.33645,59.87615],[30.33627,59.87599],[30.33657,59.87183],[30.33724,59.85836],[30.32592,59.85819],[30.32583,59.8583],[30.32107,59.85819],[30.32028,59.87172],[30.31368,59.87162],[30.31342,59.87575],[30.29846,59.87552],[30.29825,59.8748],[30.29316,59.8749],[30.29373,59.87777],[30.29454,59.87896],[30.29578,59.87991],[30.29759,59.88077],[30.29967,59.88146],[30.30002,59.88269],[30.29379,59.88251],[30.29427,59.88447],[30.29507,59.88647],[30.29723,59.88809],[30.29765,59.88867],[30.29946,59.89424],[30.2979,59.89446],[30.29789,59.89603],[30.30261,59.89619],[30.31918,59.89643],[30.31882,59.90239],[30.31866,59.90276],[30.31841,59.90864],[30.32078,59.90878],[30.32195,59.90911],[30.33258,59.91305],[30.33431,59.91166],[30.33515,59.91024],[30.33538,59.90876],[30.33642,59.90715],[30.33846,59.90502],[30.34017,59.9018],[30.34509,59.89198],[30.34537,59.89109],[30.34494,59.88801],[30.345,59.88623],[30.34753,59.88165],[30.3485,59.88026],[30.3503,59.87838]]]]}},
{"type":"Feature","properties":{"territory_id":2424,"name":"внутригородская территория города федерального значения муниципальный округ Гагаринское","region_name":"Санкт-Петербург","in_sample":true,"city":"spb"},"geometry":{"type":"MultiPolygon","coordinates":[[[[30.38165,59.81873],[30.37689,59.81784],[30.37414,59.81721],[30.37022,59.81693],[30.34464,59.8307],[30.36112,59.83236],[30.35654,59.84306],[30.35281,59.84276],[30.34723,59.84267],[30.34631,59.84277],[30.33939,59.84445],[30.33805,59.84448],[30.33724,59.85836],[30.33657,59.87183],[30.33627,59.87599],[30.33645,59.87615],[30.34323,59.87709],[30.3503,59.87838],[30.35376,59.87477],[30.35446,59.8737],[30.36239,59.85784],[30.36434,59.85405],[30.3683,59.84592],[30.3713,59.84002],[30.37368,59.83388],[30.37624,59.82875],[30.38011,59.82203],[30.38165,59.81873]]]]}},
{"type":"Feature","properties":{"territory_id":2425,"name":"внутригородская территория города федерального значения муниципальный округ Новоизмайловское","region_name":"Санкт-Петербург","in_sample":true,"city":"spb"},"geometry":{"type":"MultiPolygon","coordinates":[[[[30.2853,59.8452],[30.28849,59.84961],[30.28922,59.85119],[30.29042,59.85161],[30.29181,59.85279],[30.29234,59.8551],[30.29256,59.85793],[30.29035,59.85854],[30.29048,59.85959],[30.29084,59.86253],[30.29203,59.87001],[30.29316,59.8749],[30.29825,59.8748],[30.29846,59.87552],[30.31342,59.87575],[30.31368,59.87162],[30.31404,59.86472],[30.31501,59.84775],[30.31449,59.84701],[30.31478,59.8414],[30.31071,59.84134],[30.31133,59.83163],[30.31193,59.82772],[30.30166,59.82773],[30.29812,59.82769],[30.29531,59.83058],[30.28774,59.83664],[30.28551,59.83897],[30.28503,59.84011],[30.28578,59.84252],[30.28594,59.8438],[30.2853,59.8452]]]]}},
{"type":"Feature","properties":{"territory_id":2426,"name":"внутригородская территория города федерального значения муниципальный округ Пулковский меридиан","region_name":"Санкт-Петербург","in_sample":true,"city":"spb"},"geometry":{"type":"MultiPolygon","coordinates":[[[[30.31368,59.87162],[30.32028,59.87172],[30.32107,59.85819],[30.32185,59.84433],[30.32304,59.84395],[30.32344,59.84324],[30.32318,59.84233],[30.32227,59.84161],[30.32292,59.82894],[30.32441,59.80374],[30.32466,59.80374],[30.32506,59.79751],[30.32723,59.79557],[30.32775,59.7936],[30.32718,59.79241],[30.32542,59.79106],[30.32615,59.77694],[30.32733,59.77564],[30.33002,59.77415],[30.33183,59.77297],[30.33329,59.77153],[30.33555,59.77198],[30.33587,59.77079],[30.33689,59.77029],[30.33878,59.76992],[30.33837,59.76836],[30.33508,59.76865],[30.33428,59.76733],[30.33233,59.76245],[30.33069,59.76257],[30.32963,59.76318],[30.327,59.76053],[30.31801,59.75178],[30.31025,59.74437],[30.31,59.74415],[30.30072,59.74739],[30.25856,59.76268],[30.26441,59.77095],[30.2709,59.77404],[30.26879,59.77473],[30.27362,59.77762],[30.27116,59.7786],[30.28394,59.78787],[30.27442,59.78931],[30.2705,59.78979],[30.22133,59.79703],[30.21149,59.79769],[30.21047,59.79779],[30.20026,59.79965],[30.19987,59.80138],[30.19877,59.80161],[30.20009,59.80369],[30.21057,59.80218],[30.2176,59.80163],[30.21723,59.8023],[30.21934,59.80263],[30.22235,59.80858],[30.22385,59.80881],[30.22422,59.81219],[30.22752,59.8133],[30.23718,59.81276],[30.23999,59.81303],[30.24457,59.81914],[30.24751,59.82267],[30.26467,59.83272],[30.26855,59.83494],[30.26975,59.83565],[30.28139,59.84255],[30.28213,59.84251],[30.2853,59.8452],[30.28594,59.8438],[30.28578,59.84252],[30.28503,59.84011],[30.28551,59.83897],[30.28774,59.83664],[30.29531,59.83058],[30.29812,59.82769],[30.30166,59.82773],[30.31193,59.82772],[30.31133,59.83163],[30.31071,59.84134],[30.31478,59.8414],[30.31449,59.84701],[30.31501,59.84775],[30.31404,59.86472],[30.31368,59.87162]]]]}},
{"type":"Feature","properties":{"territory_id":2427,"name":"внутригородская территория города федерального значения муниципальный округ Звездное","region_name":"Санкт-Петербург","in_sample":true,"city":"spb"},"geometry":{"type":"MultiPolygon","coordinates":[[[[30.32107,59.85819],[30.32583,59.8583],[30.32592,59.85819],[30.33724,59.85836],[30.33805,59.84448],[30.33939,59.84445],[30.34631,59.84277],[30.34723,59.84267],[30.35281,59.84276],[30.35654,59.84306],[30.36112,59.83236],[30.34464,59.8307],[30.37022,59.81693],[30.36624,59.81651],[30.36567,59.816],[30.36328,59.81567],[30.3625,59.81465],[30.35688,59.81471],[30.35332,59.81419],[30.34988,59.81295],[30.34808,59.81289],[30.34575,59.81207],[30.34371,59.81077],[30.34146,59.80901],[30.33806,59.80834],[30.33623,59.80676],[30.33386,59.80609],[30.33043,59.80471],[30.32592,59.80465],[30.32597,59.80381],[30.32466,59.80374],[30.32441,59.80374],[30.32292,59.82894],[30.32227,59.84161],[30.32318,59.84233],[30.32344,59.84324],[30.32304,59.84395],[30.32185,59.84433],[30.32107,59.85819]]]]}},
{"type":"Feature","properties":{"territory_id":2428,"name":"внутригородская территория города федерального значения муниципальный округ Невская застава","region_name":"Санкт-Петербург","in_sample":true,"city":"spb"},"geometry":{"type":"MultiPolygon","coordinates":[[[[30.44436,59.89244],[30.43989,59.89175],[30.4147,59.8869],[30.41387,59.88746],[30.41155,59.88751],[30.40682,59.88674],[30.40635,59.8874],[30.40316,59.88673],[30.40256,59.88641],[30.4015,59.88726],[30.39854,59.88621],[30.395,59.88905],[30.39195,59.8931],[30.38706,59.89676],[30.3797,59.90205],[30.37478,59.90539],[30.36653,59.91009],[30.36429,59.91199],[30.36331,59.91387],[30.36951,59.91412],[30.37267,59.91452],[30.38259,59.91623],[30.39202,59.91797],[30.40221,59.92063],[30.40684,59.91767],[30.4094,59.91543],[30.41258,59.91272],[30.42549,59.90714],[30.43438,59.90261],[30.44039,59.89755],[30.44072,59.89718],[30.44403,59.89344],[30.44436,59.89244]]]]}},
{"type":"Feature","properties":{"territory_id":2429,"name":"внутригородская территория города федерального значения муниципальный округ Ивановский","region_name":"Санкт-Петербург","in_sample":true,"city":"spb"},"geometry":{"type":"MultiPolygon","coordinates":[[[[30.44436,59.89244],[30.44712,59.88384],[30.454,59.87683],[30.44806,59.87554],[30.44968,59.87369],[30.44959,59.87347],[30.43888,59.8712],[30.43517,59.87005],[30.43369,59.86876],[30.44022,59.86245],[30.44506,59.85756],[30.44838,59.85687],[30.44701,59.85513],[30.44574,59.85438],[30.43565,59.86012],[30.42687,59.86579],[30.42547,59.86659],[30.421,59.86915],[30.41633,59.87244],[30.40884,59.87795],[30.40516,59.881],[30.39854,59.88621],[30.4015,59.88726],[30.40256,59.88641],[30.40316,59.88673],[30.40635,59.8874],[30.40682,59.88674],[30.41155,59.88751],[30.41387,59.88746],[30.4147,59.8869],[30.43989,59.89175],[30.44436,59.89244]]]]}},
{"type":"Feature","properties":{"territory_id":2430,"name":"внутригородская территория города федерального значения муниципальный округ Обуховский","region_name":"Санкт-Петербург","in_sample":true,"city":"spb"},"geometry":{"type":"MultiPolygon","coordinates":[[[[30.44574,59.85438],[30.44701,59.85513],[30.44838,59.85687],[30.44506,59.85756],[30.44022,59.86245],[30.43369,59.86876],[30.43517,59.87005],[30.43888,59.8712],[30.44959,59.87347],[30.44968,59.87369],[30.44806,59.87554],[30.454,59.87683],[30.4587,59.87213],[30.46222,59.87072],[30.46599,59.86968],[30.47333,59.86925],[30.47515,59.86901],[30.47066,59.86461],[30.47328,59.86393],[30.4753,59.86321],[30.47689,59.86214],[30.47899,59.8599],[30.48087,59.8541],[30.47877,59.85404],[30.47513,59.85276],[30.46922,59.85097],[30.46381,59.84946],[30.46136,59.84854],[30.45959,59.84835],[30.45835,59.84853],[30.45728,59.84737],[30.45974,59.84607],[30.45875,59.84528],[30.45587,59.84756],[30.44778,59.85313],[30.44574,59.85438]]]]}},
{"type":"Feature","properties":{"territory_id":2431,"name":"внутригородская территория города федерального значения муниципальный округ Рыбацкое","region_name":"Санкт-Петербург","in_sample":true,"city":"spb"},"geometry":{"type":"MultiPolygon","coordinates":[[[[30.47515,59.86901],[30.47914,59.86835],[30.48165,59.86735],[30.48388,59.86604],[30.48952,59.86231],[30.49317,59.85939],[30.49349,59.8582],[30.49355,59.85653],[30.49323,59.85455],[30.49241,59.85173],[30.49217,59.84997],[30.49244,59.84855],[30.49349,59.84708],[30.49575,59.84596],[30.50017,59.84503],[30.50574,59.84416],[30.50964,59.84309],[30.51356,59.84163],[30.52288,59.83704],[30.52801,59.83527],[30.5327,59.83406],[30.53703,59.83355],[30.54082,59.83362],[30.55209,59.83639],[30.55594,59.83674],[30.55838,59.83655],[30.56036,59.83608],[30.56255,59.83456],[30.56285,59.83362],[30.56142,59.8298],[30.56125,59.82761],[30.56202,59.82645],[30.56314,59.82545],[30.56579,59.82428],[30.56717,59.82392],[30.56517,59.82174],[30.56009,59.82215],[30.56312,59.82088],[30.55991,59.82015],[30.55873,59.81946],[30.55428,59.82123],[30.55174,59.81974],[30.55365,59.81763],[30.55472,59.81716],[30.5485,59.81313],[30.54713,59.81369],[30.53548,59.81808],[30.53163,59.81941],[30.52821,59.82082],[30.52021,59.82393],[30.52021,59.82339],[30.52131,59.82208],[30.52136,59.8215],[30.5203,59.81941],[30.51894,59.81832],[30.51362,59.81531],[30.51264,59.81507],[30.51228,59.8144],[30.5109,59.8136],[30.5105,59.81377],[30.50829,59.81264],[30.50822,59.81129],[30.50869,59.81061],[30.51221,59.80803],[30.51155,59.80777],[30.5082,59.81012],[30.49996,59.81603],[30.4752,59.83399],[30.45875,59.84528],[30.45974,59.84607],[30.45728,59.84737],[30.45835,59.84853],[30.45959,59.84835],[30.46136,59.84854],[30.46381,59.84946],[30.46922,59.85097],[30.47513,59.85276],[30.47877,59.85404],[30.48087,59.8541],[30.47899,59.8599],[30.47689,59.86214],[30.4753,59.86321],[30.47328,59.86393],[30.47066,59.86461],[30.47515,59.86901]]]]}},
{"type":"Feature","properties":{"territory_id":2432,"name":"внутригородская территория города федерального значения муниципальный округ Народный","region_name":"Санкт-Петербург","in_sample":true,"city":"spb"},"geometry":{"type":"MultiPolygon","coordinates":[[[[30.49554,59.89201],[30.49542,59.89148],[30.49741,59.89136],[30.4976,59.89054],[30.49969,59.88905],[30.50109,59.88682],[30.50106,59.88626],[30.51167,59.87285],[30.51748,59.86593],[30.52,59.86323],[30.50868,59.86123],[30.508,59.85969],[30.5054,59.85921],[30.50387,59.85949],[30.49885,59.85889],[30.49704,59.85894],[30.49349,59.8582],[30.49317,59.85939],[30.48952,59.86231],[30.48388,59.86604],[30.48165,59.86735],[30.47914,59.86835],[30.47515,59.86901],[30.47333,59.86925],[30.46599,59.86968],[30.46222,59.87072],[30.4587,59.87213],[30.454,59.87683],[30.44712,59.88384],[30.44436,59.89244],[30.44697,59.89289],[30.46215,59.89398],[30.4638,59.88957],[30.47684,59.89265],[30.47873,59.89294],[30.48093,59.89296],[30.49554,59.89201]]]]}},
{"type":"Feature","properties":{"territory_id":2433,"name":"внутригородская территория города федерального значения муниципальный округ № 54","region_name":"Санкт-Петербург","in_sample":true,"city":"spb"},"geometry":{"type":"MultiPolygon","coordinates":[[[[30.44436,59.89244],[30.44403,59.89344],[30.44072,59.89718],[30.44446,59.89804],[30.45899,59.9011],[30.4827,59.9067],[30.50002,59.91079],[30.49554,59.89201],[30.48093,59.89296],[30.47873,59.89294],[30.47684,59.89265],[30.4638,59.88957],[30.46215,59.89398],[30.44697,59.89289],[30.44436,59.89244]]]]}},
{"type":"Feature","properties":{"territory_id":2434,"name":"внутригородская территория города федерального значения муниципальный округ Невский округ","region_name":"Санкт-Петербург","in_sample":true,"city":"spb"},"geometry":{"type":"MultiPolygon","coordinates":[[[[30.4827,59.9067],[30.45899,59.9011],[30.44446,59.89804],[30.44072,59.89718],[30.44039,59.89755],[30.43438,59.90261],[30.42549,59.90714],[30.41258,59.91272],[30.4094,59.91543],[30.41317,59.91651],[30.416,59.91712],[30.42377,59.91927],[30.42502,59.91842],[30.43908,59.91237],[30.47048,59.91978],[30.4827,59.9067]]]]}},
{"type":"Feature","properties":{"territory_id":2435,"name":"внутригородская территория города федерального значения муниципальный округ Оккервиль","region_name":"Санкт-Петербург","in_sample":true,"city":"spb"},"geometry":{"type":"MultiPolygon","coordinates":[[[[30.50319,59.92525],[30.50002,59.91079],[30.4827,59.9067],[30.47048,59.91978],[30.50147,59.92709],[30.50319,59.92525]]]]}},
{"type":"Feature","properties":{"territory_id":2436,"name":"внутригородская территория города федерального значения муниципальный округ Правобережный","region_name":"Санкт-Петербург","in_sample":true,"city":"spb"},"geometry":{"type":"MultiPolygon","coordinates":[[[[30.50319,59.92525],[30.50147,59.92709],[30.47048,59.91978],[30.43908,59.91237],[30.42502,59.91842],[30.42377,59.91927],[30.42563,59.91989],[30.42747,59.9208],[30.42895,59.92181],[30.43415,59.92595],[30.43905,59.92893],[30.44283,59.93171],[30.44518,59.93441],[30.44757,59.93629],[30.45011,59.93691],[30.45294,59.93677],[30.46109,59.93528],[30.46341,59.935],[30.47397,59.9344],[30.48024,59.93397],[30.49606,59.93309],[30.49836,59.93311],[30.50117,59.93358],[30.50441,59.93492],[30.50553,59.93594],[30.50319,59.92525]]]]}},
{"type":"Feature","properties":{"territory_id":2437,"name":"внутригородская территория города федерального значения город Павловск","region_name":"Санкт-Петербург","in_sample":true,"city":"spb"},"geometry":{"type":"MultiPolygon","coordinates":[[[[30.46383,59.70644],[30.46595,59.70711],[30.47921,59.7069],[30.48386,59.70293],[30.49096,59.69702],[30.491,59.69685],[30.48895,59.68962],[30.48835,59.68854],[30.48801,59.68858],[30.486,59.68498],[30.48508,59.6844],[30.47708,59.68074],[30.47797,59.67796],[30.47906,59.67767],[30.48079,59.6778],[30.48684,59.67903],[30.48748,59.67754],[30.49064,59.67763],[30.4909,59.67392],[30.48998,59.67001],[30.5019,59.67025],[30.50242,59.6648],[30.50252,59.65858],[30.50554,59.64617],[30.50208,59.64561],[30.49837,59.64457],[30.49469,59.64437],[30.49252,59.64397],[30.4905,59.64332],[30.48877,59.64321],[30.48878,59.64185],[30.48665,59.64154],[30.48549,59.64082],[30.4858,59.64005],[30.4848,59.63923],[30.48285,59.63916],[30.48257,59.63824],[30.48165,59.6378],[30.47936,59.6376],[30.47544,59.63957],[30.47408,59.6395],[30.47249,59.64004],[30.47072,59.63975],[30.46959,59.64014],[30.4693,59.63967],[30.46757,59.63944],[30.45589,59.64824],[30.44436,59.65689],[30.43639,59.66298],[30.42403,59.66253],[30.42421,59.66111],[30.42312,59.65996],[30.42171,59.65662],[30.41807,59.65457],[30.41484,59.65261],[30.41426,59.65175],[30.41324,59.65118],[30.4119,59.65177],[30.4106,59.65069],[30.40756,59.64952],[30.40637,59.64945],[30.40504,59.65026],[30.40327,59.65091],[30.40288,59.65066],[30.40158,59.65114],[30.40065,59.65043],[30.39641,59.65163],[30.39521,59.65163],[30.39348,59.65084],[30.39156,59.64967],[30.38766,59.64844],[30.38726,59.6479],[30.38599,59.64743],[30.38034,59.64953],[30.37893,59.64971],[30.36667,59.65019],[30.36664,59.65037],[30.35771,59.65319],[30.35186,59.65555],[30.35192,59.65823],[30.34557,59.65789],[30.34521,59.65771],[30.3265,59.65686],[30.32564,59.6699],[30.33183,59.67073],[30.33643,59.67038],[30.35696,59.67747],[30.36161,59.67929],[30.36269,59.67544],[30.37182,59.67524],[30.37702,59.67674],[30.38111,59.67665],[30.39245,59.67658],[30.40108,59.67636],[30.4048,59.67648],[30.40621,59.67574],[30.4091,59.67566],[30.41082,59.67594],[30.41169,59.67648],[30.41298,59.67636],[30.41563,59.67711],[30.41537,59.67938],[30.41573,59.68132],[30.41658,59.6829],[30.41843,59.68471],[30.41945,59.68529],[30.41884,59.68564],[30.42056,59.68623],[30.42377,59.68819],[30.42896,59.69166],[30.43674,59.69607],[30.43787,59.6955],[30.4392,59.69618],[30.44106,59.69795],[30.44486,59.69918],[30.44667,59.6995],[30.45167,59.69917],[30.45309,59.69926],[30.45582,59.69842],[30.46047,59.69944],[30.46317,59.70069],[30.46302,59.70133],[30.46385,59.7024],[30.46324,59.70457],[30.46233,59.70551],[30.46383,59.70644]]]]}},
{"type":"Feature","properties":{"territory_id":2438,"name":"внутригородская территория города федерального значения поселок Тярлево","region_name":"Санкт-Петербург","in_sample":false,"city":"spb"},"geometry":{"type":"MultiPolygon","coordinates":[[[[30.43674,59.69607],[30.43777,59.69744],[30.43817,59.69859],[30.43774,59.70457],[30.43729,59.70623],[30.43634,59.70843],[30.4333,59.71473],[30.43444,59.71493],[30.43581,59.71584],[30.43729,59.71616],[30.4372,59.71531],[30.4377,59.714],[30.44709,59.71373],[30.44688,59.71284],[30.44973,59.71301],[30.4498,59.71339],[30.45122,59.71329],[30.45124,59.71276],[30.45262,59.71272],[30.45253,59.7131],[30.45624,59.7132],[30.45622,59.7137],[30.46061,59.71464],[30.46142,59.71416],[30.46774,59.71263],[30.46643,59.71192],[30.46859,59.71143],[30.46592,59.71016],[30.46463,59.70987],[30.46361,59.70788],[30.46407,59.70748],[30.46383,59.70644],[30.46233,59.70551],[30.46324,59.70457],[30.46385,59.7024],[30.46302,59.70133],[30.46317,59.70069],[30.46047,59.69944],[30.45582,59.69842],[30.45309,59.69926],[30.45167,59.69917],[30.44667,59.6995],[30.44486,59.69918],[30.44106,59.69795],[30.4392,59.69618],[30.43787,59.6955],[30.43674,59.69607]]]]}},
{"type":"Feature","properties":{"territory_id":2439,"name":"внутригородская территория города федерального значения муниципальный округ Введенский","region_name":"Санкт-Петербург","in_sample":true,"city":"spb"},"geometry":{"type":"MultiPolygon","coordinates":[[[[30.30951,59.94598],[30.29386,59.94667],[30.29227,59.94715],[30.28571,59.9491],[30.28957,59.95195],[30.29906,59.95778],[30.30078,59.95702],[30.30166,59.95755],[30.30283,59.95736],[30.30518,59.95769],[30.30643,59.95621],[30.30851,59.9555],[30.30679,59.95402],[30.30603,59.953],[30.30569,59.95187],[30.30677,59.94953],[30.30951,59.94598]]]]}},
{"type":"Feature","properties":{"territory_id":2440,"name":"внутригородская территория города федерального значения муниципальный округ Кронверкское","region_name":"Санкт-Петербург","in_sample":true,"city":"spb"},"geometry":{"type":"MultiPolygon","coordinates":[[[[30.31451,59.96278],[30.32357,59.95333],[30.3276,59.94862],[30.31686,59.94566],[30.30951,59.94598],[30.30677,59.94953],[30.30569,59.95187],[30.30603,59.953],[30.30679,59.95402],[30.30851,59.9555],[30.30643,59.95621],[30.30518,59.95769],[30.30283,59.95736],[30.30166,59.95755],[30.30078,59.95702],[30.29906,59.95778],[30.30557,59.96178],[30.3118,59.96561],[30.31451,59.96278]]]]}},
{"type":"Feature","properties":{"territory_id":2441,"name":"внутригородская территория города федерального значения муниципальный округ Посадский","region_name":"Санкт-Петербург","in_sample":true,"city":"spb"},"geometry":{"type":"MultiPolygon","coordinates":[[[[30.3276,59.94862],[30.32357,59.95333],[30.31451,59.96278],[30.32388,59.96452],[30.33131,59.96648],[30.33496,59.96712],[30.33582,59.96589],[30.33676,59.96048],[30.3377,59.95733],[30.33927,59.95541],[30.34022,59.95465],[30.34235,59.95352],[30.34541,59.95224],[30.33489,59.95015],[30.32914,59.94903],[30.3276,59.94862]]]]}},
{"type":"Feature","properties":{"territory_id":2442,"name":"внутригородская территория города федерального значения муниципальный округ Аптекарский остров","region_name":"Санкт-Петербург","in_sample":true,"city":"spb"},"geometry":{"type":"MultiPolygon","coordinates":[[[[30.30557,59.96178],[30.2974,59.96491],[30.30426,59.9694],[30.30778,59.96976],[30.30241,59.97662],[30.30142,59.97748],[30.30703,59.97907],[30.31347,59.98013],[30.32022,59.97911],[30.32175,59.97847],[30.32432,59.97739],[30.33059,59.97335],[30.33496,59.96712],[30.33131,59.96648],[30.32388,59.96452],[30.31451,59.96278],[30.3118,59.96561],[30.30557,59.96178]]]]}},
{"type":"Feature","properties":{"territory_id":2443,"name":"внутригородская территория города федерального значения муниципальный округ округ Петровский","region_name":"Санкт-Петербург","in_sample":true,"city":"spb"},"geometry":{"type":"MultiPolygon","coordinates":[[[[30.2974,59.96491],[30.30557,59.96178],[30.29906,59.95778],[30.28957,59.95195],[30.28571,59.9491],[30.27761,59.95153],[30.26841,59.95488],[30.26622,59.95628],[30.2638,59.95697],[30.25527,59.95825],[30.23388,59.96241],[30.2361,59.96397],[30.23499,59.96508],[30.23545,59.96567],[30.23679,59.96611],[30.23722,59.96664],[30.25306,59.96471],[30.25583,59.96448],[30.26235,59.96472],[30.27147,59.96492],[30.27379,59.96504],[30.2742,59.96443],[30.27658,59.96319],[30.27405,59.96227],[30.27166,59.96104],[30.27589,59.95947],[30.2786,59.95658],[30.28134,59.9551],[30.28533,59.95398],[30.28645,59.95354],[30.29024,59.956],[30.28635,59.95755],[30.28865,59.95938],[30.29203,59.96161],[30.2974,59.96491]]]]}},
{"type":"Feature","properties":{"territory_id":2444,"name":"внутригородская территория города федерального значения муниципальный округ Чкаловское","region_name":"Санкт-Петербург","in_sample":true,"city":"spb"},"geometry":{"type":"MultiPolygon","coordinates":[[[[30.22652,59.97892],[30.23128,59.97947],[30.237,59.98116],[30.24586,59.98203],[30.25297,59.9824],[30.25645,59.98248],[30.26413,59.98254],[30.26648,59.98232],[30.26857,59.9819],[30.27321,59.98134],[30.27735,59.98154],[30.28373,59.98235],[30.29035,59.98278],[30.29951,59.98255],[30.31347,59.98013],[30.30703,59.97907],[30.30142,59.97748],[30.30241,59.97662],[30.30778,59.96976],[30.30426,59.9694],[30.2974,59.96491],[30.29203,59.96161],[30.28865,59.95938],[30.28635,59.95755],[30.29024,59.956],[30.28645,59.95354],[30.28533,59.95398],[30.28134,59.9551],[30.2786,59.95658],[30.27589,59.95947],[30.27166,59.96104],[30.27405,59.96227],[30.27658,59.96319],[30.2742,59.96443],[30.27379,59.96504],[30.27147,59.96492],[30.26235,59.96472],[30.25583,59.96448],[30.25306,59.96471],[30.23722,59.96664],[30.22499,59.96798],[30.22456,59.96938],[30.21827,59.96997],[30.21674,59.96962],[30.21679,59.96879],[30.21404,59.96874],[30.21304,59.97022],[30.2112,59.97016],[30.21035,59.97123],[30.21013,59.97234],[30.21029,59.97399],[30.21161,59.97555],[30.21336,59.97646],[30.2165,59.97724],[30.22411,59.97701],[30.22655,59.97782],[30.22652,59.97892]]]]}},
{"type":"Feature","properties":{"territory_id":2445,"name":"внутригородская территория города федерального значения город Петергоф","region_name":"Санкт-Петербург","in_sample":true,"city":"spb"},"geometry":{"type":"MultiPolygon","coordinates":[[[[29.78685,59.86583],[29.79415,59.8734],[29.80753,59.88795],[29.82898,59.88605],[29.83018,59.88725],[29.8276,59.88794],[29.82748,59.88841],[29.8294,59.8905],[29.83111,59.89376],[29.83164,59.89411],[29.83353,59.89632],[29.8351,59.89786],[29.83844,59.90062],[29.83885,59.90123],[29.84195,59.90212],[29.84201,59.90174],[29.8442,59.90117],[29.84778,59.90059],[29.84926,59.90052],[29.85096,59.90094],[29.85235,59.90192],[29.85306,59.90189],[29.85536,59.90106],[29.8544,59.9],[29.85476,59.89945],[29.85729,59.89944],[29.8565,59.90001],[29.85731,59.90056],[29.85867,59.90043],[29.85917,59.89955],[29.86323,59.89935],[29.86497,59.89877],[29.86804,59.89896],[29.86802,59.89844],[29.87318,59.89804],[29.87507,59.89765],[29.87503,59.8965],[29.87549,59.89587],[29.88025,59.89387],[29.88324,59.89342],[29.88414,59.89295],[29.88629,59.89355],[29.88631,59.89299],[29.8876,59.89328],[29.88806,59.89289],[29.8905,59.89351],[29.89209,59.89345],[29.89112,59.89174],[29.89234,59.89164],[29.89261,59.89216],[29.89436,59.89138],[29.89486,59.89033],[29.90116,59.88929],[29.90364,59.88925],[29.90469,59.88899],[29.90925,59.88917],[29.91089,59.88948],[29.91128,59.89072],[29.91437,59.89017],[29.91283,59.88951],[29.91148,59.88838],[29.91336,59.88757],[29.9164,59.88731],[29.91838,59.88751],[29.92031,59.88718],[29.92067,59.88614],[29.92605,59.88566],[29.92916,59.88579],[29.93142,59.88532],[29.93661,59.88503],[29.93955,59.88535],[29.94098,59.88605],[29.94291,59.88527],[29.94598,59.88477],[29.94709,59.8854],[29.95037,59.88544],[29.95186,59.88525],[29.95176,59.8875],[29.95217,59.88703],[29.95252,59.88397],[29.95354,59.88446],[29.95563,59.88436],[29.95603,59.88354],[29.95687,59.88364],[29.95864,59.88293],[29.96044,59.88288],[29.96194,59.88246],[29.96261,59.88285],[29.96362,59.88208],[29.96432,59.88261],[29.96512,59.88158],[29.96593,59.88204],[29.96699,59.88145],[29.96616,59.88098],[29.96821,59.88152],[29.96843,59.88088],[29.96797,59.87976],[29.96935,59.87944],[29.97252,59.87936],[29.97443,59.87958],[29.97517,59.87899],[29.97758,59.87852],[29.9772,59.87808],[29.97949,59.87739],[29.98054,59.87644],[29.98077,59.8757],[29.98491,59.87423],[29.98618,59.87455],[29.98849,59.87349],[29.98847,59.87283],[29.99028,59.87167],[29.99141,59.87161],[29.99347,59.87038],[29.99588,59.86964],[29.99596,59.86915],[29.9978,59.86853],[30.00038,59.86871],[29.99991,59.86812],[30.00078,59.86725],[30.00176,59.86705],[30.00268,59.86628],[30.00566,59.86616],[30.00901,59.86491],[30.00578,59.85787],[30.00738,59.85754],[30.00479,59.85218],[29.99583,59.85352],[29.99106,59.84366],[29.98952,59.84386],[29.98411,59.84327],[29.98627,59.84024],[29.98917,59.84096],[29.99255,59.84087],[29.99595,59.83985],[29.99556,59.83941],[29.99722,59.83893],[29.99795,59.83768],[29.99523,59.83658],[29.99302,59.83456],[29.99307,59.83371],[29.99254,59.83341],[29.98817,59.83378],[29.98304,59.83458],[29.97836,59.8351],[29.97774,59.83419],[29.94434,59.82883],[29.94126,59.83078],[29.9394,59.8309],[29.93856,59.83031],[29.93679,59.83059],[29.94165,59.83867],[29.94192,59.8394],[29.94521,59.8448],[29.92509,59.84768],[29.92484,59.84874],[29.91023,59.85125],[29.90942,59.84898],[29.90219,59.85019],[29.9038,59.85375],[29.89556,59.85465],[29.89497,59.85347],[29.89265,59.85388],[29.89054,59.84976],[29.88623,59.84278],[29.88121,59.84362],[29.88086,59.8458],[29.87928,59.84706],[29.87647,59.84816],[29.87668,59.84884],[29.87785,59.84876],[29.87872,59.84937],[29.87968,59.85146],[29.88036,59.85216],[29.8745,59.85684],[29.87422,59.85865],[29.87148,59.8589],[29.872,59.85647],[29.86943,59.85476],[29.86909,59.85403],[29.86766,59.85389],[29.86254,59.85544],[29.86175,59.85778],[29.85992,59.85847],[29.85774,59.86116],[29.85919,59.86199],[29.83749,59.86763],[29.83481,59.86807],[29.83478,59.86623],[29.8307,59.86565],[29.82637,59.86668],[29.82512,59.86744],[29.82338,59.86901],[29.82139,59.86823],[29.80027,59.85891],[29.79987,59.85866],[29.78685,59.86583]]]]}},
{"type":"Feature","properties":{"territory_id":2446,"name":"внутригородская территория города федерального значения поселок Стрельна","region_name":"Санкт-Петербург","in_sample":true,"city":"spb"},"geometry":{"type":"MultiPolygon","coordinates":[[[[29.99307,59.83371],[29.99302,59.83456],[29.99523,59.83658],[29.99795,59.83768],[29.99722,59.83893],[29.99556,59.83941],[29.99595,59.83985],[29.99255,59.84087],[29.98917,59.84096],[29.98627,59.84024],[29.98411,59.84327],[29.98952,59.84386],[29.99106,59.84366],[29.99583,59.85352],[30.00479,59.85218],[30.00738,59.85754],[30.00578,59.85787],[30.00901,59.86491],[30.0106,59.86493],[30.0109,59.86446],[30.01229,59.86438],[30.0127,59.86474],[30.01188,59.86546],[30.01352,59.86626],[30.01561,59.86467],[30.01655,59.86421],[30.01811,59.86411],[30.02102,59.86268],[30.0228,59.86213],[30.02343,59.86098],[30.02552,59.8611],[30.02691,59.86067],[30.02869,59.8613],[30.03147,59.86128],[30.03215,59.86165],[30.03366,59.86096],[30.0339,59.86133],[30.03532,59.86133],[30.03882,59.86173],[30.04083,59.86219],[30.04331,59.86214],[30.04458,59.86306],[30.04528,59.86189],[30.04469,59.86045],[30.04647,59.86076],[30.04683,59.86176],[30.0542,59.86106],[30.05614,59.8611],[30.05831,59.86173],[30.06202,59.86064],[30.0639,59.86062],[30.06656,59.86144],[30.06894,59.86159],[30.07215,59.86258],[30.07336,59.86271],[30.07571,59.86236],[30.07895,59.86223],[30.08,59.86242],[30.08388,59.86235],[30.08741,59.86302],[30.09001,59.8641],[30.09293,59.86383],[30.09331,59.86314],[30.09447,59.86376],[30.09647,59.8638],[30.09852,59.86353],[30.09855,59.85892],[30.09867,59.8581],[30.0984,59.85533],[30.1006,59.85398],[30.10057,59.85341],[30.0964,59.85385],[30.09523,59.85383],[30.09039,59.85285],[30.09052,59.85265],[30.09155,59.83593],[30.08671,59.83532],[30.08607,59.83461],[30.08359,59.83515],[30.06974,59.83842],[30.07069,59.83423],[30.07458,59.81829],[30.07529,59.81523],[30.0731,59.81562],[30.0685,59.8158],[30.06669,59.81561],[30.0656,59.81598],[30.06367,59.81609],[30.05983,59.81681],[30.05777,59.81746],[30.0542,59.81683],[30.04991,59.81714],[30.04697,59.81774],[30.04566,59.8186],[30.04543,59.81941],[30.04281,59.81996],[30.04136,59.82119],[30.03999,59.82167],[30.03864,59.82172],[30.03876,59.82357],[30.03943,59.82412],[30.04068,59.82425],[30.04029,59.82581],[30.03908,59.82672],[30.03946,59.82746],[30.0389,59.82801],[30.03919,59.82971],[30.03891,59.83069],[30.04011,59.83062],[30.04031,59.832],[30.04161,59.83213],[30.0425,59.83337],[30.0416,59.83408],[30.04268,59.83471],[30.04357,59.83608],[30.04447,59.83682],[30.04425,59.8373],[30.03079,59.83752],[30.031,59.83739],[30.02815,59.83616],[30.0276,59.83655],[30.02027,59.83322],[30.01901,59.83479],[30.01771,59.83523],[30.01859,59.83587],[30.01688,59.83621],[30.01537,59.83507],[30.01384,59.83537],[30.01315,59.83625],[30.01167,59.83597],[30.0095,59.83634],[30.0059,59.83647],[30.00442,59.83702],[30.00309,59.83699],[30.00162,59.8361],[29.99962,59.83651],[29.99698,59.83516],[29.99551,59.83539],[29.99437,59.83413],[29.99307,59.83371]]],[[[30.04453,59.86357],[30.04478,59.86486],[30.04506,59.86398],[30.04453,59.86357]]]]}},
{"type":"Feature","properties":{"territory_id":2447,"name":"внутригородская территория города федерального значения город Пушкин","region_name":"Санкт-Петербург","in_sample":true,"city":"spb"},"geometry":{"type":"MultiPolygon","coordinates":[[[[30.35941,59.74261],[30.36437,59.74462],[30.37816,59.75045],[30.38107,59.75244],[30.38224,59.75372],[30.38313,59.75521],[30.38331,59.75776],[30.38257,59.75963],[30.39608,59.7609],[30.41005,59.7618],[30.41392,59.75407],[30.41447,59.75412],[30.41698,59.74903],[30.42081,59.74149],[30.42975,59.74268],[30.43358,59.73547],[30.43429,59.73508],[30.44738,59.73935],[30.45801,59.7427],[30.46204,59.74403],[30.46266,59.74151],[30.45891,59.74119],[30.45933,59.73909],[30.45855,59.73866],[30.45487,59.73848],[30.45435,59.73829],[30.45574,59.73086],[30.45677,59.72688],[30.45813,59.72547],[30.45815,59.72447],[30.45619,59.72425],[30.45546,59.72303],[30.45668,59.71935],[30.44964,59.71911],[30.44933,59.71526],[30.44957,59.71368],[30.44709,59.71373],[30.4377,59.714],[30.4372,59.71531],[30.43729,59.71616],[30.43581,59.71584],[30.43444,59.71493],[30.4333,59.71473],[30.43634,59.70843],[30.43729,59.70623],[30.43774,59.70457],[30.43817,59.69859],[30.43777,59.69744],[30.43674,59.69607],[30.42896,59.69166],[30.42377,59.68819],[30.42056,59.68623],[30.41884,59.68564],[30.41945,59.68529],[30.41843,59.68471],[30.41658,59.6829],[30.41573,59.68132],[30.41537,59.67938],[30.41563,59.67711],[30.41298,59.67636],[30.41169,59.67648],[30.41082,59.67594],[30.4091,59.67566],[30.40621,59.67574],[30.4048,59.67648],[30.40108,59.67636],[30.39245,59.67658],[30.38111,59.67665],[30.37702,59.67674],[30.37182,59.67524],[30.36269,59.67544],[30.36161,59.67929],[30.35696,59.67747],[30.33643,59.67038],[30.33183,59.67073],[30.32564,59.6699],[30.3265,59.65686],[30.30651,59.6621],[30.30343,59.65976],[30.30053,59.65835],[30.2587,59.63625],[30.25417,59.63378],[30.24662,59.63727],[30.24593,59.63714],[30.24292,59.63863],[30.2525,59.6444],[30.25531,59.64558],[30.26154,59.64866],[30.25316,59.65264],[30.24536,59.65339],[30.24407,59.65422],[30.24398,59.65511],[30.24245,59.65815],[30.24239,59.66068],[30.2428,59.6613],[30.24167,59.66128],[30.23863,59.66178],[30.23989,59.66299],[30.24251,59.66591],[30.24641,59.66891],[30.24958,59.67102],[30.24879,59.67123],[30.2424,59.67079],[30.23584,59.67244],[30.23528,59.67288],[30.22959,59.6734],[30.22753,59.66943],[30.22257,59.67064],[30.21822,59.67307],[30.21995,59.67431],[30.22899,59.68414],[30.23646,59.68603],[30.23166,59.68938],[30.23706,59.69177],[30.2356,59.69267],[30.2405,59.69491],[30.2399,59.69547],[30.24774,59.69936],[30.25184,59.7009],[30.25562,59.70172],[30.25861,59.70485],[30.26001,59.70754],[30.26191,59.70851],[30.26749,59.7137],[30.26824,59.71408],[30.26952,59.71666],[30.27587,59.71521],[30.27944,59.71867],[30.27132,59.7205],[30.27273,59.72221],[30.27251,59.72325],[30.28051,59.72767],[30.28358,59.72921],[30.27951,59.73933],[30.29207,59.73615],[30.29207,59.73683],[30.29343,59.74017],[30.29391,59.74086],[30.30072,59.74739],[30.31,59.74415],[30.31025,59.74437],[30.32321,59.73973],[30.3263,59.73864],[30.32169,59.73413],[30.31608,59.73556],[30.3115,59.73116],[30.31969,59.72905],[30.32046,59.72677],[30.32125,59.7252],[30.32825,59.72415],[30.33106,59.72607],[30.33189,59.72577],[30.35412,59.72],[30.35502,59.72764],[30.35661,59.72776],[30.356,59.72846],[30.3588,59.72902],[30.3586,59.72855],[30.36586,59.72966],[30.36549,59.73032],[30.3716,59.73146],[30.37548,59.73203],[30.37467,59.73323],[30.36621,59.73167],[30.36288,59.73521],[30.35938,59.73475],[30.35619,59.735],[30.35468,59.73528],[30.35573,59.73598],[30.35487,59.73636],[30.35605,59.73728],[30.35723,59.73772],[30.35649,59.73849],[30.35409,59.7388],[30.353,59.73794],[30.3515,59.73726],[30.3499,59.73827],[30.35355,59.74011],[30.35941,59.74261]]]]}},
{"type":"Feature","properties":{"territory_id":2448,"name":"внутригородская территория города федерального значения поселок Александровская","region_name":"Санкт-Петербург","in_sample":false,"city":"spb"},"geometry":{"type":"MultiPolygon","coordinates":[[[[30.32321,59.73973],[30.3282,59.74142],[30.33369,59.74389],[30.35243,59.74448],[30.35329,59.74361],[30.35578,59.74241],[30.35814,59.74339],[30.35941,59.74261],[30.35355,59.74011],[30.3499,59.73827],[30.3515,59.73726],[30.353,59.73794],[30.35409,59.7388],[30.35649,59.73849],[30.35723,59.73772],[30.35605,59.73728],[30.35487,59.73636],[30.35573,59.73598],[30.35468,59.73528],[30.35619,59.735],[30.35938,59.73475],[30.36288,59.73521],[30.36621,59.73167],[30.37467,59.73323],[30.37548,59.73203],[30.3716,59.73146],[30.36549,59.73032],[30.36586,59.72966],[30.3586,59.72855],[30.3588,59.72902],[30.356,59.72846],[30.35661,59.72776],[30.35502,59.72764],[30.35412,59.72],[30.33189,59.72577],[30.33106,59.72607],[30.32825,59.72415],[30.32125,59.7252],[30.32046,59.72677],[30.31969,59.72905],[30.3115,59.73116],[30.31608,59.73556],[30.32169,59.73413],[30.3263,59.73864],[30.32321,59.73973]]]]}},
{"type":"Feature","properties":{"territory_id":2449,"name":"внутригородская территория города федерального значения поселок Шушары","region_name":"Санкт-Петербург","in_sample":true,"city":"spb"},"geometry":{"type":"MultiPolygon","coordinates":[[[[30.57635,59.73001],[30.56442,59.70502],[30.53078,59.70734],[30.53016,59.70453],[30.52446,59.70435],[30.52481,59.70282],[30.52445,59.70238],[30.52443,59.70038],[30.5221,59.69947],[30.51959,59.6965],[30.52025,59.69613],[30.52227,59.69589],[30.52286,59.69514],[30.52327,59.69358],[30.5223,59.69217],[30.52054,59.69094],[30.49871,59.68927],[30.48835,59.68854],[30.48895,59.68962],[30.491,59.69685],[30.49096,59.69702],[30.48386,59.70293],[30.47921,59.7069],[30.46595,59.70711],[30.46383,59.70644],[30.46407,59.70748],[30.46361,59.70788],[30.46463,59.70987],[30.46592,59.71016],[30.46859,59.71143],[30.46643,59.71192],[30.46774,59.71263],[30.46142,59.71416],[30.46061,59.71464],[30.45622,59.7137],[30.45624,59.7132],[30.45253,59.7131],[30.45262,59.71272],[30.45124,59.71276],[30.45122,59.71329],[30.4498,59.71339],[30.44973,59.71301],[30.44688,59.71284],[30.44709,59.71373],[30.44957,59.71368],[30.44933,59.71526],[30.44964,59.71911],[30.45668,59.71935],[30.45546,59.72303],[30.45619,59.72425],[30.45815,59.72447],[30.45813,59.72547],[30.45677,59.72688],[30.45574,59.73086],[30.45435,59.73829],[30.45487,59.73848],[30.45855,59.73866],[30.45933,59.73909],[30.45891,59.74119],[30.46266,59.74151],[30.46204,59.74403],[30.45801,59.7427],[30.44738,59.73935],[30.43429,59.73508],[30.43358,59.73547],[30.42975,59.74268],[30.42081,59.74149],[30.41698,59.74903],[30.41447,59.75412],[30.41392,59.75407],[30.41005,59.7618],[30.39608,59.7609],[30.38257,59.75963],[30.38331,59.75776],[30.38313,59.75521],[30.38224,59.75372],[30.38107,59.75244],[30.37816,59.75045],[30.36437,59.74462],[30.35941,59.74261],[30.35814,59.74339],[30.35578,59.74241],[30.35329,59.74361],[30.35243,59.74448],[30.33369,59.74389],[30.3282,59.74142],[30.32321,59.73973],[30.31025,59.74437],[30.31801,59.75178],[30.327,59.76053],[30.32963,59.76318],[30.33069,59.76257],[30.33233,59.76245],[30.33428,59.76733],[30.33508,59.76865],[30.33837,59.76836],[30.33878,59.76992],[30.33689,59.77029],[30.33587,59.77079],[30.33555,59.77198],[30.33329,59.77153],[30.33183,59.77297],[30.33002,59.77415],[30.32733,59.77564],[30.32615,59.77694],[30.32542,59.79106],[30.32718,59.79241],[30.32775,59.7936],[30.32723,59.79557],[30.32506,59.79751],[30.32466,59.80374],[30.32597,59.80381],[30.32592,59.80465],[30.33043,59.80471],[30.33386,59.80609],[30.33623,59.80676],[30.33806,59.80834],[30.34146,59.80901],[30.34371,59.81077],[30.34575,59.81207],[30.34808,59.81289],[30.34988,59.81295],[30.35332,59.81419],[30.35688,59.81471],[30.3625,59.81465],[30.36328,59.81567],[30.36567,59.816],[30.36624,59.81651],[30.37022,59.81693],[30.37414,59.81721],[30.37689,59.81784],[30.38165,59.81873],[30.3827,59.81657],[30.39941,59.81828],[30.40282,59.81866],[30.40622,59.81922],[30.4149,59.82114],[30.42576,59.82363],[30.43207,59.82513],[30.43506,59.82622],[30.43819,59.828],[30.4396,59.82911],[30.44112,59.82937],[30.43875,59.82757],[30.44219,59.8278],[30.44299,59.82751],[30.44422,59.82422],[30.44863,59.82451],[30.45359,59.81827],[30.44952,59.81827],[30.45466,59.81499],[30.46031,59.81153],[30.4616,59.81084],[30.45625,59.80947],[30.45785,59.80269],[30.46863,59.79772],[30.47917,59.79296],[30.48423,59.79154],[30.48551,59.79261],[30.48778,59.79175],[30.4898,59.79206],[30.49261,59.79075],[30.49773,59.78932],[30.49803,59.7888],[30.50176,59.78849],[30.50884,59.78437],[30.50953,59.78524],[30.517,59.78372],[30.51627,59.78251],[30.51661,59.78198],[30.51778,59.78213],[30.51821,59.78262],[30.51933,59.78259],[30.51988,59.78141],[30.51902,59.78057],[30.5199,59.78041],[30.52115,59.78129],[30.5213,59.77999],[30.51953,59.77918],[30.51914,59.7795],[30.51764,59.77889],[30.51602,59.77787],[30.51656,59.7773],[30.51857,59.777],[30.51875,59.77665],[30.51668,59.77572],[30.5143,59.77602],[30.51309,59.77654],[30.51351,59.77546],[30.51223,59.77453],[30.51194,59.77387],[30.51378,59.77288],[30.51421,59.77197],[30.51123,59.77095],[30.51056,59.7704],[30.51138,59.76999],[30.51276,59.77],[30.51307,59.76945],[30.51215,59.76818],[30.5109,59.7687],[30.51057,59.76711],[30.50941,59.76596],[30.50956,59.76528],[30.50841,59.76382],[30.50692,59.76301],[30.507,59.76256],[30.50864,59.76135],[30.50887,59.76056],[30.50972,59.76033],[30.50922,59.75935],[30.50811,59.75835],[30.50882,59.75769],[30.51029,59.75719],[30.51019,59.75684],[30.51275,59.7565],[30.51326,59.7561],[30.52118,59.75373],[30.52414,59.75339],[30.52307,59.74793],[30.55121,59.74925],[30.55654,59.74952],[30.55759,59.74708],[30.55764,59.74473],[30.55824,59.74373],[30.5572,59.74294],[30.55757,59.7425],[30.5573,59.74129],[30.55626,59.74115],[30.55537,59.73997],[30.55606,59.73752],[30.55547,59.73672],[30.55786,59.73614],[30.55827,59.73568],[30.56734,59.73143],[30.57033,59.73067],[30.5759,59.73018],[30.57635,59.73001]]]]}},
{"type":"Feature","properties":{"territory_id":2450,"name":"внутригородская территория города федерального значения муниципальный округ Волковское","region_name":"Санкт-Петербург","in_sample":true,"city":"spb"},"geometry":{"type":"MultiPolygon","coordinates":[[[[30.38006,59.87127],[30.3708,59.86771],[30.36476,59.87563],[30.35446,59.8737],[30.35376,59.87477],[30.3503,59.87838],[30.3485,59.88026],[30.34753,59.88165],[30.345,59.88623],[30.34494,59.88801],[30.34537,59.89109],[30.34509,59.89198],[30.34017,59.9018],[30.33846,59.90502],[30.33642,59.90715],[30.33538,59.90876],[30.33515,59.91024],[30.33431,59.91166],[30.33258,59.91305],[30.34008,59.91574],[30.34187,59.91605],[30.34602,59.91598],[30.35063,59.91524],[30.35817,59.91415],[30.36331,59.91387],[30.36429,59.91199],[30.36653,59.91009],[30.37478,59.90539],[30.3797,59.90205],[30.38706,59.89676],[30.39195,59.8931],[30.395,59.88905],[30.39854,59.88621],[30.40516,59.881],[30.40003,59.87887],[30.38006,59.87127]]]]}},
{"type":"Feature","properties":{"territory_id":2451,"name":"внутригородская территория города федерального значения муниципальный округ № 72","region_name":"Санкт-Петербург","in_sample":true,"city":"spb"},"geometry":{"type":"MultiPolygon","coordinates":[[[[30.3924,59.85907],[30.38006,59.87127],[30.40003,59.87887],[30.40516,59.881],[30.40884,59.87795],[30.41633,59.87244],[30.421,59.86915],[30.42547,59.86659],[30.4224,59.86538],[30.414,59.86278],[30.41272,59.86216],[30.40733,59.85892],[30.39629,59.85523],[30.3924,59.85907]]]]}},
{"type":"Feature","properties":{"territory_id":2452,"name":"внутригородская территория города федерального значения муниципальный округ Купчино","region_name":"Санкт-Петербург","in_sample":true,"city":"spb"},"geometry":{"type":"MultiPolygon","coordinates":[[[[30.35446,59.8737],[30.36476,59.87563],[30.3708,59.86771],[30.38006,59.87127],[30.3924,59.85907],[30.3865,59.85761],[30.37984,59.85625],[30.37577,59.85555],[30.36969,59.85469],[30.36434,59.85405],[30.36239,59.85784],[30.35446,59.8737]]]]}},
{"type":"Feature","properties":{"territory_id":2453,"name":"внутригородская территория города федерального значения муниципальный округ Георгиевский","region_name":"Санкт-Петербург","in_sample":true,"city":"spb"},"geometry":{"type":"MultiPolygon","coordinates":[[[[30.3924,59.85907],[30.39629,59.85523],[30.40953,59.84217],[30.38236,59.83516],[30.37907,59.83454],[30.37368,59.83388],[30.3713,59.84002],[30.3683,59.84592],[30.36434,59.85405],[30.36969,59.85469],[30.37577,59.85555],[30.37984,59.85625],[30.3865,59.85761],[30.3924,59.85907]]]]}},
{"type":"Feature","properties":{"territory_id":2454,"name":"внутригородская территория города федерального значения муниципальный округ № 75","region_name":"Санкт-Петербург","in_sample":true,"city":"spb"},"geometry":{"type":"MultiPolygon","coordinates":[[[[30.4396,59.82911],[30.42535,59.8266],[30.40953,59.84217],[30.39629,59.85523],[30.40733,59.85892],[30.41272,59.86216],[30.414,59.86278],[30.4224,59.86538],[30.42547,59.86659],[30.42687,59.86579],[30.43565,59.86012],[30.44574,59.85438],[30.44778,59.85313],[30.45587,59.84756],[30.45875,59.84528],[30.4752,59.83399],[30.45574,59.83196],[30.44112,59.82937],[30.4396,59.82911]]]]}},
{"type":"Feature","properties":{"territory_id":2455,"name":"внутригородская территория города федерального значения муниципальный округ Балканский","region_name":"Санкт-Петербург","in_sample":true,"city":"spb"},"geometry":{"type":"MultiPolygon","coordinates":[[[[30.40953,59.84217],[30.42535,59.8266],[30.4396,59.82911],[30.43819,59.828],[30.43506,59.82622],[30.43207,59.82513],[30.42576,59.82363],[30.4149,59.82114],[30.40622,59.81922],[30.40282,59.81866],[30.39941,59.81828],[30.3827,59.81657],[30.38165,59.81873],[30.38011,59.82203],[30.37624,59.82875],[30.37368,59.83388],[30.37907,59.83454],[30.38236,59.83516],[30.40953,59.84217]]]]}},
{"type":"Feature","properties":{"territory_id":2456,"name":"внутригородская территория города федерального значения муниципальный округ Дворцовый округ","region_name":"Санкт-Петербург","in_sample":true,"city":"spb"},"geometry":{"type":"MultiPolygon","coordinates":[[[[30.33489,59.95015],[30.33741,59.94632],[30.3378,59.9452],[30.33851,59.94182],[30.34315,59.93822],[30.34424,59.93545],[30.34343,59.93324],[30.32004,59.93613],[30.31265,59.937],[30.31239,59.93739],[30.31243,59.93829],[30.30827,59.94106],[30.30989,59.94164],[30.31686,59.94566],[30.3276,59.94862],[30.32914,59.94903],[30.33489,59.95015]]]]}},
{"type":"Feature","properties":{"territory_id":2457,"name":"внутригородская территория города федерального значения муниципальный округ № 78","region_name":"Санкт-Петербург","in_sample":true,"city":"spb"},"geometry":{"type":"MultiPolygon","coordinates":[[[[30.31239,59.93739],[30.31265,59.937],[30.32004,59.93613],[30.34343,59.93324],[30.34199,59.93147],[30.33906,59.92975],[30.33002,59.9263],[30.32703,59.92515],[30.31531,59.933],[30.31013,59.93647],[30.31239,59.93739]]]]}},
{"type":"Feature","properties":{"territory_id":2458,"name":"внутригородская территория города федерального значения муниципальный округ Литейный округ","region_name":"Санкт-Петербург","in_sample":true,"city":"spb"},"geometry":{"type":"MultiPolygon","coordinates":[[[[30.35996,59.93118],[30.34343,59.93324],[30.34424,59.93545],[30.34315,59.93822],[30.33851,59.94182],[30.3378,59.9452],[30.33741,59.94632],[30.33489,59.95015],[30.34541,59.95224],[30.34953,59.952],[30.3596,59.9514],[30.3592,59.94392],[30.36076,59.9439],[30.35996,59.93118]]]]}},
{"type":"Feature","properties":{"territory_id":2459,"name":"внутригородская территория города федерального значения муниципальный округ Смольнинское","region_name":"Санкт-Петербург","in_sample":true,"city":"spb"},"geometry":{"type":"MultiPolygon","coordinates":[[[[30.3596,59.9514],[30.36356,59.95117],[30.37112,59.95227],[30.37643,59.9538],[30.38367,59.95717],[30.38895,59.95782],[30.39672,59.95657],[30.3993,59.95507],[30.40201,59.95379],[30.40356,59.95261],[30.40407,59.95119],[30.40334,59.94863],[30.4011,59.943],[30.4002,59.93896],[30.39633,59.93313],[30.39428,59.92902],[30.39591,59.92574],[30.38532,59.92361],[30.36649,59.93034],[30.36101,59.93104],[30.35996,59.93118],[30.36076,59.9439],[30.3592,59.94392],[30.3596,59.9514]]]]}},
{"type":"Feature","properties":{"territory_id":2460,"name":"внутригородская территория города федерального значения муниципальный округ Лиговка-Ямская","region_name":"Санкт-Петербург","in_sample":true,"city":"spb"},"geometry":{"type":"MultiPolygon","coordinates":[[[[30.36101,59.93104],[30.36649,59.93034],[30.38532,59.92361],[30.39591,59.92574],[30.3972,59.92419],[30.40221,59.92063],[30.39202,59.91797],[30.38259,59.91623],[30.37267,59.91452],[30.36951,59.91412],[30.36331,59.91387],[30.35817,59.91415],[30.35063,59.91524],[30.35508,59.92228],[30.35654,59.924],[30.36059,59.93023],[30.36101,59.93104]]]]}},
{"type":"Feature","properties":{"territory_id":2461,"name":"внутригородская территория города федерального значения муниципальный округ Владимирский округ","region_name":"Санкт-Петербург","in_sample":true,"city":"spb"},"geometry":{"type":"MultiPolygon","coordinates":[[[[30.34008,59.91574],[30.34013,59.91611],[30.34268,59.91709],[30.33611,59.92246],[30.33523,59.92332],[30.33579,59.92354],[30.33002,59.9263],[30.33906,59.92975],[30.34199,59.93147],[30.34343,59.93324],[30.35996,59.93118],[30.36101,59.93104],[30.36059,59.93023],[30.35654,59.924],[30.35508,59.92228],[30.35063,59.91524],[30.34602,59.91598],[30.34187,59.91605],[30.34008,59.91574]]]]}},
{"type":"Feature","properties":{"territory_id":2462,"name":"внутригородская территория города федерального значения муниципальный округ Богородское","region_name":"Москва","in_sample":true,"city":"moscow"},"geometry":{"type":"MultiPolygon","coordinates":[[[[37.67069,55.82439],[37.67152,55.82736],[37.67157,55.82903],[37.67021,55.83874],[37.68724,55.83439],[37.68998,55.83353],[37.70129,55.82971],[37.71233,55.8259],[37.73316,55.81883],[37.73734,55.81704],[37.74281,55.81412],[37.74513,55.81182],[37.74593,55.81036],[37.74593,55.80903],[37.74495,55.80897],[37.73235,55.809],[37.73183,55.80878],[37.72985,55.80982],[37.725,55.80698],[37.724,55.8065],[37.71164,55.80435],[37.70875,55.80289],[37.70768,55.80366],[37.69986,55.8015],[37.6988,55.80134],[37.69923,55.80236],[37.70182,55.80556],[37.70165,55.80736],[37.70033,55.80848],[37.69994,55.80999],[37.69881,55.81009],[37.69724,55.81079],[37.69482,55.81094],[37.69532,55.81171],[37.69325,55.81061],[37.68524,55.81541],[37.68539,55.81592],[37.68782,55.81691],[37.68544,55.81686],[37.68251,55.81789],[37.67943,55.81823],[37.67746,55.81905],[37.67502,55.82041],[37.67453,55.82125],[37.67247,55.82262],[37.67192,55.82352],[37.67069,55.82439]]]]}},
{"type":"Feature","properties":{"territory_id":2463,"name":"внутригородская территория города федерального значения муниципальный округ Вешняки","region_name":"Москва","in_sample":true,"city":"moscow"},"geometry":{"type":"MultiPolygon","coordinates":[[[[37.83602,55.70978],[37.81677,55.71623],[37.80481,55.72027],[37.79912,55.72211],[37.79372,55.72398],[37.7759,55.72994],[37.77385,55.73091],[37.7673,55.73427],[37.77359,55.73551],[37.78188,55.737],[37.79309,55.73938],[37.79806,55.74026],[37.80907,55.74242],[37.81655,55.74395],[37.82808,55.74616],[37.84268,55.74907],[37.84254,55.74718],[37.84201,55.74722],[37.84165,55.74049],[37.84042,55.73049],[37.83955,55.72299],[37.83861,55.71552],[37.83777,55.71312],[37.83602,55.70978]]]]}},
{"type":"Feature","properties":{"territory_id":2464,"name":"внутригородская территория города федерального значения муниципальный округ Восточное Измайлово","region_name":"Москва","in_sample":true,"city":"moscow"},"geometry":{"type":"MultiPolygon","coordinates":[[[[37.80512,55.80287],[37.81886,55.80305],[37.82317,55.80319],[37.83211,55.80334],[37.83262,55.80347],[37.84041,55.80369],[37.8409,55.79886],[37.84203,55.78896],[37.83416,55.78765],[37.82997,55.78933],[37.82354,55.79022],[37.82318,55.78895],[37.81886,55.78884],[37.81863,55.78868],[37.81355,55.78859],[37.81295,55.7887],[37.80937,55.78845],[37.80027,55.78833],[37.79993,55.78827],[37.79959,55.7899],[37.79943,55.79324],[37.80558,55.79334],[37.80512,55.80287]]]]}},
{"type":"Feature","properties":{"territory_id":2465,"name":"внутригородская территория города федерального значения муниципальный округ Восточный","region_name":"Москва","in_sample":true,"city":"moscow"},"geometry":{"type":"MultiPolygon","coordinates":[[[[37.8738,55.82],[37.87834,55.82065],[37.87895,55.8199],[37.88054,55.81951],[37.88397,55.82034],[37.88428,55.81996],[37.88512,55.8206],[37.88791,55.82079],[37.88909,55.81942],[37.89782,55.81792],[37.89858,55.81748],[37.89931,55.81629],[37.8993,55.8151],[37.89855,55.81439],[37.89673,55.81398],[37.89454,55.81394],[37.8924,55.81457],[37.8914,55.81512],[37.8893,55.81518],[37.88687,55.81653],[37.88614,55.81617],[37.88532,55.81666],[37.88307,55.8163],[37.88084,55.81432],[37.87982,55.8142],[37.87964,55.81327],[37.87815,55.81143],[37.87736,55.81147],[37.87413,55.81069],[37.87358,55.8087],[37.87008,55.80776],[37.8712,55.80633],[37.86659,55.80421],[37.86574,55.80421],[37.86326,55.80742],[37.86282,55.80731],[37.8617,55.80869],[37.86003,55.80843],[37.86069,55.80754],[37.85637,55.80604],[37.85601,55.80659],[37.85219,55.80896],[37.85024,55.80856],[37.84887,55.80942],[37.84981,55.81047],[37.84533,55.81356],[37.85288,55.81672],[37.85732,55.81791],[37.85811,55.81879],[37.85755,55.81957],[37.85917,55.81998],[37.85999,55.81939],[37.86226,55.82002],[37.86872,55.8215],[37.86851,55.82188],[37.87222,55.82254],[37.8738,55.82]]],[[[37.79048,56.00248],[37.79003,56.00292],[37.79289,56.00388],[37.79409,56.00316],[37.7921,56.00249],[37.79163,56.00288],[37.79048,56.00248]]],[[[37.7989,56.00824],[37.79786,56.00773],[37.79943,56.00615],[37.79735,56.00541],[37.79684,56.00476],[37.79315,56.00554],[37.79122,56.00729],[37.79319,56.00804],[37.79296,56.00825],[37.79532,56.00902],[37.7949,56.00932],[37.79797,56.00955],[37.7989,56.00824]]],[[[37.876,55.8249],[37.8731,55.82379],[37.86894,55.82287],[37.8685,55.82378],[37.8736,55.82518],[37.87567,55.82534],[37.876,55.8249]]]]}},
{"type":"Feature","properties":{"territory_id":2466,"name":"внутригородская территория города федерального значения муниципальный округ Гольяново","region_name":"Москва","in_sample":true,"city":"moscow"},"geometry":{"type":"MultiPolygon","coordinates":[[[[37.75085,55.80217],[37.74614,55.80136],[37.74598,55.80465],[37.74593,55.80903],[37.74655,55.81016],[37.74792,55.81095],[37.7544,55.81297],[37.76173,55.81593],[37.7646,55.8174],[37.76646,55.81813],[37.76705,55.81809],[37.77649,55.82012],[37.77899,55.82086],[37.78322,55.82167],[37.78268,55.82252],[37.78486,55.8225],[37.78474,55.82462],[37.78142,55.82476],[37.77887,55.84334],[37.77772,55.85522],[37.77741,55.85644],[37.78955,55.85024],[37.8139,55.83766],[37.81859,55.8353],[37.82739,55.8306],[37.82974,55.83056],[37.83008,55.82915],[37.83439,55.82596],[37.83605,55.82422],[37.83737,55.82249],[37.83871,55.81911],[37.83917,55.81626],[37.84199,55.81518],[37.84355,55.81497],[37.84078,55.8142],[37.83486,55.81342],[37.8295,55.81295],[37.81176,55.81065],[37.80988,55.81053],[37.78251,55.80978],[37.7785,55.8093],[37.77299,55.8078],[37.755,55.80306],[37.75085,55.80217]]]]}},
{"type":"Feature","properties":{"territory_id":2467,"name":"внутригородская территория города федерального значения муниципальный округ Ивановское","region_name":"Москва","in_sample":true,"city":"moscow"},"geometry":{"type":"MultiPolygon","coordinates":[[[[37.84203,55.78896],[37.84314,55.77924],[37.84462,55.7785],[37.84638,55.7782],[37.85,55.77893],[37.85068,55.77856],[37.84576,55.77701],[37.84504,55.77598],[37.8434,55.77473],[37.84362,55.77256],[37.84593,55.76861],[37.8457,55.76807],[37.8435,55.76691],[37.84281,55.75502],[37.84268,55.74907],[37.82808,55.74616],[37.82763,55.74695],[37.82967,55.7487],[37.83069,55.74915],[37.83025,55.74963],[37.82389,55.75057],[37.82698,55.75767],[37.8087,55.76024],[37.80323,55.76106],[37.80058,55.76089],[37.79977,55.76247],[37.80137,55.76615],[37.80124,55.76801],[37.80117,55.77161],[37.80024,55.78557],[37.79993,55.78827],[37.80027,55.78833],[37.80937,55.78845],[37.81295,55.7887],[37.81355,55.78859],[37.81863,55.78868],[37.81886,55.78884],[37.82318,55.78895],[37.82354,55.79022],[37.82997,55.78933],[37.83416,55.78765],[37.84203,55.78896]]]]}},
{"type":"Feature","properties":{"territory_id":2468,"name":"внутригородская территория города федерального значения муниципальный округ Измайлово","region_name":"Москва","in_sample":true,"city":"moscow"},"geometry":{"type":"MultiPolygon","coordinates":[[[[37.7537,55.75961],[37.75093,55.76452],[37.74857,55.76594],[37.74804,55.77005],[37.74535,55.77005],[37.7441,55.77566],[37.74366,55.77926],[37.74294,55.78772],[37.74311,55.78935],[37.7445,55.79349],[37.74592,55.7975],[37.74614,55.79853],[37.74614,55.80136],[37.75085,55.80217],[37.75222,55.80224],[37.76787,55.8024],[37.76914,55.80248],[37.78026,55.80264],[37.78603,55.80265],[37.80512,55.80287],[37.80558,55.79334],[37.79943,55.79324],[37.79959,55.7899],[37.79993,55.78827],[37.80024,55.78557],[37.80117,55.77161],[37.80124,55.76801],[37.79185,55.76616],[37.79174,55.76633],[37.77867,55.76611],[37.77738,55.76588],[37.77193,55.76419],[37.76917,55.7632],[37.76894,55.76397],[37.76405,55.76218],[37.75448,55.76031],[37.7537,55.75961]]]]}},
{"type":"Feature","properties":{"territory_id":2469,"name":"внутригородская территория города федерального значения муниципальный округ Косино-Ухтомский","region_name":"Москва","in_sample":true,"city":"moscow"},"geometry":{"type":"MultiPolygon","coordinates":[[[[37.83602,55.70978],[37.83777,55.71312],[37.83861,55.71552],[37.83955,55.72299],[37.84042,55.73049],[37.84342,55.73103],[37.84767,55.73118],[37.8613,55.73052],[37.86219,55.73256],[37.86954,55.73239],[37.87123,55.73084],[37.87341,55.72965],[37.87217,55.72771],[37.87027,55.72659],[37.87245,55.72338],[37.87611,55.72339],[37.877,55.72162],[37.87653,55.72047],[37.881,55.7191],[37.88249,55.719],[37.88612,55.71959],[37.88692,55.72026],[37.88713,55.72165],[37.88416,55.7234],[37.88548,55.72419],[37.88744,55.72377],[37.88985,55.7237],[37.89063,55.72231],[37.89231,55.72319],[37.89932,55.72362],[37.90018,55.72434],[37.90182,55.72442],[37.90242,55.72525],[37.90353,55.72533],[37.90636,55.72479],[37.90779,55.7248],[37.91183,55.72574],[37.91505,55.72698],[37.91693,55.72836],[37.91804,55.73062],[37.92116,55.73086],[37.92359,55.73123],[37.9252,55.73051],[37.92653,55.73054],[37.92802,55.73],[37.92852,55.72935],[37.93024,55.72981],[37.93295,55.72869],[37.93429,55.72788],[37.93768,55.72653],[37.94082,55.72434],[37.94227,55.72299],[37.94261,55.72205],[37.94358,55.72145],[37.94455,55.72154],[37.94565,55.72084],[37.94511,55.72087],[37.93659,55.71624],[37.92807,55.71616],[37.92625,55.71515],[37.92611,55.71219],[37.92479,55.71112],[37.92192,55.70796],[37.91925,55.70761],[37.90701,55.70699],[37.90544,55.70699],[37.89724,55.70625],[37.89337,55.70555],[37.88697,55.70522],[37.88401,55.70323],[37.88231,55.70246],[37.88057,55.70115],[37.88114,55.70086],[37.87947,55.70027],[37.8753,55.69752],[37.87153,55.6953],[37.86005,55.70114],[37.85953,55.70082],[37.85818,55.70125],[37.85341,55.70354],[37.85234,55.7042],[37.84396,55.70703],[37.83602,55.70978]]]]}},
{"type":"Feature","properties":{"territory_id":2470,"name":"внутригородская территория города федерального значения муниципальный округ Новогиреево","region_name":"Москва","in_sample":true,"city":"moscow"},"geometry":{"type":"MultiPolygon","coordinates":[[[[37.77359,55.73551],[37.77321,55.7367],[37.77353,55.73758],[37.77454,55.73841],[37.77668,55.73858],[37.77828,55.74163],[37.7794,55.74294],[37.78116,55.74199],[37.78305,55.7428],[37.78325,55.7436],[37.78262,55.74388],[37.78327,55.74532],[37.78404,55.74579],[37.78789,55.74558],[37.78479,55.75092],[37.79204,55.75232],[37.80034,55.75385],[37.8016,55.75389],[37.80564,55.75331],[37.8087,55.76024],[37.82698,55.75767],[37.82389,55.75057],[37.83025,55.74963],[37.83069,55.74915],[37.82967,55.7487],[37.82763,55.74695],[37.82808,55.74616],[37.81655,55.74395],[37.80907,55.74242],[37.79806,55.74026],[37.79309,55.73938],[37.78188,55.737],[37.77359,55.73551]]]]}},
{"type":"Feature","properties":{"territory_id":2471,"name":"внутригородская территория города федерального значения муниципальный округ Новокосино","region_name":"Москва","in_sample":true,"city":"moscow"},"geometry":{"type":"MultiPolygon","coordinates":[[[[37.86954,55.73239],[37.86219,55.73256],[37.8613,55.73052],[37.84767,55.73118],[37.84342,55.73103],[37.84042,55.73049],[37.84165,55.74049],[37.84201,55.74722],[37.84254,55.74718],[37.84368,55.7459],[37.84571,55.74487],[37.848,55.7445],[37.85392,55.74495],[37.86054,55.74524],[37.86323,55.74557],[37.87285,55.74741],[37.88254,55.74934],[37.88735,55.74846],[37.88825,55.74846],[37.89003,55.74363],[37.89095,55.74219],[37.89009,55.7416],[37.88583,55.74261],[37.88175,55.74273],[37.88013,55.74229],[37.88003,55.74175],[37.87801,55.73787],[37.87316,55.73816],[37.86849,55.73729],[37.86424,55.73472],[37.86547,55.73316],[37.86889,55.73297],[37.86954,55.73239]]]]}},
{"type":"Feature","properties":{"territory_id":2472,"name":"внутригородская территория города федерального значения муниципальный округ Метрогородок","region_name":"Москва","in_sample":true,"city":"moscow"},"geometry":{"type":"MultiPolygon","coordinates":[[[[37.67021,55.83874],[37.67286,55.83835],[37.6751,55.83847],[37.67632,55.83882],[37.67802,55.83994],[37.67835,55.84182],[37.68026,55.84247],[37.68139,55.84321],[37.68568,55.84545],[37.69032,55.84801],[37.69022,55.84819],[37.69223,55.85031],[37.68997,55.85122],[37.69228,55.85291],[37.68833,55.85393],[37.68677,55.85451],[37.68786,55.85549],[37.6886,55.85528],[37.68941,55.85596],[37.69252,55.85613],[37.69313,55.8558],[37.69243,55.85533],[37.69475,55.85338],[37.69376,55.85207],[37.69682,55.84816],[37.70359,55.84877],[37.70564,55.84794],[37.7121,55.84735],[37.7125,55.84753],[37.71408,55.84691],[37.71713,55.84906],[37.72017,55.85057],[37.7194,55.85142],[37.721,55.85221],[37.72164,55.85292],[37.71802,55.86061],[37.70944,55.86091],[37.70919,55.86296],[37.70681,55.86449],[37.7077,55.86552],[37.71581,55.87015],[37.71905,55.87225],[37.72004,55.8726],[37.72181,55.87388],[37.72426,55.87301],[37.72658,55.87376],[37.72793,55.8739],[37.72905,55.87465],[37.73182,55.87495],[37.73108,55.87572],[37.73101,55.87689],[37.7329,55.87805],[37.73378,55.87791],[37.73478,55.87841],[37.74466,55.87332],[37.7685,55.86089],[37.77741,55.85644],[37.77772,55.85522],[37.77887,55.84334],[37.78142,55.82476],[37.78474,55.82462],[37.78486,55.8225],[37.78268,55.82252],[37.78322,55.82167],[37.77899,55.82086],[37.77649,55.82012],[37.76705,55.81809],[37.76646,55.81813],[37.7646,55.8174],[37.76173,55.81593],[37.7544,55.81297],[37.74792,55.81095],[37.74655,55.81016],[37.74593,55.80903],[37.74593,55.81036],[37.74513,55.81182],[37.74281,55.81412],[37.73734,55.81704],[37.73316,55.81883],[37.71233,55.8259],[37.70129,55.82971],[37.68998,55.83353],[37.68724,55.83439],[37.67021,55.83874]]],[[[37.7027,55.86252],[37.7052,55.86092],[37.70433,55.86104],[37.70074,55.86092],[37.70072,55.86151],[37.7027,55.86252]]]]}},
{"type":"Feature","properties":{"territory_id":2473,"name":"внутригородская территория города федерального значения муниципальный округ Перово","region_name":"Москва","in_sample":true,"city":"moscow"},"geometry":{"type":"MultiPolygon","coordinates":[[[[37.77359,55.73551],[37.7673,55.73427],[37.76264,55.73654],[37.76,55.73725],[37.75277,55.73826],[37.75046,55.7388],[37.74672,55.74037],[37.74397,55.74254],[37.74102,55.74445],[37.73934,55.74518],[37.73671,55.74595],[37.72533,55.74897],[37.72363,55.74952],[37.72137,55.75064],[37.71961,55.75198],[37.73647,55.7553],[37.75422,55.75875],[37.7537,55.75961],[37.75448,55.76031],[37.76405,55.76218],[37.76894,55.76397],[37.76917,55.7632],[37.77193,55.76419],[37.77738,55.76588],[37.77867,55.76611],[37.79174,55.76633],[37.79185,55.76616],[37.80124,55.76801],[37.80137,55.76615],[37.79977,55.76247],[37.80058,55.76089],[37.80323,55.76106],[37.8087,55.76024],[37.80564,55.75331],[37.8016,55.75389],[37.80034,55.75385],[37.79204,55.75232],[37.78479,55.75092],[37.78789,55.74558],[37.78404,55.74579],[37.78327,55.74532],[37.78262,55.74388],[37.78325,55.7436],[37.78305,55.7428],[37.78116,55.74199],[37.7794,55.74294],[37.77828,55.74163],[37.77668,55.73858],[37.77454,55.73841],[37.77353,55.73758],[37.77321,55.7367],[37.77359,55.73551]]]]}},
{"type":"Feature","properties":{"territory_id":2474,"name":"внутригородская территория города федерального значения муниципальный округ Северное Измайлово","region_name":"Москва","in_sample":true,"city":"moscow"},"geometry":{"type":"MultiPolygon","coordinates":[[[[37.75085,55.80217],[37.755,55.80306],[37.77299,55.8078],[37.7785,55.8093],[37.78251,55.80978],[37.80988,55.81053],[37.81176,55.81065],[37.8295,55.81295],[37.83486,55.81342],[37.84078,55.8142],[37.84355,55.81497],[37.84145,55.81289],[37.83976,55.81162],[37.84041,55.80369],[37.83262,55.80347],[37.83211,55.80334],[37.82317,55.80319],[37.81886,55.80305],[37.80512,55.80287],[37.78603,55.80265],[37.78026,55.80264],[37.76914,55.80248],[37.76787,55.8024],[37.75222,55.80224],[37.75085,55.80217]]]]}},
{"type":"Feature","properties":{"territory_id":2475,"name":"внутригородская территория города федерального значения муниципальный округ Соколиная гора","region_name":"Москва","in_sample":true,"city":"moscow"},"geometry":{"type":"MultiPolygon","coordinates":[[[[37.71961,55.75198],[37.71839,55.75342],[37.71766,55.75596],[37.71843,55.75851],[37.72063,55.76246],[37.72087,55.76495],[37.72039,55.76673],[37.71784,55.76959],[37.71595,55.7723],[37.71352,55.77527],[37.71093,55.778],[37.70992,55.77887],[37.70774,55.78016],[37.70525,55.78099],[37.70124,55.78185],[37.69935,55.78197],[37.69928,55.78272],[37.70079,55.78275],[37.7009,55.78394],[37.70201,55.78458],[37.70631,55.78308],[37.70679,55.7845],[37.71205,55.785],[37.71187,55.78559],[37.71343,55.78613],[37.71422,55.7852],[37.71759,55.7855],[37.7169,55.78792],[37.71887,55.78729],[37.72079,55.787],[37.72563,55.78787],[37.72714,55.78857],[37.7304,55.79069],[37.73259,55.79298],[37.73467,55.79385],[37.7359,55.79405],[37.73945,55.79376],[37.7445,55.79349],[37.74311,55.78935],[37.74294,55.78772],[37.74366,55.77926],[37.7441,55.77566],[37.74535,55.77005],[37.74804,55.77005],[37.74857,55.76594],[37.75093,55.76452],[37.7537,55.75961],[37.75422,55.75875],[37.73647,55.7553],[37.71961,55.75198]]]]}},
{"type":"Feature","properties":{"territory_id":2476,"name":"внутригородская территория города федерального значения муниципальный округ Сокольники","region_name":"Москва","in_sample":true,"city":"moscow"},"geometry":{"type":"MultiPolygon","coordinates":[[[[37.6988,55.80134],[37.69858,55.80042],[37.69915,55.79908],[37.70428,55.79456],[37.70545,55.79316],[37.70472,55.79179],[37.69999,55.78933],[37.69913,55.78837],[37.69866,55.78675],[37.69928,55.78272],[37.69935,55.78197],[37.69636,55.78205],[37.69256,55.7819],[37.68827,55.7819],[37.68581,55.78257],[37.67407,55.78489],[37.66385,55.78677],[37.65182,55.78912],[37.65152,55.78937],[37.65071,55.79093],[37.65012,55.79279],[37.65049,55.79876],[37.65128,55.80042],[37.65382,55.80386],[37.6549,55.80511],[37.65782,55.80802],[37.66366,55.8147],[37.66808,55.81987],[37.66909,55.82134],[37.67069,55.82439],[37.67192,55.82352],[37.67247,55.82262],[37.67453,55.82125],[37.67502,55.82041],[37.67746,55.81905],[37.67943,55.81823],[37.68251,55.81789],[37.68544,55.81686],[37.68782,55.81691],[37.68539,55.81592],[37.68524,55.81541],[37.69325,55.81061],[37.69532,55.81171],[37.69482,55.81094],[37.69724,55.81079],[37.69881,55.81009],[37.69994,55.80999],[37.70033,55.80848],[37.70165,55.80736],[37.70182,55.80556],[37.69923,55.80236],[37.6988,55.80134]]]]}},
{"type":"Feature","properties":{"territory_id":2477,"name":"внутригородская территория города федерального значения муниципальный округ Преображенское","region_name":"Москва","in_sample":true,"city":"moscow"},"geometry":{"type":"MultiPolygon","coordinates":[[[[37.69928,55.78272],[37.69866,55.78675],[37.69913,55.78837],[37.69999,55.78933],[37.70472,55.79179],[37.70545,55.79316],[37.70428,55.79456],[37.69915,55.79908],[37.69858,55.80042],[37.6988,55.80134],[37.69986,55.8015],[37.70768,55.80366],[37.70875,55.80289],[37.71164,55.80435],[37.724,55.8065],[37.725,55.80698],[37.72985,55.80982],[37.73183,55.80878],[37.73235,55.809],[37.74495,55.80897],[37.74593,55.80903],[37.74598,55.80465],[37.74614,55.80136],[37.74614,55.79853],[37.74592,55.7975],[37.7445,55.79349],[37.73945,55.79376],[37.7359,55.79405],[37.73467,55.79385],[37.73259,55.79298],[37.7304,55.79069],[37.72714,55.78857],[37.72563,55.78787],[37.72079,55.787],[37.71887,55.78729],[37.7169,55.78792],[37.71759,55.7855],[37.71422,55.7852],[37.71343,55.78613],[37.71187,55.78559],[37.71205,55.785],[37.70679,55.7845],[37.70631,55.78308],[37.70201,55.78458],[37.7009,55.78394],[37.70079,55.78275],[37.69928,55.78272]]]]}},
{"type":"Feature","properties":{"territory_id":2478,"name":"внутригородская территория города федерального значения муниципальный округ Внуково","region_name":"Москва","in_sample":true,"city":"moscow"},"geometry":{"type":"MultiPolygon","coordinates":[[[[37.26566,55.58635],[37.25088,55.58277],[37.24318,55.58428],[37.24195,55.58477],[37.23098,55.58363],[37.23021,55.58532],[37.23435,55.58684],[37.23555,55.58836],[37.23488,55.59348],[37.23651,55.59405],[37.24185,55.59705],[37.2458,55.60191],[37.24833,55.60304],[37.24934,55.60408],[37.25004,55.60679],[37.25068,55.60843],[37.2537,55.60978],[37.24803,55.61392],[37.24914,55.61498],[37.251,55.61445],[37.25521,55.61649],[37.26153,55.61783],[37.26159,55.61709],[37.26348,55.61441],[37.26833,55.61649],[37.26988,55.61731],[37.27208,55.61895],[37.27393,55.61955],[37.27924,55.61639],[37.27998,55.61737],[37.28114,55.61813],[37.28219,55.61931],[37.28294,55.61913],[37.28259,55.61836],[37.28044,55.61583],[37.28124,55.61521],[37.28252,55.6154],[37.2838,55.61519],[37.28868,55.61687],[37.28972,55.61673],[37.2926,55.61548],[37.29394,55.61466],[37.29525,55.61534],[37.29605,55.61694],[37.29709,55.61816],[37.29862,55.6188],[37.30036,55.61834],[37.30352,55.61798],[37.30536,55.61795],[37.30765,55.61713],[37.30754,55.61693],[37.30728,55.6164],[37.30891,55.61557],[37.31075,55.6152],[37.3111,55.61466],[37.3126,55.61496],[37.31353,55.61372],[37.3153,55.61324],[37.31497,55.61208],[37.31428,55.61148],[37.31432,55.61037],[37.31309,55.60983],[37.31162,55.60872],[37.31139,55.60798],[37.30985,55.60867],[37.30828,55.60747],[37.30747,55.60586],[37.30752,55.60434],[37.31052,55.60387],[37.30989,55.60284],[37.31008,55.60208],[37.3096,55.60124],[37.31182,55.60126],[37.31323,55.60081],[37.31272,55.60014],[37.31375,55.5992],[37.31465,55.59903],[37.31074,55.59793],[37.30678,55.59698],[37.29307,55.59338],[37.28087,55.59032],[37.27382,55.58844],[37.26566,55.58635]]],[[[37.21127,55.62011],[37.21456,55.62276],[37.21667,55.62195],[37.21739,55.62169],[37.21624,55.62087],[37.21779,55.61841],[37.2237,55.61664],[37.21925,55.61573],[37.21691,55.61509],[37.21846,55.61411],[37.21803,55.61271],[37.22058,55.61052],[37.21447,55.60804],[37.21824,55.60402],[37.21577,55.6019],[37.21231,55.60248],[37.21034,55.60482],[37.20854,55.6052],[37.20675,55.60668],[37.20395,55.60678],[37.20271,55.60913],[37.20061,55.60997],[37.19527,55.60695],[37.2002,55.60372],[37.19983,55.6027],[37.19795,55.6037],[37.19906,55.60433],[37.19798,55.60494],[37.19549,55.60353],[37.19403,55.60313],[37.19495,55.60259],[37.19213,55.60137],[37.19088,55.6018],[37.18979,55.60254],[37.18924,55.60211],[37.18675,55.60155],[37.18619,55.60197],[37.18445,55.6014],[37.18352,55.60235],[37.18665,55.6034],[37.18317,55.60565],[37.18951,55.60839],[37.19077,55.60913],[37.19605,55.61161],[37.19616,55.61155],[37.1996,55.61468],[37.20177,55.61599],[37.2037,55.61664],[37.20343,55.61694],[37.20516,55.61714],[37.20995,55.61911],[37.21127,55.62011]]]]}},
{"type":"Feature","properties":{"territory_id":2479,"name":"внутригородская территория города федерального значения муниципальный округ Дорогомилово","region_name":"Москва","in_sample":true,"city":"moscow"},"geometry":{"type":"MultiPolygon","coordinates":[[[[37.54779,55.72807],[37.54287,55.73314],[37.53847,55.73621],[37.53435,55.73568],[37.53132,55.73513],[37.51795,55.73116],[37.51433,55.72968],[37.51,55.7276],[37.50371,55.72483],[37.49857,55.72285],[37.48929,55.73301],[37.49584,55.73404],[37.49854,55.7346],[37.5052,55.73664],[37.50803,55.73801],[37.51444,55.74373],[37.51717,55.74538],[37.52242,55.74728],[37.52364,55.74633],[37.52557,55.74534],[37.52797,55.74461],[37.5324,55.7444],[37.53673,55.74464],[37.54037,55.74546],[37.54355,55.74652],[37.55454,55.75144],[37.56018,55.75308],[37.56402,55.7536],[37.56788,55.75336],[37.5708,55.75273],[37.57206,55.75202],[37.57303,55.75147],[37.57402,55.75034],[37.57449,55.74886],[37.57445,55.74633],[37.57413,55.74545],[37.57389,55.74471],[37.56833,55.73855],[37.56575,55.7364],[37.56363,55.7351],[37.55906,55.73307],[37.55303,55.72995],[37.54779,55.72807]]]]}},
{"type":"Feature","properties":{"territory_id":2480,"name":"внутригородская территория города федерального значения муниципальный округ Крылатское","region_name":"Москва","in_sample":true,"city":"moscow"},"geometry":{"type":"MultiPolygon","coordinates":[[[[37.36539,55.77181],[37.3662,55.77172],[37.36874,55.7725],[37.36889,55.77304],[37.37026,55.77303],[37.37026,55.77136],[37.37086,55.77101],[37.37884,55.77168],[37.37975,55.77235],[37.3834,55.77218],[37.38673,55.7709],[37.39487,55.7712],[37.39826,55.77118],[37.40183,55.7718],[37.40858,55.77576],[37.41695,55.77533],[37.42563,55.77452],[37.43075,55.77417],[37.43412,55.7742],[37.43622,55.77441],[37.44549,55.77688],[37.44827,55.77733],[37.45064,55.77687],[37.45303,55.77569],[37.45527,55.77418],[37.46038,55.76908],[37.46294,55.76695],[37.46399,55.76577],[37.46456,55.76431],[37.46452,55.76238],[37.46343,55.76019],[37.45961,55.75715],[37.45763,55.75582],[37.45308,55.75389],[37.44218,55.7513],[37.43922,55.75053],[37.43692,55.74926],[37.43304,55.75006],[37.43099,55.74996],[37.4294,55.74937],[37.42659,55.74773],[37.42346,55.74587],[37.42208,55.74483],[37.39712,55.7568],[37.38186,55.76422],[37.37506,55.76732],[37.36539,55.77181]]]]}},
{"type":"Feature","properties":{"territory_id":2481,"name":"внутригородская территория города федерального значения муниципальный округ Кунцево","region_name":"Москва","in_sample":true,"city":"moscow"},"geometry":{"type":"MultiPolygon","coordinates":[[[[36.90808,55.74875],[36.91598,55.74667],[36.92102,55.74658],[36.92202,55.74729],[36.9285,55.75117],[36.93191,55.7526],[36.93292,55.75264],[36.93322,55.75441],[36.95698,55.75828],[36.96806,55.76004],[36.97043,55.75843],[36.97181,55.75794],[36.97066,55.75575],[36.95936,55.75528],[36.95826,55.75728],[36.95766,55.75722],[36.95711,55.75825],[36.95792,55.75576],[36.9572,55.75436],[36.95637,55.75385],[36.95743,55.75195],[36.95819,55.7512],[36.96061,55.75065],[36.95901,55.74988],[36.96127,55.74947],[36.96441,55.74768],[36.96696,55.74746],[36.96828,55.74879],[36.96813,55.74955],[36.97039,55.74954],[36.97104,55.7515],[36.97171,55.7524],[36.97201,55.75392],[36.97229,55.7534],[36.97183,55.75219],[36.97323,55.75203],[36.97725,55.75117],[36.97978,55.75378],[36.98079,55.75591],[36.97494,55.75721],[36.97574,55.75838],[36.97875,55.76049],[36.98364,55.75868],[36.98407,55.7581],[36.98271,55.75764],[36.98696,55.75466],[36.98671,55.75288],[36.98731,55.75179],[36.98454,55.75026],[36.98724,55.74911],[36.98885,55.74861],[36.99,55.7494],[36.99112,55.74843],[36.98789,55.74709],[36.9874,55.74647],[36.98501,55.74548],[36.98618,55.74451],[36.98827,55.74493],[36.99205,55.74471],[36.99267,55.7452],[36.99335,55.74695],[36.99516,55.74769],[36.99261,55.74917],[36.99501,55.7483],[36.99599,55.74735],[36.99869,55.74787],[36.99893,55.74767],[37.00129,55.74834],[37.00458,55.74857],[37.00603,55.7496],[37.00816,55.74773],[37.00569,55.74686],[37.00302,55.74554],[37.00207,55.74565],[37.00095,55.74499],[37.00123,55.74418],[37.00066,55.74367],[36.99938,55.74349],[36.99928,55.74227],[37.00137,55.74166],[37.00353,55.74294],[37.00358,55.74342],[37.00677,55.74544],[37.00952,55.74621],[37.01245,55.74665],[37.0123,55.74646],[37.01633,55.74626],[37.02023,55.745],[37.02047,55.74542],[37.02384,55.74293],[37.02427,55.74088],[37.02292,55.73653],[37.02197,55.73491],[37.02664,55.73424],[37.0289,55.73411],[37.02904,55.73383],[37.02678,55.73414],[37.02574,55.73402],[37.0233,55.73311],[37.02402,55.73226],[37.02725,55.73352],[37.02976,55.73221],[37.03328,55.73189],[37.03593,55.73218],[37.03891,55.73163],[37.04014,55.73122],[37.04145,55.73035],[37.04338,55.72853],[37.04466,55.72813],[37.04677,55.72682],[37.04776,55.72352],[37.04768,55.7224],[37.04657,55.72126],[37.04476,55.7208],[37.04266,55.72103],[37.04275,55.72021],[37.04219,55.71944],[37.04502,55.71866],[37.04714,55.71884],[37.05254,55.71835],[37.05324,55.71874],[37.05426,55.72036],[37.04883,55.72139],[37.04898,55.72198],[37.05204,55.72232],[37.05481,55.7237],[37.06459,55.72319],[37.06538,55.72237],[37.068,55.72332],[37.06916,55.72347],[37.0693,55.72599],[37.07024,55.72902],[37.0719,55.72981],[37.07378,55.73014],[37.07577,55.72985],[37.07906,55.72847],[37.08099,55.72808],[37.0852,55.72802],[37.08847,55.72737],[37.08879,55.72796],[37.08972,55.72776],[37.09323,55.72787],[37.0938,55.72827],[37.09504,55.72823],[37.09622,55.72652],[37.09698,55.72614],[37.10177,55.72562],[37.10344,55.72599],[37.10414,55.72645],[37.10819,55.72638],[37.11124,55.72671],[37.11455,55.72794],[37.11596,55.72874],[37.12032,55.73177],[37.12065,55.73279],[37.11947,55.73479],[37.11588,55.73617],[37.1125,55.73322],[37.11101,55.73228],[37.11025,55.73323],[37.10767,55.73477],[37.10507,55.73392],[37.10262,55.73408],[37.10518,55.73264],[37.10328,55.73263],[37.09999,55.73175],[37.09627,55.73171],[37.0961,55.73094],[37.09435,55.72872],[37.09134,55.73029],[37.08864,55.73055],[37.08718,55.73089],[37.08477,55.73201],[37.08235,55.73258],[37.08073,55.7338],[37.07948,55.73541],[37.07966,55.73574],[37.0815,55.73615],[37.08245,55.73738],[37.08433,55.73904],[37.08416,55.73917],[37.08587,55.74164],[37.08978,55.74132],[37.09249,55.74365],[37.09302,55.74348],[37.09697,55.74379],[37.10676,55.74183],[37.11207,55.739],[37.11163,55.73801],[37.11291,55.73772],[37.1164,55.7375],[37.11692,55.73659],[37.12202,55.73486],[37.12159,55.73389],[37.12286,55.73287],[37.12687,55.72883],[37.12778,55.72808],[37.12623,55.72699],[37.12299,55.72567],[37.11927,55.72382],[37.1211,55.72232],[37.12306,55.7212],[37.11948,55.72001],[37.1189,55.72082],[37.11674,55.71994],[37.11487,55.71859],[37.11209,55.71706],[37.11301,55.7161],[37.10767,55.71564],[37.10768,55.71606],[37.10581,55.71579],[37.10412,55.71637],[37.10068,55.71623],[37.0964,55.7163],[37.0964,55.71558],[37.09387,55.71566],[37.08914,55.71553],[37.08121,55.71559],[37.07885,55.71542],[37.06988,55.7217],[37.0679,55.72288],[37.06541,55.72172],[37.0633,55.72118],[37.06165,55.72037],[37.06014,55.71888],[37.05964,55.71757],[37.05965,55.71576],[37.05918,55.7134],[37.05839,55.71205],[37.05661,55.71069],[37.05454,55.70976],[37.0523,55.70931],[37.03997,55.70884],[37.03794,55.70917],[37.03679,55.70976],[37.03539,55.71107],[37.03384,55.71399],[37.02751,55.71233],[37.02516,55.7105],[37.02466,55.70973],[37.02664,55.70956],[37.02629,55.71032],[37.02672,55.71083],[37.02756,55.71049],[37.02915,55.71182],[37.03527,55.7075],[37.03508,55.70712],[37.03378,55.7072],[37.03469,55.70623],[37.02562,55.70633],[37.01741,55.70656],[37.01724,55.70537],[37.01365,55.7053],[37.00417,55.70541],[37.00371,55.70603],[37.00236,55.70625],[37.00292,55.707],[37.00016,55.70739],[36.99204,55.71209],[36.99372,55.71232],[36.99401,55.712],[36.99588,55.71231],[36.99613,55.71207],[36.99791,55.71248],[36.99797,55.71132],[36.99751,55.71106],[36.99941,55.70931],[37.00024,55.70789],[37.00204,55.70808],[37.00194,55.70958],[37.00294,55.70987],[37.00336,55.71075],[37.00151,55.71115],[37.00208,55.71194],[37.00002,55.71156],[36.99911,55.71248],[36.99951,55.71345],[37.00221,55.71384],[37.00335,55.7138],[37.0038,55.71456],[37.00506,55.71545],[37.00669,55.71583],[37.00781,55.71475],[37.01102,55.71523],[37.01194,55.71465],[37.01322,55.71216],[37.01302,55.71035],[37.01109,55.7104],[37.00943,55.70749],[37.01352,55.7073],[37.01352,55.70679],[37.01586,55.7066],[37.01593,55.70706],[37.02065,55.70692],[37.02072,55.70842],[37.02344,55.70902],[37.02425,55.70959],[37.02292,55.71011],[37.0197,55.7107],[37.01484,55.71076],[37.01642,55.71339],[37.01737,55.71566],[37.01476,55.71622],[37.01167,55.71586],[37.0128,55.71857],[37.01197,55.72029],[37.01138,55.72045],[37.00966,55.7197],[37.00832,55.71982],[37.00932,55.72298],[37.00706,55.7232],[37.00654,55.72368],[37.00672,55.72479],[37.00607,55.72532],[37.00036,55.72326],[36.99989,55.72296],[36.99898,55.72105],[36.99759,55.71967],[36.9959,55.719],[36.99287,55.71882],[36.99099,55.71909],[36.98521,55.72134],[36.98465,55.72095],[36.98157,55.72254],[36.97869,55.72337],[36.9774,55.72351],[36.97736,55.7242],[36.9763,55.72415],[36.97516,55.72509],[36.97223,55.72578],[36.96799,55.72781],[36.9669,55.72805],[36.96336,55.72775],[36.96222,55.72796],[36.96339,55.72951],[36.96209,55.72993],[36.96275,55.73125],[36.96286,55.73278],[36.96327,55.73372],[36.96525,55.73545],[36.96719,55.73602],[36.97063,55.73636],[36.97384,55.73626],[36.97767,55.73556],[36.97972,55.73476],[36.98071,55.73318],[36.98066,55.73211],[36.98272,55.73018],[36.98392,55.72955],[36.98497,55.72733],[36.98565,55.72733],[36.98772,55.7286],[36.99355,55.73156],[36.99086,55.73346],[36.99543,55.73592],[36.99427,55.73653],[36.99601,55.73696],[36.99659,55.73663],[36.99936,55.73836],[37.00234,55.73513],[37.00317,55.73517],[37.00511,55.73802],[37.00569,55.73966],[37.00255,55.73984],[36.99438,55.73802],[36.99181,55.73592],[36.9924,55.73562],[36.99088,55.73462],[36.98956,55.73474],[36.98561,55.73703],[36.98395,55.73853],[36.98811,55.73936],[36.98992,55.73935],[36.99252,55.73985],[36.99409,55.74058],[36.99279,55.74142],[36.99047,55.74185],[36.98914,55.74145],[36.99057,55.73992],[36.98324,55.73879],[36.98281,55.73921],[36.98138,55.73867],[36.98069,55.73958],[36.97758,55.74216],[36.97432,55.74111],[36.97547,55.74009],[36.97486,55.73984],[36.97639,55.73842],[36.97192,55.73809],[36.96821,55.73732],[36.96384,55.73616],[36.96354,55.73498],[36.962,55.73275],[36.94767,55.73176],[36.94693,55.73454],[36.94714,55.73571],[36.94629,55.73662],[36.93549,55.73699],[36.93632,55.73942],[36.94008,55.73873],[36.94118,55.73895],[36.94147,55.74223],[36.94299,55.74199],[36.94424,55.74315],[36.94358,55.7433],[36.9458,55.74548],[36.94524,55.74692],[36.94631,55.74742],[36.94511,55.74804],[36.94551,55.74855],[36.9468,55.74895],[36.94891,55.75],[36.94844,55.75028],[36.94911,55.75116],[36.94856,55.75182],[36.94617,55.7512],[36.94435,55.75365],[36.9442,55.75467],[36.94165,55.75432],[36.94139,55.75392],[36.93817,55.75393],[36.93481,55.74399],[36.93366,55.74261],[36.93082,55.74071],[36.92428,55.73677],[36.91641,55.73681],[36.91112,55.73612],[36.91051,55.73675],[36.91089,55.73847],[36.9097,55.73907],[36.90926,55.74006],[36.90805,55.74134],[36.90517,55.74123],[36.90512,55.74074],[36.90653,55.73969],[36.90713,55.73849],[36.91051,55.73857],[36.91084,55.73832],[36.91042,55.73675],[36.9111,55.73607],[36.91642,55.73676],[36.92402,55.73667],[36.9211,55.73272],[36.91797,55.73329],[36.91783,55.7329],[36.91939,55.73125],[36.91609,55.73263],[36.9142,55.73284],[36.9109,55.73245],[36.9093,55.73209],[36.90764,55.73224],[36.90407,55.73215],[36.90156,55.73241],[36.89606,55.73327],[36.89243,55.73337],[36.88958,55.73303],[36.88808,55.73444],[36.88854,55.73486],[36.88934,55.73403],[36.89004,55.73436],[36.89049,55.7336],[36.89173,55.73382],[36.89495,55.73382],[36.89698,55.73332],[36.89831,55.73329],[36.89973,55.73376],[36.89993,55.73514],[36.9006,55.73516],[36.90006,55.73838],[36.89912,55.74118],[36.89687,55.74217],[36.8972,55.74245],[36.89858,55.74181],[36.89975,55.74537],[36.90287,55.74491],[36.90522,55.74561],[36.90588,55.74685],[36.90779,55.74732],[36.90808,55.74875]]],[[[37.29864,55.80345],[37.30356,55.80356],[37.30292,55.80248],[37.30235,55.79863],[37.29317,55.7964],[37.29326,55.79806],[37.2905,55.80199],[37.29542,55.803],[37.29864,55.80345]]],[[[37.33449,55.79961],[37.335,55.8011],[37.3361,55.80207],[37.34278,55.80511],[37.34738,55.80656],[37.35114,55.80581],[37.35813,55.80374],[37.35912,55.80128],[37.35357,55.79867],[37.35209,55.79715],[37.34995,55.79699],[37.34868,55.79642],[37.35311,55.79437],[37.35782,55.79257],[37.36118,55.79162],[37.36801,55.78992],[37.3705,55.78824],[37.36654,55.78671],[37.36163,55.78506],[37.35949,55.78397],[37.36038,55.783],[37.35553,55.78014],[37.35223,55.77803],[37.35244,55.77376],[37.35063,55.77288],[37.34864,55.77073],[37.34707,55.76955],[37.34451,55.76976],[37.3445,55.7686],[37.33986,55.76902],[37.33834,55.76928],[37.34033,55.7704],[37.33828,55.77129],[37.33665,55.77118],[37.3323,55.77193],[37.33196,55.77138],[37.33225,55.76798],[37.33054,55.76785],[37.32855,55.76729],[37.3207,55.76682],[37.31894,55.76951],[37.31604,55.76915],[37.31276,55.76908],[37.30849,55.77059],[37.30981,55.77197],[37.31085,55.77544],[37.3153,55.7746],[37.32242,55.77694],[37.32297,55.77673],[37.32402,55.77753],[37.32347,55.77771],[37.32514,55.77905],[37.3268,55.77933],[37.3278,55.78002],[37.32841,55.78109],[37.32224,55.78336],[37.31283,55.78638],[37.31315,55.77975],[37.31184,55.78017],[37.31155,55.78415],[37.31061,55.78446],[37.31288,55.78779],[37.31541,55.78824],[37.31412,55.78984],[37.31249,55.79098],[37.31123,55.79123],[37.31006,55.79209],[37.31153,55.79259],[37.31604,55.79267],[37.31439,55.79369],[37.31708,55.79477],[37.32131,55.79613],[37.32357,55.79712],[37.32096,55.79782],[37.31853,55.79689],[37.31878,55.79648],[37.31674,55.79579],[37.31654,55.79624],[37.3152,55.79616],[37.31527,55.79689],[37.31266,55.79569],[37.31188,55.79686],[37.31168,55.79639],[37.30937,55.79585],[37.30911,55.79713],[37.30792,55.79723],[37.3103,55.79768],[37.31431,55.79813],[37.31477,55.79926],[37.31637,55.7994],[37.31938,55.80048],[37.32045,55.80037],[37.32179,55.80075],[37.32515,55.80055],[37.33449,55.79961]]],[[[37.3772,55.72908],[37.37574,55.73189],[37.37418,55.73215],[37.37398,55.73293],[37.37452,55.73432],[37.37355,55.73649],[37.37041,55.74253],[37.36895,55.74598],[37.36831,55.75013],[37.3683,55.75194],[37.36857,55.75688],[37.36849,55.76256],[37.36787,55.76304],[37.3679,55.76414],[37.36574,55.7642],[37.3669,55.7658],[37.36861,55.76694],[37.36854,55.76886],[37.36653,55.77001],[37.36669,55.77097],[37.36539,55.77181],[37.37506,55.76732],[37.38186,55.76422],[37.39712,55.7568],[37.42208,55.74483],[37.42346,55.74587],[37.42659,55.74773],[37.42866,55.7467],[37.42913,55.74698],[37.43144,55.74578],[37.43086,55.74532],[37.432,55.74456],[37.4332,55.74264],[37.43949,55.73971],[37.43966,55.7384],[37.43795,55.73726],[37.44173,55.7353],[37.44345,55.73424],[37.4452,55.73239],[37.44761,55.72691],[37.44009,55.72681],[37.42977,55.72688],[37.42392,55.72699],[37.41394,55.72703],[37.41193,55.72718],[37.40742,55.72784],[37.3916,55.72988],[37.38725,55.72971],[37.38191,55.7287],[37.37976,55.72871],[37.3772,55.72908]]],[[[37.38505,55.80931],[37.38496,55.80906],[37.38072,55.80936],[37.37939,55.80915],[37.37808,55.80778],[37.37784,55.80699],[37.37912,55.80654],[37.37857,55.80568],[37.37617,55.80573],[37.37528,55.80452],[37.3738,55.80356],[37.37356,55.80299],[37.37209,55.80335],[37.37296,55.80745],[37.37291,55.8088],[37.37175,55.80924],[37.37386,55.81259],[37.3765,55.81207],[37.37745,55.81269],[37.38022,55.81127],[37.37966,55.81067],[37.38108,55.81065],[37.38073,55.80966],[37.38505,55.80931]]]]}},
{"type":"Feature","properties":{"territory_id":2482,"name":"внутригородская территория города федерального значения муниципальный округ Можайский","region_name":"Москва","in_sample":true,"city":"moscow"},"geometry":{"type":"MultiPolygon","coordinates":[[[[37.3772,55.72908],[37.37976,55.72871],[37.38191,55.7287],[37.38725,55.72971],[37.3916,55.72988],[37.40742,55.72784],[37.41193,55.72718],[37.41394,55.72703],[37.42392,55.72699],[37.42977,55.72688],[37.44009,55.72681],[37.44761,55.72691],[37.45437,55.7114],[37.4547,55.70996],[37.45496,55.7091],[37.44872,55.70949],[37.44787,55.70701],[37.44451,55.70612],[37.43552,55.70574],[37.43337,55.70449],[37.43059,55.70416],[37.42405,55.70699],[37.42128,55.70807],[37.4205,55.70455],[37.41963,55.70468],[37.41399,55.70675],[37.41202,55.70757],[37.41195,55.70671],[37.41085,55.70624],[37.40802,55.70443],[37.40456,55.70276],[37.40462,55.70207],[37.40541,55.70177],[37.40597,55.70071],[37.40409,55.69948],[37.40216,55.69884],[37.40069,55.69789],[37.39834,55.69737],[37.39686,55.69652],[37.39547,55.6966],[37.39417,55.69619],[37.39361,55.69478],[37.3902,55.69678],[37.38421,55.69386],[37.38383,55.69317],[37.3828,55.69322],[37.38107,55.69264],[37.3772,55.69061],[37.37487,55.68894],[37.3715,55.69004],[37.3729,55.6911],[37.3679,55.69173],[37.3661,55.6901],[37.36432,55.69069],[37.36336,55.68996],[37.36273,55.68881],[37.36435,55.68824],[37.36395,55.68777],[37.35967,55.68904],[37.3611,55.68999],[37.35921,55.69091],[37.35927,55.6914],[37.35799,55.69177],[37.3558,55.68746],[37.35666,55.68771],[37.35507,55.68552],[37.3611,55.6821],[37.3581,55.67908],[37.35748,55.67924],[37.3543,55.67632],[37.34899,55.67856],[37.34609,55.6763],[37.33369,55.68042],[37.33164,55.68125],[37.32623,55.68276],[37.32929,55.68565],[37.32982,55.68544],[37.32687,55.68296],[37.33097,55.68155],[37.33251,55.68294],[37.33411,55.68205],[37.33482,55.68255],[37.33361,55.68323],[37.33372,55.6843],[37.32943,55.68579],[37.33065,55.68707],[37.33763,55.69352],[37.33869,55.69257],[37.3387,55.69137],[37.33786,55.69015],[37.33877,55.68874],[37.33881,55.68764],[37.33942,55.68734],[37.33976,55.68817],[37.34242,55.68872],[37.3423,55.68909],[37.34389,55.68926],[37.34401,55.6907],[37.34248,55.69251],[37.34254,55.6938],[37.34382,55.69614],[37.34457,55.6969],[37.34497,55.6984],[37.34738,55.69765],[37.35181,55.70017],[37.35146,55.70225],[37.35609,55.70477],[37.35638,55.7046],[37.35397,55.70314],[37.35416,55.70235],[37.35317,55.70181],[37.35337,55.70045],[37.35563,55.70052],[37.35577,55.69946],[37.35744,55.69952],[37.35732,55.70055],[37.36333,55.70074],[37.36331,55.70183],[37.36449,55.7009],[37.36563,55.70096],[37.36467,55.70186],[37.3656,55.70205],[37.3665,55.70309],[37.36682,55.70213],[37.36911,55.70248],[37.36795,55.70267],[37.36774,55.7033],[37.36878,55.70318],[37.37094,55.70369],[37.37041,55.70418],[37.36848,55.70369],[37.36616,55.707],[37.36909,55.70741],[37.36935,55.7085],[37.36848,55.70854],[37.36751,55.70797],[37.36519,55.70804],[37.36442,55.7089],[37.36944,55.71036],[37.37189,55.71096],[37.37562,55.71155],[37.37674,55.71067],[37.37757,55.70881],[37.3776,55.70417],[37.37819,55.69684],[37.38201,55.69854],[37.38545,55.69697],[37.38789,55.6981],[37.38983,55.69695],[37.39216,55.69842],[37.38865,55.70079],[37.39048,55.70244],[37.38824,55.70323],[37.38794,55.70432],[37.39248,55.70592],[37.38971,55.70812],[37.38666,55.71115],[37.3851,55.71185],[37.38264,55.71264],[37.38156,55.7126],[37.38222,55.71343],[37.38431,55.71517],[37.38112,55.72138],[37.38003,55.7224],[37.37845,55.72334],[37.37925,55.72429],[37.37927,55.72502],[37.3772,55.72908]]]]}},
{"type":"Feature","properties":{"territory_id":2483,"name":"внутригородская территория города федерального значения муниципальный округ Ново-Переделкино","region_name":"Москва","in_sample":true,"city":"moscow"},"geometry":{"type":"MultiPolygon","coordinates":[[[[37.36977,55.65952],[37.36785,55.6532],[37.36924,55.65177],[37.37074,55.65106],[37.37665,55.65112],[37.377,55.64918],[37.37575,55.64859],[37.37575,55.64808],[37.37429,55.64732],[37.37488,55.64707],[37.37433,55.64634],[37.37401,55.64491],[37.37294,55.64473],[37.37449,55.64351],[37.37449,55.64292],[37.37578,55.64172],[37.37442,55.64093],[37.37433,55.63924],[37.37386,55.63897],[37.37481,55.63835],[37.37494,55.63755],[37.37554,55.63784],[37.37531,55.6368],[37.37712,55.63606],[37.37943,55.63371],[37.38095,55.63269],[37.38712,55.63226],[37.37564,55.62494],[37.37757,55.62394],[37.3764,55.62323],[37.37334,55.62482],[37.37068,55.62538],[37.36791,55.62791],[37.36611,55.63055],[37.36238,55.62979],[37.35983,55.63139],[37.36015,55.63327],[37.35973,55.63386],[37.35884,55.63378],[37.35825,55.63476],[37.35528,55.63536],[37.35299,55.63543],[37.35064,55.63624],[37.34739,55.63443],[37.34255,55.63316],[37.34212,55.63379],[37.33855,55.63549],[37.33606,55.63518],[37.33441,55.63848],[37.33244,55.63955],[37.33035,55.63932],[37.32982,55.63987],[37.33029,55.64092],[37.32999,55.64184],[37.33065,55.64225],[37.3317,55.64453],[37.33205,55.64594],[37.3309,55.64728],[37.33284,55.64837],[37.335,55.65092],[37.33609,55.65188],[37.33786,55.65282],[37.34306,55.65406],[37.34213,55.65503],[37.34237,55.6555],[37.34153,55.65607],[37.34168,55.65678],[37.34407,55.65538],[37.34628,55.65629],[37.34439,55.65743],[37.34713,55.65956],[37.34409,55.66013],[37.34203,55.66013],[37.34312,55.66105],[37.34385,55.66237],[37.34765,55.66203],[37.34849,55.66291],[37.34805,55.66583],[37.34978,55.66556],[37.35229,55.6646],[37.35358,55.66372],[37.35051,55.66241],[37.35024,55.6612],[37.35289,55.66034],[37.35845,55.66258],[37.35824,55.66604],[37.36336,55.66866],[37.36462,55.66912],[37.36904,55.66892],[37.37,55.668],[37.36961,55.66104],[37.36977,55.65952]]]]}},
{"type":"Feature","properties":{"territory_id":2484,"name":"внутригородская территория города федерального значения муниципальный округ Очаково-Матвеевское","region_name":"Москва","in_sample":true,"city":"moscow"},"geometry":{"type":"MultiPolygon","coordinates":[[[[37.47756,55.68593],[37.47716,55.68571],[37.47314,55.68346],[37.4703,55.68164],[37.46068,55.67492],[37.45881,55.67377],[37.45667,55.67276],[37.45407,55.67179],[37.44759,55.66979],[37.44544,55.66887],[37.44338,55.66761],[37.43932,55.66418],[37.43656,55.66286],[37.43227,55.66201],[37.43056,55.66383],[37.4289,55.666],[37.41803,55.68055],[37.41748,55.68078],[37.41545,55.68204],[37.41471,55.68368],[37.41496,55.68527],[37.41385,55.68799],[37.4124,55.69042],[37.41037,55.69263],[37.40839,55.69422],[37.40216,55.69884],[37.40409,55.69948],[37.40597,55.70071],[37.40541,55.70177],[37.40462,55.70207],[37.40456,55.70276],[37.40802,55.70443],[37.41085,55.70624],[37.41195,55.70671],[37.41202,55.70757],[37.41399,55.70675],[37.41963,55.70468],[37.4205,55.70455],[37.42128,55.70807],[37.42405,55.70699],[37.43059,55.70416],[37.43337,55.70449],[37.43552,55.70574],[37.44451,55.70612],[37.44787,55.70701],[37.44872,55.70949],[37.45496,55.7091],[37.4547,55.70996],[37.45663,55.71005],[37.45804,55.71043],[37.45927,55.71029],[37.46046,55.71097],[37.46252,55.71106],[37.46389,55.71034],[37.46565,55.71102],[37.4658,55.71162],[37.46666,55.71132],[37.46803,55.71242],[37.46752,55.71279],[37.46577,55.71297],[37.46366,55.71354],[37.4638,55.71392],[37.46561,55.71516],[37.46682,55.71561],[37.46858,55.71482],[37.46802,55.71367],[37.47155,55.71412],[37.47073,55.71464],[37.47136,55.71564],[37.47061,55.71578],[37.47191,55.71638],[37.47208,55.71699],[37.47034,55.71805],[37.46913,55.7185],[37.46964,55.71931],[37.47051,55.71938],[37.4722,55.71842],[37.47306,55.71903],[37.47295,55.71966],[37.4749,55.72076],[37.47676,55.72153],[37.47881,55.7211],[37.48238,55.72116],[37.48467,55.72076],[37.48574,55.72025],[37.48657,55.7193],[37.48861,55.71896],[37.48869,55.71832],[37.49102,55.71846],[37.49252,55.71805],[37.49313,55.71888],[37.49246,55.71937],[37.493,55.72021],[37.49493,55.7201],[37.49309,55.71783],[37.49337,55.71549],[37.49293,55.71349],[37.49059,55.70928],[37.48815,55.70735],[37.48602,55.70631],[37.48148,55.7045],[37.47716,55.70262],[37.46955,55.6982],[37.46799,55.6968],[37.46632,55.69453],[37.47756,55.68593]]]]}},
{"type":"Feature","properties":{"territory_id":2485,"name":"внутригородская территория города федерального значения муниципальный округ Проспект Вернадского","region_name":"Москва","in_sample":true,"city":"moscow"},"geometry":{"type":"MultiPolygon","coordinates":[[[[37.524,55.67372],[37.52009,55.67088],[37.50654,55.66178],[37.50671,55.66293],[37.50508,55.66427],[37.503,55.66491],[37.50191,55.66566],[37.50151,55.66656],[37.50026,55.66709],[37.50015,55.66786],[37.49851,55.66874],[37.49258,55.67003],[37.48978,55.6696],[37.48837,55.66976],[37.48684,55.66958],[37.48463,55.67022],[37.48251,55.6719],[37.48169,55.6738],[37.47996,55.67576],[37.47734,55.6779],[37.47371,55.67887],[37.47384,55.67997],[37.47494,55.68193],[37.47812,55.68378],[37.47716,55.68571],[37.47756,55.68593],[37.47989,55.68355],[37.48138,55.68113],[37.48461,55.68306],[37.48629,55.6822],[37.48723,55.68241],[37.4899,55.68382],[37.487,55.68738],[37.48867,55.68861],[37.49144,55.68745],[37.49411,55.6867],[37.4962,55.68691],[37.49805,55.68803],[37.50098,55.6879],[37.50278,55.68763],[37.50414,55.68816],[37.50573,55.68789],[37.50729,55.68663],[37.50708,55.68487],[37.50792,55.68376],[37.50895,55.68331],[37.50946,55.68209],[37.50829,55.68112],[37.50903,55.67978],[37.51014,55.67884],[37.51166,55.67973],[37.51426,55.67829],[37.524,55.67372]]]]}},
{"type":"Feature","properties":{"territory_id":2486,"name":"внутригородская территория города федерального значения муниципальный округ Раменки","region_name":"Москва","in_sample":true,"city":"moscow"},"geometry":{"type":"MultiPolygon","coordinates":[[[[37.47756,55.68593],[37.46632,55.69453],[37.46799,55.6968],[37.46955,55.6982],[37.47716,55.70262],[37.48148,55.7045],[37.48602,55.70631],[37.48815,55.70735],[37.49059,55.70928],[37.49293,55.71349],[37.49337,55.71549],[37.49309,55.71783],[37.49493,55.7201],[37.49649,55.7217],[37.49857,55.72285],[37.50371,55.72483],[37.51,55.7276],[37.51433,55.72968],[37.51795,55.73116],[37.53132,55.73513],[37.53435,55.73568],[37.53847,55.73621],[37.54287,55.73314],[37.54779,55.72807],[37.5449,55.72706],[37.54307,55.72557],[37.54186,55.72404],[37.54118,55.72206],[37.54108,55.72013],[37.54189,55.71759],[37.54333,55.71562],[37.54594,55.71369],[37.54852,55.71226],[37.5529,55.71097],[37.55687,55.71034],[37.55923,55.71028],[37.53657,55.69356],[37.53005,55.68993],[37.51166,55.67973],[37.51014,55.67884],[37.50903,55.67978],[37.50829,55.68112],[37.50946,55.68209],[37.50895,55.68331],[37.50792,55.68376],[37.50708,55.68487],[37.50729,55.68663],[37.50573,55.68789],[37.50414,55.68816],[37.50278,55.68763],[37.50098,55.6879],[37.49805,55.68803],[37.4962,55.68691],[37.49411,55.6867],[37.49144,55.68745],[37.48867,55.68861],[37.487,55.68738],[37.4899,55.68382],[37.48723,55.68241],[37.48629,55.6822],[37.48461,55.68306],[37.48138,55.68113],[37.47989,55.68355],[37.47756,55.68593]]]]}},
{"type":"Feature","properties":{"territory_id":2487,"name":"внутригородская территория города федерального значения муниципальный округ Солнцево","region_name":"Москва","in_sample":true,"city":"moscow"},"geometry":{"type":"MultiPolygon","coordinates":[[[[37.36977,55.65952],[37.37095,55.65906],[37.37699,55.6591],[37.37832,55.65983],[37.3791,55.66253],[37.38007,55.66443],[37.3822,55.66457],[37.38616,55.66458],[37.38666,55.66441],[37.38807,55.66284],[37.38953,55.66176],[37.39413,55.66094],[37.39724,55.66104],[37.39989,55.66156],[37.40216,55.66152],[37.40466,55.66194],[37.40948,55.66296],[37.41198,55.66362],[37.41546,55.66476],[37.41307,55.66741],[37.40734,55.66968],[37.40673,55.67037],[37.40594,55.6701],[37.40403,55.67104],[37.4048,55.67283],[37.40571,55.67328],[37.40597,55.67446],[37.40893,55.67632],[37.41129,55.67749],[37.41058,55.67805],[37.41748,55.68078],[37.41803,55.68055],[37.4289,55.666],[37.43056,55.66383],[37.43227,55.66201],[37.43531,55.659],[37.43532,55.65866],[37.43421,55.65963],[37.42901,55.66109],[37.4267,55.66098],[37.4152,55.66016],[37.4152,55.65779],[37.41322,55.65767],[37.41459,55.65567],[37.41641,55.6558],[37.41745,55.65302],[37.41474,55.65223],[37.41501,55.65179],[37.41361,55.65116],[37.41549,55.64775],[37.41706,55.64807],[37.41706,55.64682],[37.41749,55.64491],[37.41739,55.64252],[37.41648,55.63912],[37.41652,55.63825],[37.41517,55.63833],[37.41509,55.6357],[37.41228,55.6359],[37.41007,55.62949],[37.40817,55.62965],[37.40317,55.63046],[37.3994,55.63021],[37.3982,55.63047],[37.39791,55.62878],[37.39465,55.62887],[37.39372,55.62783],[37.3877,55.6285],[37.3886,55.6317],[37.38712,55.63226],[37.38095,55.63269],[37.37943,55.63371],[37.37712,55.63606],[37.37531,55.6368],[37.37554,55.63784],[37.37494,55.63755],[37.37481,55.63835],[37.37386,55.63897],[37.37433,55.63924],[37.37442,55.64093],[37.37578,55.64172],[37.37449,55.64292],[37.37449,55.64351],[37.37294,55.64473],[37.37401,55.64491],[37.37433,55.64634],[37.37488,55.64707],[37.37429,55.64732],[37.37575,55.64808],[37.37575,55.64859],[37.377,55.64918],[37.37665,55.65112],[37.37074,55.65106],[37.36924,55.65177],[37.36785,55.6532],[37.36977,55.65952]]]]}},
{"type":"Feature","properties":{"territory_id":2488,"name":"внутригородская территория города федерального значения муниципальный округ Тропарево-Никулино","region_name":"Москва","in_sample":true,"city":"moscow"},"geometry":{"type":"MultiPolygon","coordinates":[[[[37.50654,55.66178],[37.50165,55.65852],[37.49561,55.65563],[37.48247,55.64946],[37.4782,55.64751],[37.46372,55.6407],[37.45572,55.63705],[37.45615,55.63769],[37.45677,55.64053],[37.44332,55.65202],[37.43886,55.65563],[37.43532,55.65866],[37.43531,55.659],[37.43227,55.66201],[37.43656,55.66286],[37.43932,55.66418],[37.44338,55.66761],[37.44544,55.66887],[37.44759,55.66979],[37.45407,55.67179],[37.45667,55.67276],[37.45881,55.67377],[37.46068,55.67492],[37.4703,55.68164],[37.47314,55.68346],[37.47716,55.68571],[37.47812,55.68378],[37.47494,55.68193],[37.47384,55.67997],[37.47371,55.67887],[37.47734,55.6779],[37.47996,55.67576],[37.48169,55.6738],[37.48251,55.6719],[37.48463,55.67022],[37.48684,55.66958],[37.48837,55.66976],[37.48978,55.6696],[37.49258,55.67003],[37.49851,55.66874],[37.50015,55.66786],[37.50026,55.66709],[37.50151,55.66656],[37.50191,55.66566],[37.503,55.66491],[37.50508,55.66427],[37.50671,55.66293],[37.50654,55.66178]]]]}},
{"type":"Feature","properties":{"territory_id":2489,"name":"внутригородская территория города федерального значения муниципальный округ Филевский парк","region_name":"Москва","in_sample":true,"city":"moscow"},"geometry":{"type":"MultiPolygon","coordinates":[[[[37.43795,55.73726],[37.43966,55.7384],[37.43949,55.73971],[37.4332,55.74264],[37.432,55.74456],[37.43086,55.74532],[37.43144,55.74578],[37.42913,55.74698],[37.42866,55.7467],[37.42659,55.74773],[37.4294,55.74937],[37.43099,55.74996],[37.43304,55.75006],[37.43692,55.74926],[37.43635,55.74787],[37.43738,55.74642],[37.43974,55.74522],[37.44248,55.74357],[37.44446,55.74261],[37.44652,55.74186],[37.44927,55.74113],[37.45253,55.7406],[37.45532,55.7406],[37.45914,55.74121],[37.4618,55.74186],[37.4648,55.7429],[37.46738,55.74403],[37.47102,55.74611],[37.47278,55.74727],[37.47416,55.7485],[37.47514,55.74988],[37.47617,55.75229],[37.47677,55.75691],[37.47617,55.76171],[37.47639,55.76451],[37.47806,55.76669],[37.48004,55.76771],[37.48451,55.76817],[37.48718,55.76819],[37.48972,55.76796],[37.49205,55.76736],[37.49815,55.7655],[37.50106,55.76437],[37.50583,55.76178],[37.51166,55.75966],[37.51393,55.75842],[37.5163,55.75683],[37.51767,55.75464],[37.51814,55.75321],[37.52023,55.75002],[37.52242,55.74728],[37.51717,55.74538],[37.51444,55.74373],[37.50803,55.73801],[37.5052,55.73664],[37.49854,55.7346],[37.49584,55.73404],[37.48929,55.73301],[37.48016,55.74305],[37.46036,55.73755],[37.46031,55.73726],[37.4543,55.73592],[37.45272,55.73724],[37.45063,55.73694],[37.45098,55.73656],[37.44862,55.73589],[37.44746,55.73614],[37.44725,55.73508],[37.44492,55.73483],[37.43795,55.73726]]]]}},
{"type":"Feature","properties":{"territory_id":2490,"name":"внутригородская территория города федерального значения муниципальный округ Фили-Давыдково","region_name":"Москва","in_sample":true,"city":"moscow"},"geometry":{"type":"MultiPolygon","coordinates":[[[[37.48929,55.73301],[37.49857,55.72285],[37.49649,55.7217],[37.49493,55.7201],[37.493,55.72021],[37.49246,55.71937],[37.49313,55.71888],[37.49252,55.71805],[37.49102,55.71846],[37.48869,55.71832],[37.48861,55.71896],[37.48657,55.7193],[37.48574,55.72025],[37.48467,55.72076],[37.48238,55.72116],[37.47881,55.7211],[37.47676,55.72153],[37.4749,55.72076],[37.47295,55.71966],[37.47306,55.71903],[37.4722,55.71842],[37.47051,55.71938],[37.46964,55.71931],[37.46913,55.7185],[37.47034,55.71805],[37.47208,55.71699],[37.47191,55.71638],[37.47061,55.71578],[37.47136,55.71564],[37.47073,55.71464],[37.47155,55.71412],[37.46802,55.71367],[37.46858,55.71482],[37.46682,55.71561],[37.46561,55.71516],[37.4638,55.71392],[37.46366,55.71354],[37.46577,55.71297],[37.46752,55.71279],[37.46803,55.71242],[37.46666,55.71132],[37.4658,55.71162],[37.46565,55.71102],[37.46389,55.71034],[37.46252,55.71106],[37.46046,55.71097],[37.45927,55.71029],[37.45804,55.71043],[37.45663,55.71005],[37.4547,55.70996],[37.45437,55.7114],[37.44761,55.72691],[37.4452,55.73239],[37.44345,55.73424],[37.44173,55.7353],[37.43795,55.73726],[37.44492,55.73483],[37.44725,55.73508],[37.44746,55.73614],[37.44862,55.73589],[37.45098,55.73656],[37.45063,55.73694],[37.45272,55.73724],[37.4543,55.73592],[37.46031,55.73726],[37.46036,55.73755],[37.48016,55.74305],[37.48929,55.73301]]]]}},
{"type":"Feature","properties":{"territory_id":2491,"name":"внутригородская территория города федерального значения муниципальный округ Крюково","region_name":"Москва","in_sample":true,"city":"moscow"},"geometry":{"type":"MultiPolygon","coordinates":[[[[37.15064,55.99923],[37.16772,55.98447],[37.17063,55.98226],[37.17327,55.98044],[37.17968,55.97715],[37.18149,55.97636],[37.18461,55.9753],[37.18879,55.97413],[37.20228,55.97112],[37.20835,55.96981],[37.20767,55.96872],[37.20892,55.96868],[37.20912,55.96819],[37.21157,55.96715],[37.20928,55.96442],[37.20581,55.96321],[37.20565,55.96284],[37.20688,55.96144],[37.2073,55.96145],[37.20933,55.96017],[37.21018,55.95737],[37.21138,55.95642],[37.21296,55.95584],[37.21383,55.9566],[37.21534,55.95632],[37.21725,55.95791],[37.21939,55.95712],[37.21856,55.95521],[37.22079,55.95403],[37.21928,55.95307],[37.21845,55.95147],[37.21991,55.95023],[37.21771,55.94803],[37.21651,55.94872],[37.2158,55.94849],[37.21448,55.9488],[37.21357,55.94829],[37.21196,55.94878],[37.21114,55.94808],[37.20872,55.94871],[37.2081,55.94916],[37.20488,55.9482],[37.20235,55.9486],[37.20153,55.94941],[37.20292,55.95177],[37.20285,55.95322],[37.19591,55.95472],[37.19523,55.95377],[37.19386,55.9545],[37.19433,55.95504],[37.18882,55.95611],[37.18753,55.95545],[37.1864,55.95309],[37.18322,55.95426],[37.18424,55.95507],[37.18334,55.95563],[37.1844,55.9574],[37.18272,55.95825],[37.18251,55.95873],[37.18141,55.95845],[37.17817,55.95839],[37.178,55.95868],[37.17528,55.95751],[37.17298,55.95778],[37.17249,55.95847],[37.1738,55.95935],[37.17329,55.96002],[37.17147,55.96068],[37.16864,55.9607],[37.16894,55.95992],[37.16815,55.95951],[37.16901,55.9588],[37.16764,55.95906],[37.1673,55.95852],[37.16591,55.95852],[37.16599,55.95908],[37.16306,55.95902],[37.16198,55.95995],[37.16194,55.96118],[37.16127,55.9618],[37.16047,55.96144],[37.16017,55.96208],[37.15808,55.962],[37.15685,55.96256],[37.15676,55.96214],[37.15425,55.96196],[37.15418,55.96243],[37.15304,55.96189],[37.15116,55.96188],[37.15072,55.96253],[37.14962,55.96229],[37.14923,55.96304],[37.14661,55.96372],[37.1483,55.9656],[37.14701,55.96603],[37.1456,55.96604],[37.14585,55.96807],[37.14638,55.96997],[37.14877,55.97027],[37.14873,55.97699],[37.14735,55.98067],[37.14439,55.98932],[37.14409,55.98988],[37.1456,55.99012],[37.14693,55.99102],[37.14784,55.9908],[37.14958,55.99117],[37.14882,55.99212],[37.15069,55.99313],[37.15274,55.99306],[37.15271,55.99424],[37.15137,55.99621],[37.14993,55.99657],[37.15025,55.99753],[37.1492,55.99834],[37.15064,55.99923]]]]}},
{"type":"Feature","properties":{"territory_id":2492,"name":"внутригородская территория города федерального значения муниципальный округ Матушкино","region_name":"Москва","in_sample":true,"city":"moscow"},"geometry":{"type":"MultiPolygon","coordinates":[[[[37.21243,55.98703],[37.21078,55.98704],[37.20873,55.98782],[37.20687,55.98751],[37.20501,55.98799],[37.20523,55.99056],[37.20474,55.99086],[37.20509,55.99173],[37.20441,55.99256],[37.20429,55.99364],[37.20326,55.9934],[37.20165,55.99541],[37.19975,55.99686],[37.19812,55.99736],[37.19782,55.99852],[37.19702,55.99867],[37.19697,55.99956],[37.20073,56.0],[37.20087,56.00124],[37.19994,56.00252],[37.1987,56.00228],[37.19894,56.00313],[37.19809,56.00307],[37.19643,56.00353],[37.196,56.00413],[37.19429,56.00436],[37.19169,56.00347],[37.19122,56.00281],[37.18928,56.00204],[37.18785,56.002],[37.1863,56.00241],[37.18698,56.00343],[37.18645,56.00382],[37.18458,56.00396],[37.18453,56.00524],[37.1791,56.00529],[37.17853,56.00795],[37.18175,56.00837],[37.1801,56.01117],[37.18039,56.01146],[37.18416,56.01218],[37.19047,56.01351],[37.19194,56.01484],[37.19557,56.0186],[37.20325,56.01549],[37.20383,56.01594],[37.2069,56.01717],[37.20738,56.01715],[37.2113,56.01298],[37.21066,56.01243],[37.21477,56.01095],[37.22869,56.00557],[37.23176,56.00443],[37.22942,56.00415],[37.22525,56.00441],[37.22556,56.00249],[37.22607,56.00256],[37.2273,56.00046],[37.22802,56.00009],[37.22847,55.99912],[37.22742,55.99815],[37.22579,55.99857],[37.22585,55.999],[37.22237,55.99958],[37.22244,55.99989],[37.22037,56.00007],[37.22031,55.99926],[37.212,56.00125],[37.2095,56.00082],[37.21399,55.99327],[37.21404,55.99263],[37.21306,55.98992],[37.21337,55.98918],[37.21243,55.98703]]]]}},
{"type":"Feature","properties":{"territory_id":2493,"name":"внутригородская территория города федерального значения муниципальный округ Силино","region_name":"Москва","in_sample":true,"city":"moscow"},"geometry":{"type":"MultiPolygon","coordinates":[[[[37.19557,56.0186],[37.19194,56.01484],[37.19047,56.01351],[37.18416,56.01218],[37.18039,56.01146],[37.1801,56.01117],[37.18175,56.00837],[37.17853,56.00795],[37.1791,56.00529],[37.18453,56.00524],[37.18458,56.00396],[37.18645,56.00382],[37.18698,56.00343],[37.1863,56.00241],[37.18785,56.002],[37.18928,56.00204],[37.19122,56.00281],[37.19169,56.00347],[37.19429,56.00436],[37.196,56.00413],[37.19643,56.00353],[37.19809,56.00307],[37.19894,56.00313],[37.1987,56.00228],[37.19994,56.00252],[37.20087,56.00124],[37.20073,56.0],[37.19697,55.99956],[37.19702,55.99867],[37.19782,55.99852],[37.19812,55.99736],[37.19975,55.99686],[37.20165,55.99541],[37.20326,55.9934],[37.20429,55.99364],[37.20441,55.99256],[37.20509,55.99173],[37.20474,55.99086],[37.20523,55.99056],[37.20501,55.98799],[37.20293,55.98858],[37.20249,55.98815],[37.20056,55.98819],[37.19847,55.98905],[37.19572,55.98898],[37.19566,55.99006],[37.19469,55.99013],[37.19383,55.99102],[37.19271,55.99106],[37.19211,55.99166],[37.19015,55.99112],[37.18898,55.99107],[37.18519,55.99034],[37.17962,55.98412],[37.17759,55.98247],[37.17327,55.98044],[37.17063,55.98226],[37.16772,55.98447],[37.15064,55.99923],[37.15117,55.99955],[37.14698,56.00335],[37.14328,56.00636],[37.13942,56.00972],[37.13907,56.00959],[37.13395,56.01443],[37.1316,56.01645],[37.13266,56.01678],[37.13609,56.01911],[37.13893,56.01789],[37.13875,56.01837],[37.14335,56.01769],[37.14524,56.01809],[37.15009,56.01722],[37.15052,56.0165],[37.15505,56.01764],[37.15826,56.018],[37.15975,56.01636],[37.15919,56.01534],[37.15996,56.01444],[37.15866,56.01414],[37.15886,56.0137],[37.16173,56.01322],[37.16266,56.01394],[37.16382,56.0136],[37.16462,56.01423],[37.16774,56.01389],[37.17125,56.01463],[37.17761,56.01513],[37.17912,56.01605],[37.18147,56.01672],[37.18528,56.01892],[37.18421,56.01972],[37.18466,56.02016],[37.187,56.01999],[37.18898,56.02122],[37.19557,56.0186]]]]}},
{"type":"Feature","properties":{"territory_id":2494,"name":"внутригородская территория города федерального значения муниципальный округ Аэропорт","region_name":"Москва","in_sample":true,"city":"moscow"},"geometry":{"type":"MultiPolygon","coordinates":[[[[37.5745,55.79165],[37.57383,55.79135],[37.56574,55.78548],[37.55117,55.79191],[37.53287,55.80006],[37.5306,55.80088],[37.52746,55.8017],[37.52044,55.80374],[37.51101,55.80608],[37.51466,55.81023],[37.51688,55.81196],[37.5195,55.81517],[37.5301,55.81561],[37.53259,55.81542],[37.53528,55.81477],[37.53648,55.81426],[37.54078,55.8119],[37.54946,55.80708],[37.54846,55.80663],[37.55106,55.80464],[37.55572,55.80073],[37.56108,55.7957],[37.56377,55.7936],[37.56959,55.79141],[37.5745,55.79165]]]]}},
{"type":"Feature","properties":{"territory_id":2495,"name":"внутригородская территория города федерального значения муниципальный округ Беговой","region_name":"Москва","in_sample":true,"city":"moscow"},"geometry":{"type":"MultiPolygon","coordinates":[[[[37.58653,55.79344],[37.5878,55.79264],[37.58863,55.79206],[37.58787,55.78971],[37.58684,55.78524],[37.58544,55.78102],[37.58479,55.77987],[37.58325,55.77871],[37.5811,55.77743],[37.5781,55.77615],[37.57523,55.77552],[37.57108,55.77543],[37.55551,55.77384],[37.55192,55.77341],[37.55169,55.77413],[37.55284,55.77445],[37.55426,55.77529],[37.55503,55.77612],[37.55075,55.77749],[37.5455,55.7808],[37.54409,55.78358],[37.54199,55.78346],[37.54087,55.78496],[37.54202,55.78547],[37.54821,55.78991],[37.55117,55.79191],[37.56574,55.78548],[37.57383,55.79135],[37.5745,55.79165],[37.58399,55.79222],[37.58653,55.79344]]]]}},
{"type":"Feature","properties":{"territory_id":2496,"name":"внутригородская территория города федерального значения муниципальный округ Бескудниковский","region_name":"Москва","in_sample":true,"city":"moscow"},"geometry":{"type":"MultiPolygon","coordinates":[[[[37.54628,55.87832],[37.54666,55.8774],[37.55328,55.87839],[37.55319,55.87856],[37.55636,55.87908],[37.55761,55.879],[37.55763,55.87629],[37.55819,55.87419],[37.56664,55.86351],[37.56397,55.86298],[37.56465,55.86157],[37.56319,55.86162],[37.56389,55.85942],[37.565,55.85933],[37.565,55.85981],[37.56703,55.85982],[37.56787,55.85934],[37.56658,55.85538],[37.56682,55.85443],[37.57271,55.85473],[37.57291,55.85142],[37.57377,55.84848],[37.56978,55.84916],[37.56691,55.84951],[37.564,55.8532],[37.56077,55.85697],[37.56025,55.85735],[37.55167,55.86178],[37.54852,55.86365],[37.53324,55.87085],[37.53144,55.87163],[37.52966,55.87283],[37.53183,55.87342],[37.53083,55.87451],[37.5341,55.87531],[37.53374,55.87611],[37.54628,55.87832]]]]}},
{"type":"Feature","properties":{"territory_id":2497,"name":"внутригородская территория города федерального значения муниципальный округ Войковский","region_name":"Москва","in_sample":true,"city":"moscow"},"geometry":{"type":"MultiPolygon","coordinates":[[[[37.5195,55.81517],[37.50978,55.81477],[37.50025,55.81493],[37.48686,55.81533],[37.4867,55.81743],[37.48753,55.81987],[37.48897,55.82168],[37.49072,55.8231],[37.49337,55.82448],[37.49108,55.82727],[37.48869,55.82664],[37.4856,55.82652],[37.48282,55.82693],[37.48039,55.82702],[37.47849,55.8266],[37.47795,55.82679],[37.47442,55.82983],[37.47447,55.83],[37.47832,55.83047],[37.47912,55.83075],[37.47898,55.83155],[37.47782,55.83285],[37.47422,55.83597],[37.47218,55.83718],[37.47168,55.83779],[37.47259,55.84035],[37.47693,55.84108],[37.47987,55.84134],[37.48137,55.83934],[37.49361,55.83936],[37.50453,55.83717],[37.50484,55.83717],[37.50692,55.83558],[37.50877,55.83314],[37.50778,55.83209],[37.5105,55.83064],[37.51148,55.8298],[37.51471,55.82789],[37.51436,55.82744],[37.51944,55.8213],[37.51949,55.82104],[37.51788,55.81863],[37.52162,55.8176],[37.51945,55.81585],[37.5195,55.81517]]]]}},
{"type":"Feature","properties":{"territory_id":2498,"name":"внутригородская территория города федерального значения муниципальный округ Восточное Дегунино","region_name":"Москва","in_sample":true,"city":"moscow"},"geometry":{"type":"MultiPolygon","coordinates":[[[[37.55198,55.89777],[37.55904,55.89523],[37.56406,55.89327],[37.5659,55.89193],[37.56706,55.89016],[37.5674,55.8873],[37.5675,55.88455],[37.56816,55.87828],[37.56847,55.87699],[37.57137,55.87018],[37.57433,55.863],[37.57468,55.86114],[37.57415,55.8586],[37.57271,55.85473],[37.56682,55.85443],[37.56658,55.85538],[37.56787,55.85934],[37.56703,55.85982],[37.565,55.85981],[37.565,55.85933],[37.56389,55.85942],[37.56319,55.86162],[37.56465,55.86157],[37.56397,55.86298],[37.56664,55.86351],[37.55819,55.87419],[37.55763,55.87629],[37.55761,55.879],[37.55636,55.87908],[37.55319,55.87856],[37.55328,55.87839],[37.54666,55.8774],[37.54628,55.87832],[37.54392,55.8822],[37.5433,55.88415],[37.54304,55.88724],[37.55082,55.88732],[37.55096,55.89062],[37.55034,55.89063],[37.55031,55.89172],[37.55119,55.89184],[37.55144,55.89319],[37.55135,55.89668],[37.55198,55.89777]]]]}},
{"type":"Feature","properties":{"territory_id":2499,"name":"внутригородская территория города федерального значения муниципальный округ Головинский","region_name":"Москва","in_sample":true,"city":"moscow"},"geometry":{"type":"MultiPolygon","coordinates":[[[[37.51419,55.86769],[37.54704,55.85352],[37.55518,55.84836],[37.55196,55.84728],[37.54995,55.84677],[37.53048,55.84271],[37.52306,55.84106],[37.52234,55.84172],[37.52094,55.84124],[37.51927,55.84137],[37.51724,55.84054],[37.51474,55.83792],[37.50484,55.83717],[37.50453,55.83717],[37.49361,55.83936],[37.48137,55.83934],[37.47987,55.84134],[37.47693,55.84108],[37.47259,55.84035],[37.47227,55.84177],[37.47035,55.84273],[37.46885,55.84354],[37.46807,55.84468],[37.46538,55.84623],[37.46446,55.84712],[37.46733,55.84811],[37.4742,55.84978],[37.47643,55.8502],[37.48065,55.85049],[37.48485,55.8503],[37.49117,55.85068],[37.4925,55.85098],[37.49681,55.85252],[37.51119,55.85774],[37.50531,55.86201],[37.50542,55.86239],[37.51018,55.86448],[37.51419,55.86769]]]]}},
{"type":"Feature","properties":{"territory_id":2500,"name":"внутригородская территория города федерального значения муниципальный округ Дмитровский","region_name":"Москва","in_sample":true,"city":"moscow"},"geometry":{"type":"MultiPolygon","coordinates":[[[[37.49625,55.89248],[37.50722,55.8973],[37.51765,55.90199],[37.52445,55.90492],[37.52794,55.90602],[37.5319,55.90683],[37.53632,55.90757],[37.53683,55.90712],[37.53761,55.90548],[37.53869,55.904],[37.54166,55.90173],[37.54412,55.90067],[37.55198,55.89777],[37.55135,55.89668],[37.55144,55.89319],[37.55119,55.89184],[37.55031,55.89172],[37.55034,55.89063],[37.55096,55.89062],[37.55082,55.88732],[37.54304,55.88724],[37.5433,55.88415],[37.54392,55.8822],[37.54628,55.87832],[37.53374,55.87611],[37.5341,55.87531],[37.53083,55.87451],[37.53183,55.87342],[37.52966,55.87283],[37.52633,55.87503],[37.51167,55.88929],[37.50894,55.88796],[37.50602,55.88609],[37.50452,55.88733],[37.50147,55.88938],[37.49757,55.89129],[37.49625,55.89248]]]]}},
{"type":"Feature","properties":{"territory_id":2501,"name":"внутригородская территория города федерального значения муниципальный округ Западное Дегунино","region_name":"Москва","in_sample":true,"city":"moscow"},"geometry":{"type":"MultiPolygon","coordinates":[[[[37.56691,55.84951],[37.56433,55.84972],[37.56099,55.84964],[37.5585,55.84931],[37.55518,55.84836],[37.54704,55.85352],[37.51419,55.86769],[37.51257,55.86846],[37.47453,55.88488],[37.4737,55.8853],[37.47593,55.88586],[37.47994,55.88732],[37.48232,55.88838],[37.48399,55.89065],[37.48475,55.88893],[37.48594,55.8884],[37.49286,55.89098],[37.49375,55.89225],[37.49481,55.89281],[37.49625,55.89248],[37.49757,55.89129],[37.50147,55.88938],[37.50452,55.88733],[37.50602,55.88609],[37.50894,55.88796],[37.51167,55.88929],[37.52633,55.87503],[37.52966,55.87283],[37.53144,55.87163],[37.53324,55.87085],[37.54852,55.86365],[37.55167,55.86178],[37.56025,55.85735],[37.56077,55.85697],[37.564,55.8532],[37.56691,55.84951]]]]}},
{"type":"Feature","properties":{"territory_id":2502,"name":"внутригородская территория города федерального значения муниципальный округ Коптево","region_name":"Москва","in_sample":true,"city":"moscow"},"geometry":{"type":"MultiPolygon","coordinates":[[[[37.50484,55.83717],[37.51474,55.83792],[37.51724,55.84054],[37.51927,55.84137],[37.52094,55.84124],[37.52234,55.84172],[37.52306,55.84106],[37.53048,55.84271],[37.54995,55.84677],[37.55196,55.84728],[37.55518,55.84836],[37.56054,55.84484],[37.55877,55.8441],[37.54061,55.83733],[37.53847,55.83643],[37.5342,55.83396],[37.53178,55.83139],[37.53245,55.82962],[37.53283,55.82547],[37.53216,55.82346],[37.53198,55.82185],[37.53527,55.81973],[37.53847,55.81643],[37.54094,55.81231],[37.54078,55.8119],[37.53648,55.81426],[37.53528,55.81477],[37.53259,55.81542],[37.5301,55.81561],[37.5195,55.81517],[37.51945,55.81585],[37.52162,55.8176],[37.51788,55.81863],[37.51949,55.82104],[37.51944,55.8213],[37.51436,55.82744],[37.51471,55.82789],[37.51148,55.8298],[37.5105,55.83064],[37.50778,55.83209],[37.50877,55.83314],[37.50692,55.83558],[37.50484,55.83717]]]]}},
{"type":"Feature","properties":{"territory_id":2503,"name":"внутригородская территория города федерального значения муниципальный округ Левобережный","region_name":"Москва","in_sample":true,"city":"moscow"},"geometry":{"type":"MultiPolygon","coordinates":[[[[37.43648,55.87958],[37.44047,55.88082],[37.44145,55.88147],[37.44198,55.88276],[37.44154,55.88384],[37.44242,55.88417],[37.4437,55.88325],[37.44457,55.88304],[37.44873,55.88277],[37.4546,55.88303],[37.45557,55.8832],[37.46283,55.88322],[37.46472,55.88346],[37.46249,55.88272],[37.46253,55.88186],[37.46596,55.87998],[37.46942,55.87657],[37.46921,55.87617],[37.47911,55.86672],[37.47645,55.86606],[37.47934,55.86332],[37.48545,55.85822],[37.48915,55.85913],[37.49681,55.85252],[37.4925,55.85098],[37.49117,55.85068],[37.48485,55.8503],[37.48065,55.85049],[37.47643,55.8502],[37.4742,55.84978],[37.46733,55.84811],[37.46446,55.84712],[37.46349,55.8482],[37.4636,55.84909],[37.46289,55.85008],[37.46133,55.85104],[37.46085,55.853],[37.46018,55.85411],[37.45945,55.85632],[37.45771,55.85984],[37.4566,55.86086],[37.45509,55.86469],[37.45455,55.86714],[37.4546,55.86849],[37.45397,55.87012],[37.45145,55.87026],[37.44762,55.87198],[37.44494,55.87342],[37.44262,55.87441],[37.43872,55.87653],[37.43798,55.87722],[37.43778,55.87856],[37.43648,55.87958]]]]}},
{"type":"Feature","properties":{"territory_id":2504,"name":"внутригородская территория города федерального значения муниципальный округ Молжаниновский","region_name":"Москва","in_sample":true,"city":"moscow"},"geometry":{"type":"MultiPolygon","coordinates":[[[[37.39002,55.91284],[37.38672,55.91166],[37.38232,55.91135],[37.37835,55.91149],[37.3768,55.91124],[37.37296,55.90964],[37.36986,55.9082],[37.36814,55.91023],[37.36575,55.9141],[37.36603,55.91538],[37.36967,55.91751],[37.36885,55.91796],[37.37174,55.91964],[37.37697,55.9207],[37.37782,55.92111],[37.37564,55.92171],[37.37168,55.92339],[37.36103,55.92806],[37.35646,55.92995],[37.3497,55.92678],[37.34922,55.92604],[37.34371,55.92418],[37.34353,55.92664],[37.33983,55.93073],[37.33669,55.93266],[37.33345,55.93359],[37.33132,55.93387],[37.33496,55.93538],[37.3363,55.93478],[37.33678,55.93499],[37.33582,55.93574],[37.33738,55.93641],[37.33821,55.93638],[37.33867,55.93706],[37.34327,55.93896],[37.34955,55.93663],[37.35088,55.93745],[37.35145,55.93722],[37.3541,55.93891],[37.35039,55.94048],[37.35101,55.94079],[37.34745,55.94294],[37.34791,55.94323],[37.3417,55.94675],[37.34053,55.94627],[37.33857,55.94801],[37.33852,55.94886],[37.33644,55.95071],[37.33503,55.95359],[37.33947,55.95483],[37.3418,55.95598],[37.34102,55.95656],[37.34157,55.95683],[37.34299,55.95643],[37.34457,55.95641],[37.34793,55.95677],[37.34958,55.95729],[37.35019,55.95692],[37.34733,55.95533],[37.34654,55.95469],[37.34633,55.9538],[37.34695,55.9531],[37.34882,55.95189],[37.35039,55.95248],[37.35213,55.95149],[37.35349,55.95113],[37.35476,55.95171],[37.356,55.95354],[37.358,55.95333],[37.35771,55.95448],[37.35921,55.95478],[37.35821,55.95564],[37.35945,55.95597],[37.37197,55.95614],[37.37623,55.95544],[37.37516,55.95441],[37.37525,55.95359],[37.3772,55.95248],[37.38094,55.95096],[37.38215,55.9508],[37.38371,55.95151],[37.38292,55.95228],[37.38332,55.95296],[37.38528,55.9532],[37.38637,55.95286],[37.38762,55.95333],[37.38922,55.95308],[37.38938,55.95232],[37.39026,55.95199],[37.39279,55.95227],[37.39299,55.95129],[37.39203,55.95083],[37.39161,55.95003],[37.39208,55.94912],[37.39419,55.94859],[37.39659,55.94938],[37.39922,55.94994],[37.40078,55.95009],[37.40517,55.9509],[37.4079,55.95171],[37.40832,55.95305],[37.40743,55.95309],[37.40815,55.95391],[37.40972,55.95421],[37.41054,55.954],[37.41083,55.95328],[37.41217,55.95349],[37.41241,55.95395],[37.41453,55.95462],[37.41642,55.95432],[37.41679,55.95342],[37.41924,55.95328],[37.42046,55.95252],[37.41985,55.95158],[37.42246,55.95131],[37.42178,55.95024],[37.42071,55.94972],[37.42114,55.94748],[37.4193,55.9467],[37.4168,55.94674],[37.41556,55.94576],[37.41037,55.94526],[37.40858,55.94277],[37.40842,55.94113],[37.40745,55.93985],[37.40772,55.93929],[37.40666,55.93903],[37.40767,55.93469],[37.40947,55.93302],[37.41017,55.93191],[37.41016,55.93044],[37.40943,55.92964],[37.40775,55.92903],[37.41027,55.92721],[37.41062,55.92525],[37.40841,55.92413],[37.39685,55.92617],[37.39433,55.92266],[37.39385,55.92114],[37.39494,55.91933],[37.39871,55.91662],[37.39578,55.9155],[37.39426,55.91449],[37.39002,55.91284]]]]}},
{"type":"Feature","properties":{"territory_id":2505,"name":"внутригородская территория города федерального значения муниципальный округ Савеловский","region_name":"Москва","in_sample":true,"city":"moscow"},"geometry":{"type":"MultiPolygon","coordinates":[[[[37.58065,55.80829],[37.58234,55.80552],[37.58351,55.80102],[37.58397,55.79849],[37.58432,55.79532],[37.585,55.79437],[37.58653,55.79344],[37.58399,55.79222],[37.5745,55.79165],[37.56959,55.79141],[37.56377,55.7936],[37.56108,55.7957],[37.55572,55.80073],[37.55106,55.80464],[37.54846,55.80663],[37.54946,55.80708],[37.55227,55.80583],[37.55585,55.80502],[37.55838,55.80487],[37.56006,55.80501],[37.57204,55.80677],[37.57586,55.80752],[37.58065,55.80829]]]]}},
{"type":"Feature","properties":{"territory_id":2506,"name":"внутригородская территория города федерального значения муниципальный округ Сокол","region_name":"Москва","in_sample":true,"city":"moscow"},"geometry":{"type":"MultiPolygon","coordinates":[[[[37.5195,55.81517],[37.51688,55.81196],[37.51466,55.81023],[37.51101,55.80608],[37.52044,55.80374],[37.52019,55.80258],[37.51789,55.79476],[37.51878,55.79452],[37.51829,55.7935],[37.51379,55.7927],[37.50382,55.79108],[37.50325,55.79345],[37.50212,55.79545],[37.49086,55.80848],[37.48766,55.81244],[37.48703,55.81395],[37.48686,55.81533],[37.50025,55.81493],[37.50978,55.81477],[37.5195,55.81517]]]]}},
{"type":"Feature","properties":{"territory_id":2507,"name":"внутригородская территория города федерального значения муниципальный округ Тимирязевский","region_name":"Москва","in_sample":true,"city":"moscow"},"geometry":{"type":"MultiPolygon","coordinates":[[[[37.55518,55.84836],[37.5585,55.84931],[37.56099,55.84964],[37.56433,55.84972],[37.56691,55.84951],[37.56978,55.84916],[37.57377,55.84848],[37.57526,55.84422],[37.57605,55.8431],[37.57771,55.84144],[37.57867,55.83944],[37.57864,55.83791],[37.57815,55.83679],[37.57611,55.8348],[37.57468,55.83363],[37.57387,55.8324],[37.57358,55.83058],[37.57395,55.8228],[37.57455,55.82112],[37.57754,55.81712],[37.57806,55.81605],[37.57868,55.81314],[37.57961,55.81148],[37.58105,55.81051],[37.58473,55.80868],[37.58065,55.80829],[37.57586,55.80752],[37.57204,55.80677],[37.56006,55.80501],[37.55838,55.80487],[37.55585,55.80502],[37.55227,55.80583],[37.54946,55.80708],[37.54078,55.8119],[37.54094,55.81231],[37.53847,55.81643],[37.53527,55.81973],[37.53198,55.82185],[37.53216,55.82346],[37.53283,55.82547],[37.53245,55.82962],[37.53178,55.83139],[37.5342,55.83396],[37.53847,55.83643],[37.54061,55.83733],[37.55877,55.8441],[37.56054,55.84484],[37.55518,55.84836]]]]}},
{"type":"Feature","properties":{"territory_id":2508,"name":"внутригородская территория города федерального значения муниципальный округ Ховрино","region_name":"Москва","in_sample":true,"city":"moscow"},"geometry":{"type":"MultiPolygon","coordinates":[[[[37.46472,55.88346],[37.46732,55.88379],[37.4737,55.8853],[37.47453,55.88488],[37.51257,55.86846],[37.51419,55.86769],[37.51018,55.86448],[37.50542,55.86239],[37.50531,55.86201],[37.51119,55.85774],[37.49681,55.85252],[37.48915,55.85913],[37.48545,55.85822],[37.47934,55.86332],[37.47645,55.86606],[37.47911,55.86672],[37.46921,55.87617],[37.46942,55.87657],[37.46596,55.87998],[37.46253,55.88186],[37.46249,55.88272],[37.46472,55.88346]]]]}},
{"type":"Feature","properties":{"territory_id":2509,"name":"внутригородская территория города федерального значения муниципальный округ Хорошевский","region_name":"Москва","in_sample":true,"city":"moscow"},"geometry":{"type":"MultiPolygon","coordinates":[[[[37.55192,55.77341],[37.54443,55.77299],[37.54186,55.77241],[37.53896,55.77113],[37.53713,55.76976],[37.53663,55.76907],[37.53606,55.7661],[37.53473,55.7662],[37.53417,55.76515],[37.53246,55.76364],[37.5314,55.76302],[37.52717,55.76125],[37.52429,55.75985],[37.52256,55.76169],[37.52194,55.76151],[37.51505,55.76875],[37.51035,55.77382],[37.50875,55.77539],[37.50702,55.77781],[37.50623,55.78031],[37.50382,55.79108],[37.51379,55.7927],[37.51829,55.7935],[37.51878,55.79452],[37.51789,55.79476],[37.52019,55.80258],[37.52044,55.80374],[37.52746,55.8017],[37.5306,55.80088],[37.53287,55.80006],[37.55117,55.79191],[37.54821,55.78991],[37.54202,55.78547],[37.54087,55.78496],[37.54199,55.78346],[37.54409,55.78358],[37.5455,55.7808],[37.55075,55.77749],[37.55503,55.77612],[37.55426,55.77529],[37.55284,55.77445],[37.55169,55.77413],[37.55192,55.77341]]]]}},
{"type":"Feature","properties":{"territory_id":2510,"name":"внутригородская территория города федерального значения муниципальный округ Алексеевский","region_name":"Москва","in_sample":true,"city":"moscow"},"geometry":{"type":"MultiPolygon","coordinates":[[[[37.67069,55.82439],[37.66909,55.82134],[37.66808,55.81987],[37.66366,55.8147],[37.65782,55.80802],[37.6549,55.80511],[37.65382,55.80386],[37.65128,55.80042],[37.65049,55.79876],[37.65012,55.79279],[37.65071,55.79093],[37.65152,55.78937],[37.64823,55.79024],[37.64612,55.79095],[37.64296,55.79301],[37.64049,55.79461],[37.63683,55.79622],[37.635,55.79717],[37.63594,55.80134],[37.63728,55.8085],[37.63757,55.81138],[37.63887,55.81754],[37.6393,55.81859],[37.64049,55.82009],[37.64704,55.82635],[37.64963,55.82894],[37.65427,55.83328],[37.65506,55.83261],[37.65502,55.83184],[37.6535,55.83039],[37.65374,55.82918],[37.6544,55.82864],[37.65821,55.82779],[37.6608,55.82755],[37.6653,55.82659],[37.66714,55.82561],[37.66725,55.82509],[37.67069,55.82439]]]]}},
{"type":"Feature","properties":{"territory_id":2511,"name":"внутригородская территория города федерального значения муниципальный округ Алтуфьевский","region_name":"Москва","in_sample":true,"city":"moscow"},"geometry":{"type":"MultiPolygon","coordinates":[[[[37.57137,55.87018],[37.56847,55.87699],[37.56816,55.87828],[37.5675,55.88455],[37.5674,55.8873],[37.57635,55.88716],[37.57976,55.88725],[37.58667,55.88695],[37.58668,55.88721],[37.59318,55.88709],[37.59571,55.88671],[37.59804,55.88588],[37.60269,55.88293],[37.60294,55.88253],[37.60754,55.87911],[37.59411,55.87649],[37.58628,55.87481],[37.58603,55.87241],[37.5853,55.87001],[37.58344,55.87009],[37.57218,55.86953],[37.57137,55.87018]]]]}},
{"type":"Feature","properties":{"territory_id":2512,"name":"внутригородская территория города федерального значения муниципальный округ Бабушкинский","region_name":"Москва","in_sample":true,"city":"moscow"},"geometry":{"type":"MultiPolygon","coordinates":[[[[37.68183,55.86156],[37.6794,55.85999],[37.6746,55.85644],[37.67311,55.85465],[37.67252,55.85351],[37.67194,55.85043],[37.67059,55.85113],[37.66284,55.85613],[37.66189,55.85695],[37.66119,55.85683],[37.65294,55.8576],[37.64685,55.86097],[37.64604,55.86156],[37.64498,55.86312],[37.64213,55.86439],[37.64173,55.86532],[37.64516,55.86548],[37.64679,55.86598],[37.64762,55.86654],[37.649,55.86684],[37.64829,55.8673],[37.64897,55.8682],[37.65053,55.86914],[37.6516,55.87032],[37.65608,55.87136],[37.65629,55.87192],[37.65736,55.87217],[37.65866,55.87333],[37.65841,55.8743],[37.65743,55.87502],[37.65733,55.87661],[37.65732,55.87947],[37.65786,55.88021],[37.65965,55.88113],[37.66266,55.88197],[37.66535,55.88236],[37.66643,55.88203],[37.66923,55.88191],[37.67194,55.88214],[37.67364,55.88281],[37.6729,55.88354],[37.67394,55.88385],[37.67511,55.88369],[37.67534,55.88312],[37.67816,55.88134],[37.68066,55.87688],[37.67632,55.87117],[37.67581,55.87019],[37.67532,55.86797],[37.67682,55.86761],[37.68354,55.86437],[37.68157,55.86306],[37.68111,55.86191],[37.68183,55.86156]]]]}},
{"type":"Feature","properties":{"territory_id":2513,"name":"внутригородская территория города федерального значения муниципальный округ Бибирево","region_name":"Москва","in_sample":true,"city":"moscow"},"geometry":{"type":"MultiPolygon","coordinates":[[[[37.64407,55.8977],[37.63561,55.89368],[37.62539,55.8896],[37.62292,55.88885],[37.62317,55.88778],[37.62206,55.88737],[37.61965,55.88561],[37.61874,55.88571],[37.61831,55.88486],[37.61719,55.88412],[37.61591,55.88376],[37.61526,55.88313],[37.61422,55.88304],[37.61524,55.88119],[37.61692,55.88078],[37.6169,55.88033],[37.61134,55.87999],[37.60858,55.87957],[37.60754,55.87911],[37.60294,55.88253],[37.60269,55.88293],[37.59804,55.88588],[37.59571,55.88671],[37.59318,55.88709],[37.58668,55.88721],[37.58727,55.90761],[37.58759,55.90862],[37.59051,55.91261],[37.59098,55.91362],[37.59038,55.91184],[37.5905,55.91129],[37.59315,55.90895],[37.59913,55.90728],[37.60925,55.90456],[37.61952,55.90192],[37.62927,55.89993],[37.63735,55.89861],[37.64407,55.8977]]]]}},
{"type":"Feature","properties":{"territory_id":2514,"name":"внутригородская территория города федерального значения муниципальный округ Бутырский","region_name":"Москва","in_sample":true,"city":"moscow"},"geometry":{"type":"MultiPolygon","coordinates":[[[[37.5878,55.79264],[37.58653,55.79344],[37.585,55.79437],[37.58432,55.79532],[37.58397,55.79849],[37.58351,55.80102],[37.58234,55.80552],[37.58065,55.80829],[37.58473,55.80868],[37.58105,55.81051],[37.57961,55.81148],[37.57868,55.81314],[37.57806,55.81605],[37.57754,55.81712],[37.57455,55.82112],[37.57395,55.8228],[37.57358,55.83058],[37.57387,55.8324],[37.57468,55.83363],[37.57611,55.8348],[37.58049,55.83175],[37.58589,55.82889],[37.58909,55.82659],[37.60294,55.81766],[37.61029,55.81298],[37.61359,55.81071],[37.60928,55.80912],[37.60149,55.80683],[37.59974,55.8066],[37.59612,55.80528],[37.59537,55.80523],[37.59619,55.80249],[37.59644,55.79867],[37.59371,55.79724],[37.59207,55.7961],[37.58919,55.79315],[37.5889,55.79246],[37.5878,55.79264]]]]}},
{"type":"Feature","properties":{"territory_id":2515,"name":"внутригородская территория города федерального значения муниципальный округ Лианозово","region_name":"Москва","in_sample":true,"city":"moscow"},"geometry":{"type":"MultiPolygon","coordinates":[[[[37.59098,55.91362],[37.59051,55.91261],[37.58759,55.90862],[37.58727,55.90761],[37.58668,55.88721],[37.58667,55.88695],[37.57976,55.88725],[37.57635,55.88716],[37.5674,55.8873],[37.56706,55.89016],[37.5659,55.89193],[37.56406,55.89327],[37.55904,55.89523],[37.55198,55.89777],[37.54412,55.90067],[37.54166,55.90173],[37.53869,55.904],[37.53761,55.90548],[37.53683,55.90712],[37.55592,55.90928],[37.57054,55.91102],[37.57415,55.91127],[37.5786,55.91143],[37.58389,55.91096],[37.58735,55.91037],[37.58828,55.9116],[37.58988,55.91239],[37.59098,55.91362]]]]}},
{"type":"Feature","properties":{"territory_id":2516,"name":"внутригородская территория города федерального значения муниципальный округ Лосиноостровский","region_name":"Москва","in_sample":true,"city":"moscow"},"geometry":{"type":"MultiPolygon","coordinates":[[[[37.67511,55.88369],[37.67685,55.88296],[37.67838,55.88315],[37.67912,55.88411],[37.68119,55.88574],[37.68172,55.88642],[37.6819,55.88797],[37.68468,55.8911],[37.68519,55.8931],[37.68512,55.8952],[37.69429,55.89487],[37.69872,55.89434],[37.70305,55.89341],[37.70643,55.89226],[37.71121,55.89015],[37.71971,55.88591],[37.71452,55.88238],[37.70498,55.8764],[37.68681,55.86484],[37.68183,55.86156],[37.68111,55.86191],[37.68157,55.86306],[37.68354,55.86437],[37.67682,55.86761],[37.67532,55.86797],[37.67581,55.87019],[37.67632,55.87117],[37.68066,55.87688],[37.67816,55.88134],[37.67534,55.88312],[37.67511,55.88369]]]]}},
{"type":"Feature","properties":{"territory_id":2517,"name":"внутригородская территория города федерального значения муниципальный округ Марфино","region_name":"Москва","in_sample":true,"city":"moscow"},"geometry":{"type":"MultiPolygon","coordinates":[[[[37.60294,55.81766],[37.58909,55.82659],[37.58589,55.82889],[37.58049,55.83175],[37.57611,55.8348],[37.57815,55.83679],[37.57864,55.83791],[37.57867,55.83944],[37.57771,55.84144],[37.57605,55.8431],[37.57526,55.84422],[37.57377,55.84848],[37.57663,55.84799],[37.58005,55.8478],[37.59282,55.84731],[37.59257,55.84631],[37.59051,55.84564],[37.59021,55.84483],[37.58717,55.84483],[37.587,55.84371],[37.58633,55.84354],[37.58692,55.84235],[37.58891,55.84008],[37.58949,55.83899],[37.58775,55.8392],[37.58587,55.84023],[37.58209,55.83831],[37.58048,55.83877],[37.58041,55.83387],[37.58264,55.83388],[37.58595,55.83295],[37.59156,55.83361],[37.5908,55.83559],[37.59116,55.83592],[37.59581,55.83314],[37.60033,55.8308],[37.60128,55.8295],[37.60359,55.81799],[37.60294,55.81766]]]]}},
{"type":"Feature","properties":{"territory_id":2518,"name":"внутригородская территория города федерального значения муниципальный округ Марьина роща","region_name":"Москва","in_sample":true,"city":"moscow"},"geometry":{"type":"MultiPolygon","coordinates":[[[[37.5889,55.79246],[37.58919,55.79315],[37.59207,55.7961],[37.59371,55.79724],[37.59644,55.79867],[37.59619,55.80249],[37.59537,55.80523],[37.59612,55.80528],[37.59974,55.8066],[37.60149,55.80683],[37.60928,55.80912],[37.61359,55.81071],[37.63496,55.79695],[37.63445,55.79461],[37.63464,55.79189],[37.63243,55.79186],[37.62796,55.79251],[37.61631,55.79312],[37.61682,55.78643],[37.61529,55.7835],[37.61294,55.7833],[37.61245,55.78255],[37.60679,55.78439],[37.60468,55.78529],[37.60172,55.78517],[37.60085,55.78732],[37.5993,55.79248],[37.59589,55.79223],[37.59347,55.79242],[37.5889,55.79246]]]]}},
{"type":"Feature","properties":{"territory_id":2519,"name":"внутригородская территория города федерального значения муниципальный округ Останкинский","region_name":"Москва","in_sample":true,"city":"moscow"},"geometry":{"type":"MultiPolygon","coordinates":[[[[37.63496,55.79695],[37.61359,55.81071],[37.61029,55.81298],[37.60294,55.81766],[37.60359,55.81799],[37.60128,55.8295],[37.60033,55.8308],[37.59581,55.83314],[37.59116,55.83592],[37.5908,55.83559],[37.59156,55.83361],[37.58595,55.83295],[37.58264,55.83388],[37.58041,55.83387],[37.58048,55.83877],[37.58209,55.83831],[37.58587,55.84023],[37.58775,55.8392],[37.58949,55.83899],[37.58891,55.84008],[37.58692,55.84235],[37.58633,55.84354],[37.587,55.84371],[37.58717,55.84483],[37.59021,55.84483],[37.59051,55.84564],[37.59257,55.84631],[37.59282,55.84731],[37.61008,55.84666],[37.61232,55.84648],[37.61593,55.85019],[37.61984,55.85407],[37.62038,55.85513],[37.62036,55.85926],[37.62328,55.85821],[37.62514,55.8578],[37.62509,55.85741],[37.62586,55.85538],[37.62671,55.84608],[37.63583,55.84574],[37.6367,55.83782],[37.63451,55.83839],[37.63236,55.83862],[37.63202,55.83824],[37.63202,55.83595],[37.63304,55.83595],[37.63423,55.83532],[37.63425,55.83381],[37.63667,55.83382],[37.6371,55.83339],[37.64002,55.83228],[37.64963,55.82894],[37.64704,55.82635],[37.64049,55.82009],[37.6393,55.81859],[37.63887,55.81754],[37.63757,55.81138],[37.63728,55.8085],[37.63594,55.80134],[37.635,55.79717],[37.63496,55.79695]]]]}},
{"type":"Feature","properties":{"territory_id":2520,"name":"внутригородская территория города федерального значения муниципальный округ Отрадное","region_name":"Москва","in_sample":true,"city":"moscow"},"geometry":{"type":"MultiPolygon","coordinates":[[[[37.57137,55.87018],[37.57218,55.86953],[37.58344,55.87009],[37.5853,55.87001],[37.58603,55.87241],[37.58628,55.87481],[37.59411,55.87649],[37.60754,55.87911],[37.60858,55.87957],[37.61134,55.87999],[37.6169,55.88033],[37.61673,55.87889],[37.61564,55.87812],[37.61668,55.87699],[37.6167,55.87533],[37.61704,55.87463],[37.61811,55.87429],[37.61978,55.87272],[37.62188,55.87215],[37.62414,55.87075],[37.62622,55.87022],[37.62797,55.86898],[37.62915,55.86873],[37.63028,55.86705],[37.63089,55.8651],[37.63137,55.86539],[37.63317,55.86435],[37.63271,55.86385],[37.63375,55.86324],[37.63454,55.86338],[37.63375,55.86245],[37.63511,55.86137],[37.63385,55.86061],[37.63288,55.85892],[37.6329,55.85736],[37.63154,55.85758],[37.63078,55.85698],[37.62707,55.85699],[37.62509,55.85741],[37.62514,55.8578],[37.62328,55.85821],[37.62036,55.85926],[37.62038,55.85513],[37.61984,55.85407],[37.61593,55.85019],[37.61232,55.84648],[37.61008,55.84666],[37.59282,55.84731],[37.58005,55.8478],[37.57663,55.84799],[37.57377,55.84848],[37.57291,55.85142],[37.57271,55.85473],[37.57415,55.8586],[37.57468,55.86114],[37.57433,55.863],[37.57137,55.87018]]]]}},
{"type":"Feature","properties":{"territory_id":2521,"name":"внутригородская территория города федерального значения муниципальный округ Ростокино","region_name":"Москва","in_sample":true,"city":"moscow"},"geometry":{"type":"MultiPolygon","coordinates":[[[[37.63583,55.84574],[37.64009,55.84557],[37.64826,55.84495],[37.65056,55.84462],[37.65371,55.84384],[37.66345,55.84082],[37.67021,55.83874],[37.67157,55.82903],[37.67152,55.82736],[37.67069,55.82439],[37.66725,55.82509],[37.66714,55.82561],[37.6653,55.82659],[37.6608,55.82755],[37.65821,55.82779],[37.6544,55.82864],[37.65374,55.82918],[37.6535,55.83039],[37.65502,55.83184],[37.65506,55.83261],[37.65427,55.83328],[37.64963,55.82894],[37.64002,55.83228],[37.6371,55.83339],[37.63667,55.83382],[37.63425,55.83381],[37.63423,55.83532],[37.63304,55.83595],[37.63202,55.83595],[37.63202,55.83824],[37.63236,55.83862],[37.63451,55.83839],[37.6367,55.83782],[37.63583,55.84574]]]]}},
{"type":"Feature","properties":{"territory_id":2522,"name":"внутригородская территория города федерального значения муниципальный округ Свиблово","region_name":"Москва","in_sample":true,"city":"moscow"},"geometry":{"type":"MultiPolygon","coordinates":[[[[37.63583,55.84574],[37.62671,55.84608],[37.62586,55.85538],[37.62509,55.85741],[37.62707,55.85699],[37.63078,55.85698],[37.63154,55.85758],[37.6329,55.85736],[37.63288,55.85892],[37.63385,55.86061],[37.63511,55.86137],[37.63931,55.86412],[37.64049,55.86517],[37.64173,55.86532],[37.64213,55.86439],[37.64498,55.86312],[37.64604,55.86156],[37.64685,55.86097],[37.65294,55.8576],[37.66119,55.85683],[37.66189,55.85695],[37.66284,55.85613],[37.67059,55.85113],[37.67194,55.85043],[37.67145,55.84681],[37.66345,55.84082],[37.65371,55.84384],[37.65056,55.84462],[37.64826,55.84495],[37.64009,55.84557],[37.63583,55.84574]]]]}},
{"type":"Feature","properties":{"territory_id":2523,"name":"внутригородская территория города федерального значения муниципальный округ Северное Медведково","region_name":"Москва","in_sample":true,"city":"moscow"},"geometry":{"type":"MultiPolygon","coordinates":[[[[37.65733,55.87661],[37.65458,55.8767],[37.64746,55.87737],[37.6463,55.87734],[37.63635,55.87841],[37.63661,55.87893],[37.64173,55.88413],[37.63418,55.8849],[37.62392,55.88532],[37.61965,55.88561],[37.62206,55.88737],[37.62317,55.88778],[37.62292,55.88885],[37.62539,55.8896],[37.63561,55.89368],[37.64407,55.8977],[37.64737,55.89729],[37.65668,55.89638],[37.66329,55.89592],[37.66918,55.89568],[37.67156,55.89691],[37.67184,55.89773],[37.67267,55.89784],[37.67315,55.89703],[37.67634,55.89558],[37.68512,55.8952],[37.68519,55.8931],[37.68468,55.8911],[37.6819,55.88797],[37.68172,55.88642],[37.68119,55.88574],[37.67912,55.88411],[37.67838,55.88315],[37.67685,55.88296],[37.67511,55.88369],[37.67394,55.88385],[37.6729,55.88354],[37.67364,55.88281],[37.67194,55.88214],[37.66923,55.88191],[37.66643,55.88203],[37.66535,55.88236],[37.66266,55.88197],[37.65965,55.88113],[37.65786,55.88021],[37.65732,55.87947],[37.65733,55.87661]]]]}},
{"type":"Feature","properties":{"territory_id":2524,"name":"внутригородская территория города федерального значения муниципальный округ Северный","region_name":"Москва","in_sample":true,"city":"moscow"},"geometry":{"type":"MultiPolygon","coordinates":[[[[37.53632,55.90757],[37.53572,55.90869],[37.52874,55.92297],[37.52116,55.93796],[37.51923,55.94194],[37.52396,55.94268],[37.53423,55.94402],[37.53758,55.94438],[37.53778,55.94384],[37.54304,55.9439],[37.53981,55.94935],[37.5377,55.95252],[37.54419,55.95392],[37.54693,55.9543],[37.54855,55.95116],[37.55189,55.95122],[37.55166,55.95363],[37.5551,55.95353],[37.55515,55.95153],[37.57054,55.95643],[37.57443,55.95777],[37.57474,55.95619],[37.57841,55.95558],[37.58071,55.95399],[37.57912,55.95367],[37.58004,55.95202],[37.57942,55.94947],[37.56786,55.95066],[37.56246,55.95107],[37.56281,55.94767],[37.56371,55.94506],[37.56458,55.9414],[37.56683,55.9411],[37.56754,55.94073],[37.57009,55.94093],[37.57021,55.93645],[37.56955,55.93662],[37.56653,55.93647],[37.56592,55.93335],[37.56096,55.93227],[37.56138,55.92806],[37.56069,55.92586],[37.55936,55.92072],[37.55895,55.91978],[37.55592,55.90928],[37.53683,55.90712],[37.53632,55.90757]]]]}},
{"type":"Feature","properties":{"territory_id":2525,"name":"внутригородская территория города федерального значения муниципальный округ Южное Медведково","region_name":"Москва","in_sample":true,"city":"moscow"},"geometry":{"type":"MultiPolygon","coordinates":[[[[37.6169,55.88033],[37.61692,55.88078],[37.61524,55.88119],[37.61422,55.88304],[37.61526,55.88313],[37.61591,55.88376],[37.61719,55.88412],[37.61831,55.88486],[37.61874,55.88571],[37.61965,55.88561],[37.62392,55.88532],[37.63418,55.8849],[37.64173,55.88413],[37.63661,55.87893],[37.63635,55.87841],[37.6463,55.87734],[37.64746,55.87737],[37.65458,55.8767],[37.65733,55.87661],[37.65743,55.87502],[37.65841,55.8743],[37.65866,55.87333],[37.65736,55.87217],[37.65629,55.87192],[37.65608,55.87136],[37.6516,55.87032],[37.65053,55.86914],[37.64897,55.8682],[37.64829,55.8673],[37.649,55.86684],[37.64762,55.86654],[37.64679,55.86598],[37.64516,55.86548],[37.64173,55.86532],[37.64049,55.86517],[37.63931,55.86412],[37.63511,55.86137],[37.63375,55.86245],[37.63454,55.86338],[37.63375,55.86324],[37.63271,55.86385],[37.63317,55.86435],[37.63137,55.86539],[37.63089,55.8651],[37.63028,55.86705],[37.62915,55.86873],[37.62797,55.86898],[37.62622,55.87022],[37.62414,55.87075],[37.62188,55.87215],[37.61978,55.87272],[37.61811,55.87429],[37.61704,55.87463],[37.6167,55.87533],[37.61668,55.87699],[37.61564,55.87812],[37.61673,55.87889],[37.6169,55.88033]]]]}},
{"type":"Feature","properties":{"territory_id":2526,"name":"внутригородская территория города федерального значения муниципальный округ Ярославский","region_name":"Москва","in_sample":true,"city":"moscow"},"geometry":{"type":"MultiPolygon","coordinates":[[[[37.67194,55.85043],[37.67252,55.85351],[37.67311,55.85465],[37.6746,55.85644],[37.6794,55.85999],[37.68183,55.86156],[37.68681,55.86484],[37.70498,55.8764],[37.71452,55.88238],[37.71971,55.88591],[37.72436,55.8838],[37.72752,55.88395],[37.73156,55.88562],[37.7321,55.88532],[37.73038,55.88401],[37.72929,55.88205],[37.7297,55.88106],[37.73237,55.87952],[37.73478,55.87841],[37.73378,55.87791],[37.7329,55.87805],[37.73101,55.87689],[37.73108,55.87572],[37.73182,55.87495],[37.72905,55.87465],[37.72793,55.8739],[37.72658,55.87376],[37.72426,55.87301],[37.72181,55.87388],[37.72004,55.8726],[37.71905,55.87225],[37.71581,55.87015],[37.7077,55.86552],[37.70681,55.86449],[37.70919,55.86296],[37.70944,55.86091],[37.71802,55.86061],[37.72164,55.85292],[37.721,55.85221],[37.7194,55.85142],[37.72017,55.85057],[37.71713,55.84906],[37.71408,55.84691],[37.7125,55.84753],[37.7121,55.84735],[37.70564,55.84794],[37.70359,55.84877],[37.69682,55.84816],[37.69376,55.85207],[37.69475,55.85338],[37.69243,55.85533],[37.69313,55.8558],[37.69252,55.85613],[37.68941,55.85596],[37.6886,55.85528],[37.68786,55.85549],[37.68677,55.85451],[37.68833,55.85393],[37.69228,55.85291],[37.68997,55.85122],[37.69223,55.85031],[37.69022,55.84819],[37.69032,55.84801],[37.68568,55.84545],[37.68139,55.84321],[37.68026,55.84247],[37.67835,55.84182],[37.67802,55.83994],[37.67632,55.83882],[37.6751,55.83847],[37.67286,55.83835],[37.67021,55.83874],[37.66345,55.84082],[37.67145,55.84681],[37.67194,55.85043]],[[37.7027,55.86252],[37.7052,55.86092],[37.70433,55.86104],[37.70074,55.86092],[37.70072,55.86151],[37.7027,55.86252]]]]}},
{"type":"Feature","properties":{"territory_id":2527,"name":"внутригородская территория города федерального значения муниципальный округ Куркино","region_name":"Москва","in_sample":true,"city":"moscow"},"geometry":{"type":"MultiPolygon","coordinates":[[[[37.43095,55.87785],[37.42057,55.87464],[37.41522,55.87274],[37.41236,55.87154],[37.41143,55.87096],[37.40632,55.87426],[37.40404,55.876],[37.39444,55.87724],[37.38217,55.87787],[37.38094,55.87841],[37.37972,55.87997],[37.37794,55.88027],[37.37585,55.88129],[37.37361,55.88136],[37.3727,55.88169],[37.37231,55.88256],[37.37125,55.88335],[37.37133,55.88418],[37.3734,55.8859],[37.37438,55.88641],[37.37445,55.88732],[37.37252,55.88778],[37.37274,55.88939],[37.37348,55.89007],[37.37314,55.89139],[37.37662,55.89212],[37.37736,55.89271],[37.37492,55.89475],[37.37414,55.89507],[37.37152,55.89505],[37.3692,55.89447],[37.36728,55.89427],[37.36557,55.89478],[37.36561,55.89668],[37.36749,55.89714],[37.36753,55.89818],[37.36602,55.89888],[37.3648,55.90007],[37.36241,55.90041],[37.36187,55.90156],[37.36281,55.90146],[37.36332,55.90196],[37.36598,55.90273],[37.36945,55.9032],[37.37068,55.90363],[37.36859,55.90558],[37.36785,55.90534],[37.36628,55.9067],[37.36986,55.9082],[37.37296,55.90964],[37.3768,55.91124],[37.37835,55.91149],[37.38232,55.91135],[37.38672,55.91166],[37.39002,55.91284],[37.39013,55.91241],[37.38991,55.9048],[37.38997,55.90383],[37.39138,55.90246],[37.39285,55.90201],[37.39599,55.90158],[37.39748,55.9012],[37.39845,55.90153],[37.39929,55.90076],[37.40288,55.89421],[37.40391,55.89268],[37.4044,55.89118],[37.40403,55.88862],[37.40422,55.88752],[37.40558,55.88623],[37.4094,55.88492],[37.40942,55.88069],[37.41043,55.8803],[37.41552,55.87919],[37.41716,55.87831],[37.42116,55.87832],[37.42116,55.87792],[37.42372,55.87772],[37.4241,55.878],[37.42666,55.87746],[37.4294,55.87799],[37.43095,55.87785]]]]}},
{"type":"Feature","properties":{"territory_id":2528,"name":"внутригородская территория города федерального значения муниципальный округ Митино","region_name":"Москва","in_sample":true,"city":"moscow"},"geometry":{"type":"MultiPolygon","coordinates":[[[[37.39456,55.8544],[37.39505,55.85432],[37.39375,55.85179],[37.39214,55.84861],[37.39187,55.84762],[37.39197,55.84561],[37.39278,55.84371],[37.39381,55.84234],[37.39542,55.83961],[37.39615,55.8371],[37.39586,55.83364],[37.395,55.83041],[37.39444,55.8291],[37.3937,55.82917],[37.39392,55.82986],[37.38503,55.83068],[37.37994,55.83067],[37.36892,55.82802],[37.36728,55.8274],[37.36587,55.82648],[37.36354,55.82436],[37.36222,55.8222],[37.35978,55.8225],[37.35892,55.82289],[37.35688,55.82653],[37.35401,55.8264],[37.35637,55.82266],[37.35415,55.82236],[37.35461,55.82176],[37.35231,55.82128],[37.34916,55.82223],[37.35159,55.82439],[37.35102,55.8246],[37.34971,55.82637],[37.3491,55.82658],[37.34533,55.82607],[37.3447,55.82627],[37.34799,55.82851],[37.34857,55.82908],[37.34865,55.83072],[37.34814,55.83103],[37.34873,55.83222],[37.34394,55.8331],[37.34179,55.8341],[37.345,55.83647],[37.34037,55.83901],[37.34066,55.84026],[37.3451,55.84052],[37.34697,55.84051],[37.34788,55.84129],[37.34902,55.84372],[37.34803,55.84406],[37.34289,55.84484],[37.33566,55.84525],[37.333,55.84528],[37.3321,55.84632],[37.33408,55.84735],[37.33428,55.84775],[37.33716,55.84816],[37.33733,55.8488],[37.3383,55.84914],[37.33751,55.84959],[37.34044,55.85154],[37.34093,55.85254],[37.34046,55.8529],[37.33969,55.85551],[37.3407,55.85813],[37.34136,55.85857],[37.34202,55.86021],[37.34272,55.86062],[37.34519,55.86131],[37.34659,55.86224],[37.34588,55.86294],[37.34982,55.8638],[37.35789,55.86426],[37.36015,55.86606],[37.36235,55.86752],[37.36484,55.86741],[37.36586,55.86798],[37.36784,55.86758],[37.36884,55.86782],[37.37011,55.86735],[37.37229,55.86769],[37.37361,55.8672],[37.37432,55.86778],[37.37761,55.86831],[37.37941,55.86735],[37.37826,55.86657],[37.37798,55.86509],[37.37746,55.8648],[37.37821,55.86396],[37.3797,55.86336],[37.37935,55.86266],[37.3782,55.86207],[37.37865,55.86067],[37.38,55.85984],[37.38001,55.85938],[37.37652,55.85818],[37.37586,55.85699],[37.37611,55.85613],[37.37482,55.8553],[37.37618,55.85451],[37.37802,55.85421],[37.37898,55.85364],[37.38035,55.85355],[37.38181,55.85454],[37.38552,55.85451],[37.3868,55.85579],[37.38794,55.85563],[37.38936,55.85445],[37.39036,55.85416],[37.39206,55.85501],[37.39348,55.85492],[37.39456,55.8544]]]]}},
{"type":"Feature","properties":{"territory_id":2529,"name":"внутригородская территория города федерального значения муниципальный округ Покровское-Стрешнево","region_name":"Москва","in_sample":true,"city":"moscow"},"geometry":{"type":"MultiPolygon","coordinates":[[[[37.44643,55.80655],[37.44386,55.80786],[37.44124,55.80874],[37.43806,55.80918],[37.43448,55.80882],[37.43017,55.80884],[37.42682,55.80939],[37.42322,55.81036],[37.41987,55.81152],[37.41798,55.81267],[37.41631,55.81412],[37.41484,55.81505],[37.4141,55.81639],[37.41409,55.81779],[37.41446,55.81914],[37.41262,55.82128],[37.40974,55.82369],[37.40712,55.82557],[37.40262,55.82719],[37.39815,55.82847],[37.39444,55.8291],[37.395,55.83041],[37.39586,55.83364],[37.40233,55.83259],[37.40542,55.83174],[37.40818,55.83334],[37.41059,55.83277],[37.41229,55.83335],[37.41393,55.83309],[37.41537,55.83349],[37.41566,55.8344],[37.41467,55.83523],[37.41503,55.83576],[37.41661,55.83649],[37.41842,55.83646],[37.42347,55.83743],[37.42461,55.83751],[37.42656,55.83673],[37.42795,55.83458],[37.43525,55.83645],[37.43713,55.83649],[37.4426,55.83614],[37.45841,55.835],[37.4608,55.83539],[37.46547,55.83695],[37.46786,55.8399],[37.46984,55.84138],[37.47035,55.84273],[37.47227,55.84177],[37.47259,55.84035],[37.47168,55.83779],[37.47218,55.83718],[37.47422,55.83597],[37.47782,55.83285],[37.47898,55.83155],[37.47912,55.83075],[37.47832,55.83047],[37.47447,55.83],[37.47442,55.82983],[37.47795,55.82679],[37.47849,55.8266],[37.48039,55.82702],[37.48282,55.82693],[37.4856,55.82652],[37.48869,55.82664],[37.49108,55.82727],[37.49337,55.82448],[37.49072,55.8231],[37.48897,55.82168],[37.48753,55.81987],[37.4867,55.81743],[37.48686,55.81533],[37.4831,55.81542],[37.4797,55.8151],[37.47715,55.81445],[37.47461,55.81351],[37.46998,55.81204],[37.46693,55.81153],[37.45748,55.81107],[37.45498,55.8112],[37.45282,55.81168],[37.45059,55.81273],[37.44891,55.81401],[37.44769,55.8123],[37.4465,55.81008],[37.44614,55.80799],[37.44643,55.80655]]]]}},
{"type":"Feature","properties":{"territory_id":2530,"name":"внутригородская территория города федерального значения муниципальный округ Северное Тушино","region_name":"Москва","in_sample":true,"city":"moscow"},"geometry":{"type":"MultiPolygon","coordinates":[[[[37.43648,55.87958],[37.43778,55.87856],[37.43798,55.87722],[37.43872,55.87653],[37.44262,55.87441],[37.44494,55.87342],[37.44762,55.87198],[37.45145,55.87026],[37.45397,55.87012],[37.4546,55.86849],[37.45455,55.86714],[37.45509,55.86469],[37.4566,55.86086],[37.45771,55.85984],[37.45945,55.85632],[37.46018,55.85411],[37.46085,55.853],[37.45217,55.85197],[37.44146,55.85081],[37.43831,55.85057],[37.42144,55.84874],[37.41933,55.84897],[37.41546,55.85005],[37.41141,55.85051],[37.40408,55.85047],[37.3966,55.85164],[37.39375,55.85179],[37.39505,55.85432],[37.39456,55.8544],[37.39764,55.85997],[37.3996,55.8623],[37.40166,55.86447],[37.40508,55.86724],[37.40933,55.86989],[37.41143,55.87096],[37.41236,55.87154],[37.41522,55.87274],[37.42057,55.87464],[37.43095,55.87785],[37.43648,55.87958]]]]}},
{"type":"Feature","properties":{"territory_id":2531,"name":"внутригородская территория города федерального значения муниципальный округ Строгино","region_name":"Москва","in_sample":true,"city":"moscow"},"geometry":{"type":"MultiPolygon","coordinates":[[[[37.38505,55.80931],[37.38617,55.80982],[37.38789,55.80976],[37.39225,55.82351],[37.39302,55.82692],[37.3937,55.82917],[37.39444,55.8291],[37.39815,55.82847],[37.40262,55.82719],[37.40712,55.82557],[37.40974,55.82369],[37.41262,55.82128],[37.41446,55.81914],[37.41409,55.81779],[37.4141,55.81639],[37.41484,55.81505],[37.41631,55.81412],[37.41798,55.81267],[37.41987,55.81152],[37.42322,55.81036],[37.42682,55.80939],[37.43017,55.80884],[37.43448,55.80882],[37.43806,55.80918],[37.44124,55.80874],[37.44386,55.80786],[37.44643,55.80655],[37.44733,55.80455],[37.44763,55.80262],[37.44695,55.80016],[37.4461,55.79449],[37.44555,55.79255],[37.44199,55.79017],[37.4383,55.78808],[37.43382,55.78684],[37.42952,55.78619],[37.42633,55.78647],[37.42329,55.78726],[37.42124,55.78868],[37.41987,55.79027],[37.418,55.79154],[37.41541,55.79205],[37.41272,55.79214],[37.41034,55.79143],[37.40929,55.78992],[37.40742,55.78645],[37.40408,55.78242],[37.40313,55.78081],[37.40309,55.77909],[37.40408,55.77748],[37.40614,55.77641],[37.40858,55.77576],[37.40183,55.7718],[37.39826,55.77118],[37.39487,55.7712],[37.38673,55.7709],[37.3834,55.77218],[37.37975,55.77235],[37.37884,55.77168],[37.37086,55.77101],[37.37026,55.77136],[37.37026,55.77303],[37.36889,55.77304],[37.36907,55.78273],[37.36941,55.78484],[37.37062,55.78779],[37.3706,55.78819],[37.36836,55.78997],[37.36724,55.79038],[37.36784,55.79136],[37.36858,55.79124],[37.37277,55.79171],[37.37448,55.79236],[37.38353,55.80181],[37.38595,55.80519],[37.38679,55.80695],[37.38595,55.80744],[37.38625,55.80875],[37.38496,55.80906],[37.38505,55.80931]]]]}},
{"type":"Feature","properties":{"territory_id":2532,"name":"внутригородская территория города федерального значения муниципальный округ Хорошево-Мневники","region_name":"Москва","in_sample":true,"city":"moscow"},"geometry":{"type":"MultiPolygon","coordinates":[[[[37.50382,55.79108],[37.50623,55.78031],[37.50702,55.77781],[37.50875,55.77539],[37.51035,55.77382],[37.51505,55.76875],[37.52194,55.76151],[37.51393,55.75842],[37.51166,55.75966],[37.50583,55.76178],[37.50106,55.76437],[37.49815,55.7655],[37.49205,55.76736],[37.48972,55.76796],[37.48718,55.76819],[37.48451,55.76817],[37.48004,55.76771],[37.47806,55.76669],[37.47639,55.76451],[37.47617,55.76171],[37.47677,55.75691],[37.47617,55.75229],[37.47514,55.74988],[37.47416,55.7485],[37.47278,55.74727],[37.47102,55.74611],[37.46738,55.74403],[37.4648,55.7429],[37.4618,55.74186],[37.45914,55.74121],[37.45532,55.7406],[37.45253,55.7406],[37.44927,55.74113],[37.44652,55.74186],[37.44446,55.74261],[37.44248,55.74357],[37.43974,55.74522],[37.43738,55.74642],[37.43635,55.74787],[37.43692,55.74926],[37.43922,55.75053],[37.44218,55.7513],[37.45308,55.75389],[37.45763,55.75582],[37.45961,55.75715],[37.46343,55.76019],[37.46452,55.76238],[37.46456,55.76431],[37.46399,55.76577],[37.46294,55.76695],[37.46038,55.76908],[37.45527,55.77418],[37.45303,55.77569],[37.45064,55.77687],[37.44827,55.77733],[37.44549,55.77688],[37.43622,55.77441],[37.43412,55.7742],[37.43075,55.77417],[37.42563,55.77452],[37.41695,55.77533],[37.40858,55.77576],[37.40614,55.77641],[37.40408,55.77748],[37.40309,55.77909],[37.40313,55.78081],[37.40408,55.78242],[37.40742,55.78645],[37.40929,55.78992],[37.41034,55.79143],[37.41272,55.79214],[37.41541,55.79205],[37.418,55.79154],[37.41987,55.79027],[37.42124,55.78868],[37.42329,55.78726],[37.42633,55.78647],[37.42952,55.78619],[37.43382,55.78684],[37.4383,55.78808],[37.44199,55.79017],[37.44555,55.79255],[37.4461,55.79449],[37.45461,55.79443],[37.45455,55.79181],[37.4612,55.7911],[37.46522,55.79055],[37.46872,55.78949],[37.47533,55.78863],[37.47778,55.78851],[37.47876,55.78896],[37.48871,55.78771],[37.49023,55.78769],[37.4998,55.78895],[37.50307,55.79108],[37.50382,55.79108]]]]}},
{"type":"Feature","properties":{"territory_id":2533,"name":"внутригородская территория города федерального значения муниципальный округ Щукино","region_name":"Москва","in_sample":true,"city":"moscow"},"geometry":{"type":"MultiPolygon","coordinates":[[[[37.4461,55.79449],[37.44695,55.80016],[37.44763,55.80262],[37.44733,55.80455],[37.44643,55.80655],[37.44614,55.80799],[37.4465,55.81008],[37.44769,55.8123],[37.44891,55.81401],[37.45059,55.81273],[37.45282,55.81168],[37.45498,55.8112],[37.45748,55.81107],[37.46693,55.81153],[37.46998,55.81204],[37.47461,55.81351],[37.47715,55.81445],[37.4797,55.8151],[37.4831,55.81542],[37.48686,55.81533],[37.48703,55.81395],[37.48766,55.81244],[37.49086,55.80848],[37.50212,55.79545],[37.50325,55.79345],[37.50382,55.79108],[37.50307,55.79108],[37.4998,55.78895],[37.49023,55.78769],[37.48871,55.78771],[37.47876,55.78896],[37.47778,55.78851],[37.47533,55.78863],[37.46872,55.78949],[37.46522,55.79055],[37.4612,55.7911],[37.45455,55.79181],[37.45461,55.79443],[37.4461,55.79449]]]]}},
{"type":"Feature","properties":{"territory_id":2534,"name":"внутригородская территория города федерального значения муниципальный округ Южное Тушино","region_name":"Москва","in_sample":true,"city":"moscow"},"geometry":{"type":"MultiPolygon","coordinates":[[[[37.39586,55.83364],[37.39615,55.8371],[37.39542,55.83961],[37.39381,55.84234],[37.39278,55.84371],[37.39197,55.84561],[37.39187,55.84762],[37.39214,55.84861],[37.39375,55.85179],[37.3966,55.85164],[37.40408,55.85047],[37.41141,55.85051],[37.41546,55.85005],[37.41933,55.84897],[37.42144,55.84874],[37.43831,55.85057],[37.44146,55.85081],[37.45217,55.85197],[37.46085,55.853],[37.46133,55.85104],[37.46289,55.85008],[37.4636,55.84909],[37.46349,55.8482],[37.46446,55.84712],[37.46538,55.84623],[37.46807,55.84468],[37.46885,55.84354],[37.47035,55.84273],[37.46984,55.84138],[37.46786,55.8399],[37.46547,55.83695],[37.4608,55.83539],[37.45841,55.835],[37.4426,55.83614],[37.43713,55.83649],[37.43525,55.83645],[37.42795,55.83458],[37.42656,55.83673],[37.42461,55.83751],[37.42347,55.83743],[37.41842,55.83646],[37.41661,55.83649],[37.41503,55.83576],[37.41467,55.83523],[37.41566,55.8344],[37.41537,55.83349],[37.41393,55.83309],[37.41229,55.83335],[37.41059,55.83277],[37.40818,55.83334],[37.40542,55.83174],[37.40233,55.83259],[37.39586,55.83364]]]]}},
{"type":"Feature","properties":{"territory_id":2535,"name":"внутригородская территория города федерального значения муниципальный округ Арбат","region_name":"Москва","in_sample":true,"city":"moscow"},"geometry":{"type":"MultiPolygon","coordinates":[[[[37.57413,55.74545],[37.57445,55.74633],[37.57449,55.74886],[37.57402,55.75034],[37.57303,55.75147],[37.57206,55.75202],[37.57396,55.75256],[37.57505,55.75334],[37.57678,55.75522],[37.58383,55.75526],[37.58446,55.75811],[37.58501,55.75805],[37.5892,55.75638],[37.58954,55.7567],[37.59719,55.75465],[37.60131,55.75375],[37.60261,55.75377],[37.60425,55.75418],[37.60601,55.754],[37.60736,55.7561],[37.61219,55.75457],[37.60921,55.74961],[37.6088,55.74919],[37.60429,55.7504],[37.60302,55.74867],[37.59972,55.74889],[37.59934,55.74707],[37.59598,55.74764],[37.58781,55.74681],[37.58581,55.7463],[37.58729,55.7441],[37.5838,55.74375],[37.58304,55.74549],[37.58234,55.74541],[37.57939,55.74583],[37.57688,55.74552],[37.57413,55.74545]]]]}},
{"type":"Feature","properties":{"territory_id":2536,"name":"внутригородская территория города федерального значения муниципальный округ Басманный","region_name":"Москва","in_sample":true,"city":"moscow"},"geometry":{"type":"MultiPolygon","coordinates":[[[[37.63488,55.75398],[37.63429,55.75486],[37.63136,55.75726],[37.62787,55.75952],[37.62876,55.75982],[37.63068,55.7601],[37.63448,55.76238],[37.63733,55.76515],[37.63827,55.76543],[37.64151,55.76708],[37.64468,55.76846],[37.64815,55.76856],[37.65479,55.7696],[37.663,55.76973],[37.66432,55.77325],[37.66798,55.77454],[37.67342,55.77707],[37.67589,55.77839],[37.6801,55.77712],[37.68484,55.78081],[37.68482,55.7816],[37.68827,55.7819],[37.69256,55.7819],[37.69636,55.78205],[37.69935,55.78197],[37.70124,55.78185],[37.70525,55.78099],[37.70774,55.78016],[37.70992,55.77887],[37.71093,55.778],[37.71352,55.77527],[37.70568,55.77141],[37.70465,55.77073],[37.70252,55.77003],[37.69724,55.76683],[37.69692,55.76688],[37.6922,55.76949],[37.68904,55.76777],[37.68585,55.76398],[37.68581,55.76233],[37.68416,55.76027],[37.68259,55.75954],[37.68095,55.75914],[37.67799,55.75907],[37.67391,55.75937],[37.67222,55.75918],[37.67077,55.75838],[37.67091,55.75743],[37.67305,55.75369],[37.67255,55.75239],[37.67053,55.75075],[37.66802,55.75188],[37.66621,55.75315],[37.66406,55.75287],[37.66308,55.75402],[37.66102,55.75446],[37.65762,55.75477],[37.65445,55.75441],[37.65262,55.75358],[37.64927,55.75298],[37.64773,55.75304],[37.64286,55.75266],[37.6393,55.75315],[37.63697,55.7542],[37.63488,55.75398]]]]}},
{"type":"Feature","properties":{"territory_id":2537,"name":"внутригородская территория города федерального значения муниципальный округ Замоскворечье","region_name":"Москва","in_sample":true,"city":"moscow"},"geometry":{"type":"MultiPolygon","coordinates":[[[[37.62506,55.74908],[37.62831,55.74922],[37.63207,55.74888],[37.63419,55.74843],[37.63771,55.74737],[37.63927,55.74658],[37.64131,55.74501],[37.64487,55.74113],[37.64802,55.73496],[37.65049,55.73128],[37.65421,55.72882],[37.65229,55.72807],[37.65078,55.7283],[37.64603,55.72952],[37.64494,55.72808],[37.64374,55.7224],[37.64203,55.72221],[37.64008,55.72288],[37.63642,55.72354],[37.63584,55.72202],[37.63306,55.72256],[37.62789,55.72136],[37.62258,55.72093],[37.61775,55.72028],[37.61665,55.72353],[37.61509,55.72692],[37.61992,55.72731],[37.61961,55.72925],[37.62383,55.72958],[37.62421,55.73165],[37.62431,55.73646],[37.6246,55.73991],[37.62498,55.74153],[37.62472,55.74577],[37.62641,55.74598],[37.62506,55.74908]]]]}},
{"type":"Feature","properties":{"territory_id":2538,"name":"внутригородская территория города федерального значения муниципальное образование Савелки","region_name":"Москва","in_sample":true,"city":"moscow"},"geometry":{"type":"MultiPolygon","coordinates":[[[[37.23176,56.00443],[37.2423,56.00028],[37.2434,56.00089],[37.24539,56.00107],[37.24703,56.00014],[37.24745,55.99908],[37.2485,55.99839],[37.24844,55.99784],[37.26054,55.99315],[37.25928,55.9917],[37.25731,55.99006],[37.25379,55.98827],[37.25555,55.98726],[37.26111,55.98794],[37.26301,55.98854],[37.26511,55.98588],[37.2655,55.98449],[37.26517,55.98304],[37.26735,55.98243],[37.26774,55.98193],[37.26616,55.98114],[37.26541,55.97965],[37.26644,55.97947],[37.26387,55.9729],[37.26318,55.9719],[37.26146,55.97142],[37.26106,55.9699],[37.26158,55.96991],[37.26129,55.96807],[37.26814,55.96821],[37.26755,55.96759],[37.26226,55.96688],[37.26004,55.96791],[37.25702,55.96769],[37.25396,55.96809],[37.25249,55.9679],[37.25327,55.97041],[37.2465,55.97574],[37.2437,55.9767],[37.24408,55.97719],[37.24237,55.97839],[37.24203,55.97927],[37.23996,55.97918],[37.23961,55.97885],[37.23675,55.97909],[37.23664,55.9796],[37.23521,55.97965],[37.23426,55.97878],[37.23335,55.9785],[37.23239,55.97903],[37.23096,55.97909],[37.23017,55.98024],[37.22893,55.98029],[37.2272,55.97982],[37.22542,55.98029],[37.22478,55.98127],[37.22598,55.98306],[37.22634,55.98412],[37.22492,55.98493],[37.22397,55.98455],[37.22272,55.98492],[37.21856,55.9853],[37.21631,55.98679],[37.21336,55.98675],[37.21243,55.98703],[37.21337,55.98918],[37.21306,55.98992],[37.21404,55.99263],[37.21399,55.99327],[37.2095,56.00082],[37.212,56.00125],[37.22031,55.99926],[37.22037,56.00007],[37.22244,55.99989],[37.22237,55.99958],[37.22585,55.999],[37.22579,55.99857],[37.22742,55.99815],[37.22847,55.99912],[37.22802,56.00009],[37.2273,56.00046],[37.22607,56.00256],[37.22556,56.00249],[37.22525,56.00441],[37.22942,56.00415],[37.23176,56.00443]]]]}},
{"type":"Feature","properties":{"territory_id":2539,"name":"внутригородская территория города федерального значения муниципальный округ Красносельский","region_name":"Москва","in_sample":true,"city":"moscow"},"geometry":{"type":"MultiPolygon","coordinates":[[[[37.62876,55.75982],[37.62834,55.75987],[37.63005,55.76083],[37.62952,55.76108],[37.63061,55.76341],[37.62991,55.76287],[37.62868,55.76311],[37.63097,55.76567],[37.63151,55.76701],[37.63245,55.77066],[37.63259,55.77265],[37.63727,55.77206],[37.638,55.77347],[37.63818,55.77479],[37.63939,55.77713],[37.64001,55.77716],[37.64129,55.7797],[37.64484,55.77984],[37.64304,55.78445],[37.64173,55.78813],[37.64222,55.78843],[37.64208,55.79016],[37.64144,55.79131],[37.64025,55.79245],[37.64296,55.79301],[37.64612,55.79095],[37.64823,55.79024],[37.65152,55.78937],[37.65182,55.78912],[37.66385,55.78677],[37.67407,55.78489],[37.68581,55.78257],[37.68827,55.7819],[37.68482,55.7816],[37.68484,55.78081],[37.6801,55.77712],[37.67589,55.77839],[37.67342,55.77707],[37.66798,55.77454],[37.66432,55.77325],[37.663,55.76973],[37.65479,55.7696],[37.64815,55.76856],[37.64468,55.76846],[37.64151,55.76708],[37.63827,55.76543],[37.63733,55.76515],[37.63448,55.76238],[37.63068,55.7601],[37.62876,55.75982]]]]}},
{"type":"Feature","properties":{"territory_id":2540,"name":"внутригородская территория города федерального значения муниципальный округ Мещанский","region_name":"Москва","in_sample":true,"city":"moscow"},"geometry":{"type":"MultiPolygon","coordinates":[[[[37.61245,55.78255],[37.61294,55.7833],[37.61529,55.7835],[37.61682,55.78643],[37.61631,55.79312],[37.62796,55.79251],[37.63243,55.79186],[37.63464,55.79189],[37.63445,55.79461],[37.63496,55.79695],[37.635,55.79717],[37.63683,55.79622],[37.64049,55.79461],[37.64296,55.79301],[37.64025,55.79245],[37.64144,55.79131],[37.64208,55.79016],[37.64222,55.78843],[37.64173,55.78813],[37.64304,55.78445],[37.64484,55.77984],[37.64129,55.7797],[37.64001,55.77716],[37.63939,55.77713],[37.63818,55.77479],[37.638,55.77347],[37.63727,55.77206],[37.63259,55.77265],[37.63245,55.77066],[37.63151,55.76701],[37.63097,55.76567],[37.62868,55.76311],[37.62991,55.76287],[37.63061,55.76341],[37.62952,55.76108],[37.63005,55.76083],[37.62834,55.75987],[37.62669,55.76045],[37.62617,55.75988],[37.62479,55.75953],[37.62091,55.75899],[37.62144,55.75929],[37.62011,55.76188],[37.61988,55.76524],[37.62139,55.76688],[37.6211,55.76746],[37.62103,55.77318],[37.62067,55.77368],[37.61894,55.77364],[37.61852,55.77642],[37.61725,55.77993],[37.61507,55.78148],[37.61481,55.78199],[37.61245,55.78255]]]]}},
{"type":"Feature","properties":{"territory_id":2541,"name":"внутригородская территория города федерального значения муниципальный округ Пресненский","region_name":"Москва","in_sample":true,"city":"moscow"},"geometry":{"type":"MultiPolygon","coordinates":[[[[37.60736,55.7561],[37.60601,55.754],[37.60425,55.75418],[37.60261,55.75377],[37.60131,55.75375],[37.59719,55.75465],[37.58954,55.7567],[37.5892,55.75638],[37.58501,55.75805],[37.58446,55.75811],[37.58383,55.75526],[37.57678,55.75522],[37.57505,55.75334],[37.57396,55.75256],[37.57206,55.75202],[37.5708,55.75273],[37.56788,55.75336],[37.56402,55.7536],[37.56018,55.75308],[37.55454,55.75144],[37.54355,55.74652],[37.54037,55.74546],[37.53673,55.74464],[37.5324,55.7444],[37.52797,55.74461],[37.52557,55.74534],[37.52364,55.74633],[37.52242,55.74728],[37.52023,55.75002],[37.51814,55.75321],[37.51767,55.75464],[37.5163,55.75683],[37.51393,55.75842],[37.52194,55.76151],[37.52256,55.76169],[37.52429,55.75985],[37.52717,55.76125],[37.5314,55.76302],[37.53246,55.76364],[37.53417,55.76515],[37.53473,55.7662],[37.53606,55.7661],[37.53663,55.76907],[37.53713,55.76976],[37.53896,55.77113],[37.54186,55.77241],[37.54443,55.77299],[37.55192,55.77341],[37.55551,55.77384],[37.57108,55.77543],[37.57523,55.77552],[37.57622,55.77375],[37.57711,55.77316],[37.58332,55.77526],[37.59427,55.76881],[37.59538,55.76796],[37.59674,55.76766],[37.59474,55.76667],[37.59589,55.76634],[37.59891,55.76428],[37.60066,55.76485],[37.60422,55.76318],[37.60369,55.76265],[37.60452,55.7625],[37.60621,55.76127],[37.60564,55.76089],[37.60778,55.75995],[37.60976,55.75833],[37.607,55.75622],[37.60736,55.7561]]]]}},
{"type":"Feature","properties":{"territory_id":2542,"name":"внутригородская территория города федерального значения муниципальный округ Таганский","region_name":"Москва","in_sample":true,"city":"moscow"},"geometry":{"type":"MultiPolygon","coordinates":[[[[37.63488,55.75398],[37.63697,55.7542],[37.6393,55.75315],[37.64286,55.75266],[37.64773,55.75304],[37.64927,55.75298],[37.65262,55.75358],[37.65445,55.75441],[37.65762,55.75477],[37.66102,55.75446],[37.66308,55.75402],[37.66406,55.75287],[37.66621,55.75315],[37.66802,55.75188],[37.67053,55.75075],[37.67311,55.75005],[37.67981,55.74893],[37.68244,55.74827],[37.68487,55.74731],[37.69234,55.74387],[37.69528,55.74232],[37.69708,55.74079],[37.69792,55.73959],[37.69984,55.73632],[37.69886,55.73644],[37.69835,55.7354],[37.6938,55.72949],[37.69216,55.72954],[37.6882,55.73177],[37.68541,55.73304],[37.68584,55.73011],[37.68406,55.73003],[37.6833,55.72907],[37.68144,55.72904],[37.68157,55.72847],[37.68047,55.7284],[37.68057,55.72769],[37.67892,55.72826],[37.67773,55.72736],[37.67058,55.72583],[37.66746,55.73086],[37.66581,55.73164],[37.66069,55.7307],[37.66272,55.72766],[37.66313,55.72676],[37.65989,55.72668],[37.65672,55.72637],[37.65577,55.72762],[37.65421,55.72882],[37.65049,55.73128],[37.64802,55.73496],[37.64487,55.74113],[37.64131,55.74501],[37.63927,55.74658],[37.63771,55.74737],[37.63419,55.74843],[37.63207,55.74888],[37.63347,55.75343],[37.63488,55.75398]]]]}},
{"type":"Feature","properties":{"territory_id":2543,"name":"внутригородская территория города федерального значения муниципальный округ Тверской","region_name":"Москва","in_sample":true,"city":"moscow"},"geometry":{"type":"MultiPolygon","coordinates":[[[[37.5889,55.79246],[37.59347,55.79242],[37.59589,55.79223],[37.5993,55.79248],[37.60085,55.78732],[37.60172,55.78517],[37.60468,55.78529],[37.60679,55.78439],[37.61245,55.78255],[37.61481,55.78199],[37.61507,55.78148],[37.61725,55.77993],[37.61852,55.77642],[37.61894,55.77364],[37.62067,55.77368],[37.62103,55.77318],[37.6211,55.76746],[37.62139,55.76688],[37.61988,55.76524],[37.62011,55.76188],[37.62144,55.75929],[37.62091,55.75899],[37.62479,55.75953],[37.62617,55.75988],[37.62669,55.76045],[37.62834,55.75987],[37.62876,55.75982],[37.62787,55.75952],[37.63136,55.75726],[37.63429,55.75486],[37.63488,55.75398],[37.63347,55.75343],[37.63207,55.74888],[37.62831,55.74922],[37.62506,55.74908],[37.62136,55.74882],[37.61698,55.74818],[37.6122,55.74677],[37.61078,55.74848],[37.6088,55.74919],[37.60921,55.74961],[37.61219,55.75457],[37.60736,55.7561],[37.607,55.75622],[37.60976,55.75833],[37.60778,55.75995],[37.60564,55.76089],[37.60621,55.76127],[37.60452,55.7625],[37.60369,55.76265],[37.60422,55.76318],[37.60066,55.76485],[37.59891,55.76428],[37.59589,55.76634],[37.59474,55.76667],[37.59674,55.76766],[37.59538,55.76796],[37.59427,55.76881],[37.58332,55.77526],[37.57711,55.77316],[37.57622,55.77375],[37.57523,55.77552],[37.5781,55.77615],[37.5811,55.77743],[37.58325,55.77871],[37.58479,55.77987],[37.58544,55.78102],[37.58684,55.78524],[37.58787,55.78971],[37.58863,55.79206],[37.5878,55.79264],[37.5889,55.79246]]]]}},
{"type":"Feature","properties":{"territory_id":2544,"name":"внутригородская территория города федерального значения муниципальный округ Хамовники","region_name":"Москва","in_sample":true,"city":"moscow"},"geometry":{"type":"MultiPolygon","coordinates":[[[[37.57761,55.71421],[37.57493,55.71312],[37.56961,55.71162],[37.5654,55.71076],[37.55923,55.71028],[37.55687,55.71034],[37.5529,55.71097],[37.54852,55.71226],[37.54594,55.71369],[37.54333,55.71562],[37.54189,55.71759],[37.54108,55.72013],[37.54118,55.72206],[37.54186,55.72404],[37.54307,55.72557],[37.5449,55.72706],[37.54779,55.72807],[37.55303,55.72995],[37.55906,55.73307],[37.56363,55.7351],[37.56575,55.7364],[37.56833,55.73855],[37.57389,55.74471],[37.57413,55.74545],[37.57688,55.74552],[37.57939,55.74583],[37.58234,55.74541],[37.58304,55.74549],[37.5838,55.74375],[37.58729,55.7441],[37.58581,55.7463],[37.58781,55.74681],[37.59598,55.74764],[37.59934,55.74707],[37.59972,55.74889],[37.60302,55.74867],[37.60429,55.7504],[37.6088,55.74919],[37.61078,55.74848],[37.6122,55.74677],[37.61011,55.74526],[37.60832,55.74312],[37.60691,55.73835],[37.60641,55.73784],[37.60003,55.73459],[37.59803,55.73294],[37.5963,55.73104],[37.59318,55.72626],[37.5903,55.72356],[37.58551,55.71934],[37.58208,55.71674],[37.57761,55.71421]]]]}},
{"type":"Feature","properties":{"territory_id":2545,"name":"внутригородская территория города федерального значения муниципальный округ Якиманка","region_name":"Москва","in_sample":true,"city":"moscow"},"geometry":{"type":"MultiPolygon","coordinates":[[[[37.61775,55.72028],[37.61554,55.72008],[37.61417,55.72105],[37.61012,55.72142],[37.6094,55.71948],[37.60031,55.7213],[37.59813,55.71985],[37.59686,55.72013],[37.59408,55.71833],[37.59223,55.71943],[37.59213,55.71883],[37.5908,55.71787],[37.59267,55.71687],[37.5905,55.71575],[37.58794,55.71395],[37.58834,55.7131],[37.58559,55.71109],[37.58214,55.71099],[37.57761,55.71421],[37.58208,55.71674],[37.58551,55.71934],[37.5903,55.72356],[37.59318,55.72626],[37.5963,55.73104],[37.59803,55.73294],[37.60003,55.73459],[37.60641,55.73784],[37.60691,55.73835],[37.60832,55.74312],[37.61011,55.74526],[37.6122,55.74677],[37.61698,55.74818],[37.62136,55.74882],[37.62506,55.74908],[37.62641,55.74598],[37.62472,55.74577],[37.62498,55.74153],[37.6246,55.73991],[37.62431,55.73646],[37.62421,55.73165],[37.62383,55.72958],[37.61961,55.72925],[37.61992,55.72731],[37.61509,55.72692],[37.61665,55.72353],[37.61775,55.72028]]]]}},
{"type":"Feature","properties":{"territory_id":2546,"name":"внутригородская территория города федерального значения муниципальный округ Выхино-Жулебино","region_name":"Москва","in_sample":true,"city":"moscow"},"geometry":{"type":"MultiPolygon","coordinates":[[[[37.80253,55.68049],[37.8057,55.68759],[37.8055,55.68796],[37.80166,55.68878],[37.79858,55.68898],[37.79578,55.68847],[37.79112,55.68711],[37.78804,55.68836],[37.78724,55.68912],[37.78726,55.69048],[37.78938,55.69036],[37.79454,55.70737],[37.79847,55.72033],[37.79912,55.72211],[37.80481,55.72027],[37.81677,55.71623],[37.83602,55.70978],[37.84396,55.70703],[37.85234,55.7042],[37.85341,55.70354],[37.85818,55.70125],[37.85732,55.7007],[37.85841,55.70012],[37.85617,55.69876],[37.85874,55.69737],[37.86409,55.69369],[37.86081,55.69176],[37.86001,55.69103],[37.86475,55.68826],[37.86479,55.68735],[37.86134,55.6816],[37.85896,55.67721],[37.85689,55.6757],[37.84969,55.67906],[37.84339,55.68173],[37.83806,55.68381],[37.83585,55.68457],[37.83466,55.68464],[37.83277,55.68403],[37.83246,55.68304],[37.83453,55.67789],[37.83038,55.67728],[37.82672,55.67927],[37.82595,55.67892],[37.82502,55.67951],[37.822,55.67829],[37.81809,55.68037],[37.81697,55.67983],[37.81003,55.6759],[37.81227,55.67473],[37.81196,55.67456],[37.80982,55.67578],[37.80793,55.67464],[37.80558,55.67623],[37.80567,55.67675],[37.80449,55.67742],[37.80439,55.67794],[37.80532,55.68028],[37.80253,55.68049]]]]}},
{"type":"Feature","properties":{"territory_id":2547,"name":"внутригородская территория города федерального значения муниципальный округ Капотня","region_name":"Москва","in_sample":true,"city":"moscow"},"geometry":{"type":"MultiPolygon","coordinates":[[[[37.84139,55.6567],[37.84114,55.65519],[37.83951,55.65552],[37.83837,55.65424],[37.83606,55.65122],[37.8349,55.65006],[37.83209,55.64805],[37.82734,55.64509],[37.82483,55.64339],[37.82254,55.64151],[37.82411,55.64059],[37.82293,55.63932],[37.82176,55.63908],[37.82072,55.63943],[37.81812,55.63909],[37.80866,55.63291],[37.80839,55.63253],[37.80471,55.63034],[37.80065,55.62769],[37.79974,55.62692],[37.79585,55.62423],[37.79356,55.62296],[37.78976,55.62575],[37.78671,55.63026],[37.78503,55.63326],[37.78426,55.63832],[37.78383,55.64259],[37.78551,55.64511],[37.78534,55.64733],[37.78345,55.64855],[37.78449,55.65115],[37.78796,55.6585],[37.79412,55.65757],[37.81234,55.65741],[37.81924,55.65716],[37.83324,55.65699],[37.83758,55.65711],[37.84139,55.6567]]]]}},
{"type":"Feature","properties":{"territory_id":2548,"name":"внутригородская территория города федерального значения муниципальный округ Кузьминки","region_name":"Москва","in_sample":true,"city":"moscow"},"geometry":{"type":"MultiPolygon","coordinates":[[[[37.80253,55.68049],[37.79833,55.68019],[37.79352,55.68288],[37.7925,55.68312],[37.78888,55.6813],[37.78503,55.68341],[37.76704,55.68725],[37.76469,55.68787],[37.76417,55.68844],[37.76263,55.68813],[37.76119,55.68874],[37.76072,55.68974],[37.76085,55.69103],[37.75912,55.69021],[37.75569,55.69076],[37.75596,55.69166],[37.75021,55.70051],[37.74544,55.70766],[37.7453,55.70813],[37.74782,55.70779],[37.7476,55.70993],[37.749,55.7103],[37.76222,55.71369],[37.76623,55.71497],[37.7744,55.71684],[37.77818,55.7121],[37.78073,55.70921],[37.79454,55.70737],[37.78938,55.69036],[37.78726,55.69048],[37.78724,55.68912],[37.78804,55.68836],[37.79112,55.68711],[37.79578,55.68847],[37.79858,55.68898],[37.80166,55.68878],[37.8055,55.68796],[37.8057,55.68759],[37.80253,55.68049]]]]}},
{"type":"Feature","properties":{"territory_id":2549,"name":"внутригородская территория города федерального значения муниципальный округ Лефортово","region_name":"Москва","in_sample":true,"city":"moscow"},"geometry":{"type":"MultiPolygon","coordinates":[[[[37.69792,55.73959],[37.69708,55.74079],[37.69528,55.74232],[37.69234,55.74387],[37.68487,55.74731],[37.68244,55.74827],[37.67981,55.74893],[37.67311,55.75005],[37.67053,55.75075],[37.67255,55.75239],[37.67305,55.75369],[37.67091,55.75743],[37.67077,55.75838],[37.67222,55.75918],[37.67391,55.75937],[37.67799,55.75907],[37.68095,55.75914],[37.68259,55.75954],[37.68416,55.76027],[37.68581,55.76233],[37.68585,55.76398],[37.68904,55.76777],[37.6922,55.76949],[37.69692,55.76688],[37.69724,55.76683],[37.70252,55.77003],[37.70465,55.77073],[37.70568,55.77141],[37.71352,55.77527],[37.71595,55.7723],[37.71784,55.76959],[37.72039,55.76673],[37.72087,55.76495],[37.72063,55.76246],[37.71843,55.75851],[37.71766,55.75596],[37.71839,55.75342],[37.71961,55.75198],[37.72137,55.75064],[37.72363,55.74952],[37.72533,55.74897],[37.73671,55.74595],[37.7361,55.74512],[37.73417,55.74075],[37.73296,55.73888],[37.73131,55.73702],[37.72899,55.73336],[37.72189,55.73402],[37.71978,55.73454],[37.71634,55.73602],[37.71427,55.73786],[37.71322,55.73937],[37.71147,55.74327],[37.70649,55.74375],[37.70083,55.74413],[37.7006,55.74244],[37.69658,55.74239],[37.69792,55.73959]]]]}},
{"type":"Feature","properties":{"territory_id":2550,"name":"внутригородская территория города федерального значения муниципальный округ Люблино","region_name":"Москва","in_sample":true,"city":"moscow"},"geometry":{"type":"MultiPolygon","coordinates":[[[[37.71313,55.65852],[37.72211,55.66513],[37.7252,55.66896],[37.72756,55.67317],[37.73126,55.67951],[37.73249,55.68247],[37.73443,55.68619],[37.73489,55.68743],[37.73445,55.68996],[37.73302,55.69193],[37.73595,55.69189],[37.73885,55.69162],[37.74146,55.69022],[37.74234,55.69005],[37.74735,55.69025],[37.75425,55.68896],[37.75569,55.69076],[37.75912,55.69021],[37.76085,55.69103],[37.76072,55.68974],[37.76119,55.68874],[37.76263,55.68813],[37.76417,55.68844],[37.76469,55.68787],[37.76704,55.68725],[37.78503,55.68341],[37.78888,55.6813],[37.7925,55.68312],[37.79352,55.68288],[37.79833,55.68019],[37.80253,55.68049],[37.80532,55.68028],[37.80439,55.67794],[37.80449,55.67742],[37.80567,55.67675],[37.80558,55.67623],[37.80793,55.67464],[37.80982,55.67578],[37.81196,55.67456],[37.81227,55.67473],[37.81003,55.6759],[37.81697,55.67983],[37.81809,55.68037],[37.822,55.67829],[37.82502,55.67951],[37.82595,55.67892],[37.82672,55.67927],[37.83038,55.67728],[37.83453,55.67789],[37.8396,55.66401],[37.84003,55.66211],[37.84013,55.65827],[37.84163,55.65785],[37.84139,55.6567],[37.83758,55.65711],[37.83324,55.65699],[37.81924,55.65716],[37.81234,55.65741],[37.79412,55.65757],[37.78796,55.6585],[37.78235,55.66354],[37.77585,55.66694],[37.77495,55.66716],[37.76742,55.66778],[37.76398,55.66889],[37.75908,55.6675],[37.75172,55.66638],[37.75024,55.66599],[37.74276,55.6626],[37.74015,55.66177],[37.73738,55.66014],[37.73373,55.65914],[37.72728,55.65649],[37.72649,55.65666],[37.72049,55.66027],[37.71999,55.66027],[37.71552,55.65824],[37.71313,55.65852]]]]}},
{"type":"Feature","properties":{"territory_id":2551,"name":"внутригородская территория города федерального значения муниципальный округ Марьино","region_name":"Москва","in_sample":true,"city":"moscow"},"geometry":{"type":"MultiPolygon","coordinates":[[[[37.78796,55.6585],[37.78449,55.65115],[37.78345,55.64855],[37.7798,55.64874],[37.7662,55.64545],[37.74959,55.64063],[37.74538,55.6399],[37.7295,55.64089],[37.71328,55.63946],[37.69942,55.64212],[37.69448,55.64328],[37.69291,55.64383],[37.695,55.64571],[37.69933,55.64823],[37.70384,55.65155],[37.71313,55.65852],[37.71552,55.65824],[37.71999,55.66027],[37.72049,55.66027],[37.72649,55.65666],[37.72728,55.65649],[37.73373,55.65914],[37.73738,55.66014],[37.74015,55.66177],[37.74276,55.6626],[37.75024,55.66599],[37.75172,55.66638],[37.75908,55.6675],[37.76398,55.66889],[37.76742,55.66778],[37.77495,55.66716],[37.77585,55.66694],[37.78235,55.66354],[37.78796,55.6585]]]]}},
{"type":"Feature","properties":{"territory_id":2552,"name":"внутригородская территория города федерального значения муниципальный округ Некрасовка","region_name":"Москва","in_sample":true,"city":"moscow"},"geometry":{"type":"MultiPolygon","coordinates":[[[[37.94565,55.72084],[37.94511,55.72087],[37.93659,55.71624],[37.92807,55.71616],[37.92625,55.71515],[37.92611,55.71219],[37.92479,55.71112],[37.92192,55.70796],[37.91925,55.70761],[37.90701,55.70699],[37.90613,55.70626],[37.90725,55.70471],[37.90927,55.70494],[37.91138,55.70478],[37.91221,55.70297],[37.91346,55.70217],[37.91344,55.69787],[37.91517,55.69705],[37.91894,55.69943],[37.91938,55.69935],[37.92474,55.69704],[37.92661,55.69822],[37.93981,55.69801],[37.93976,55.69661],[37.93913,55.6965],[37.93587,55.69681],[37.92825,55.695],[37.92758,55.69398],[37.92319,55.68927],[37.92243,55.68881],[37.9186,55.68826],[37.91773,55.68769],[37.91726,55.68627],[37.91329,55.68332],[37.91379,55.6816],[37.91856,55.68079],[37.91894,55.68054],[37.92047,55.67614],[37.92713,55.67595],[37.9316,55.67596],[37.9356,55.67578],[37.94863,55.6755],[37.94965,55.67516],[37.96338,55.67366],[37.96347,55.67442],[37.96174,55.67513],[37.96136,55.67564],[37.96178,55.67749],[37.96435,55.68005],[37.96338,55.68091],[37.96359,55.68158],[37.96304,55.68282],[37.9638,55.68452],[37.96298,55.68504],[37.9629,55.68574],[37.96477,55.68606],[37.96325,55.68656],[37.96345,55.68737],[37.96162,55.6878],[37.96094,55.68847],[37.96124,55.68897],[37.95915,55.68957],[37.95788,55.68945],[37.9602,55.69277],[37.95758,55.69385],[37.95635,55.69274],[37.95393,55.69273],[37.95561,55.69451],[37.95088,55.69619],[37.94978,55.69524],[37.94848,55.69513],[37.94623,55.69667],[37.94472,55.69712],[37.94554,55.69809],[37.94524,55.69912],[37.94713,55.70028],[37.94941,55.70001],[37.9517,55.70066],[37.95335,55.70061],[37.9529,55.70136],[37.95421,55.70278],[37.95576,55.70273],[37.95651,55.70221],[37.95604,55.7011],[37.95705,55.70086],[37.95895,55.7026],[37.95822,55.70294],[37.95974,55.70451],[37.95791,55.70594],[37.9544,55.70694],[37.95419,55.70668],[37.9473,55.7086],[37.94967,55.71134],[37.9531,55.71126],[37.96408,55.70931],[37.96677,55.71023],[37.96671,55.7105],[37.95986,55.71409],[37.96067,55.71475],[37.96502,55.71544],[37.96743,55.71625],[37.96205,55.71716],[37.95847,55.71762],[37.95551,55.72022],[37.94982,55.72],[37.94748,55.72006],[37.94565,55.72084]]]]}},
{"type":"Feature","properties":{"territory_id":2553,"name":"внутригородская территория города федерального значения муниципальный округ Нижегородский","region_name":"Москва","in_sample":true,"city":"moscow"},"geometry":{"type":"MultiPolygon","coordinates":[[[[37.73671,55.74595],[37.73934,55.74518],[37.74102,55.74445],[37.74397,55.74254],[37.74672,55.74037],[37.75046,55.7388],[37.75277,55.73826],[37.76,55.73725],[37.76264,55.73654],[37.7673,55.73427],[37.76189,55.73318],[37.76126,55.73181],[37.75896,55.72989],[37.7567,55.72887],[37.75545,55.72856],[37.74567,55.72687],[37.73566,55.72506],[37.7171,55.72174],[37.71504,55.72354],[37.70527,55.72071],[37.70225,55.71974],[37.70027,55.72071],[37.69889,55.72137],[37.69417,55.72306],[37.68057,55.72769],[37.68047,55.7284],[37.68157,55.72847],[37.68144,55.72904],[37.6833,55.72907],[37.68406,55.73003],[37.68584,55.73011],[37.68541,55.73304],[37.6882,55.73177],[37.69216,55.72954],[37.6938,55.72949],[37.69835,55.7354],[37.69886,55.73644],[37.69984,55.73632],[37.69792,55.73959],[37.69658,55.74239],[37.7006,55.74244],[37.70083,55.74413],[37.70649,55.74375],[37.71147,55.74327],[37.71322,55.73937],[37.71427,55.73786],[37.71634,55.73602],[37.71978,55.73454],[37.72189,55.73402],[37.72899,55.73336],[37.73131,55.73702],[37.73296,55.73888],[37.73417,55.74075],[37.7361,55.74512],[37.73671,55.74595]]]]}},
{"type":"Feature","properties":{"territory_id":2554,"name":"внутригородская территория города федерального значения муниципальный округ Печатники","region_name":"Москва","in_sample":true,"city":"moscow"},"geometry":{"type":"MultiPolygon","coordinates":[[[[37.70027,55.72071],[37.70225,55.71974],[37.70527,55.72071],[37.71504,55.72354],[37.7171,55.72174],[37.72639,55.71419],[37.72824,55.71222],[37.72929,55.71003],[37.73009,55.70125],[37.73049,55.69884],[37.73162,55.69398],[37.73302,55.69193],[37.73445,55.68996],[37.73489,55.68743],[37.73443,55.68619],[37.73249,55.68247],[37.73126,55.67951],[37.72756,55.67317],[37.7252,55.66896],[37.72211,55.66513],[37.71313,55.65852],[37.70384,55.65155],[37.69933,55.64823],[37.695,55.64571],[37.69291,55.64383],[37.68895,55.64522],[37.67804,55.64994],[37.67457,55.65176],[37.67259,55.65321],[37.67165,55.65435],[37.6716,55.65636],[37.67238,55.66198],[37.67324,55.66511],[37.67504,55.66765],[37.67813,55.66905],[37.68242,55.67062],[37.6874,55.67116],[37.68934,55.6727],[37.69262,55.6738],[37.70034,55.67589],[37.70476,55.67736],[37.71195,55.68132],[37.71238,55.68466],[37.71212,55.68846],[37.70757,55.69327],[37.69478,55.69535],[37.68427,55.69742],[37.68696,55.70018],[37.69119,55.70596],[37.69057,55.70636],[37.68628,55.70618],[37.68173,55.71128],[37.6791,55.71483],[37.69334,55.71888],[37.69526,55.71924],[37.6987,55.72037],[37.70027,55.72071]]]]}},
{"type":"Feature","properties":{"territory_id":2555,"name":"внутригородская территория города федерального значения муниципальный округ Рязанский","region_name":"Москва","in_sample":true,"city":"moscow"},"geometry":{"type":"MultiPolygon","coordinates":[[[[37.749,55.7103],[37.74353,55.71905],[37.74252,55.72076],[37.74239,55.72162],[37.74112,55.72221],[37.73962,55.72406],[37.7382,55.72489],[37.73566,55.72506],[37.74567,55.72687],[37.75545,55.72856],[37.7567,55.72887],[37.75896,55.72989],[37.76126,55.73181],[37.76189,55.73318],[37.7673,55.73427],[37.77385,55.73091],[37.7759,55.72994],[37.79372,55.72398],[37.79912,55.72211],[37.79847,55.72033],[37.79454,55.70737],[37.78073,55.70921],[37.77818,55.7121],[37.7744,55.71684],[37.76623,55.71497],[37.76222,55.71369],[37.749,55.7103]]]]}},
{"type":"Feature","properties":{"territory_id":2556,"name":"внутригородская территория города федерального значения муниципальный округ Текстильщики","region_name":"Москва","in_sample":true,"city":"moscow"},"geometry":{"type":"MultiPolygon","coordinates":[[[[37.73302,55.69193],[37.73162,55.69398],[37.73049,55.69884],[37.73009,55.70125],[37.72929,55.71003],[37.72824,55.71222],[37.72639,55.71419],[37.7171,55.72174],[37.73566,55.72506],[37.7382,55.72489],[37.73962,55.72406],[37.74112,55.72221],[37.74239,55.72162],[37.74252,55.72076],[37.74353,55.71905],[37.749,55.7103],[37.7476,55.70993],[37.74782,55.70779],[37.7453,55.70813],[37.74544,55.70766],[37.75021,55.70051],[37.75596,55.69166],[37.75569,55.69076],[37.75425,55.68896],[37.74735,55.69025],[37.74234,55.69005],[37.74146,55.69022],[37.73885,55.69162],[37.73595,55.69189],[37.73302,55.69193]]]]}},
{"type":"Feature","properties":{"territory_id":2557,"name":"внутригородская территория города федерального значения муниципальный округ Южнопортовый","region_name":"Москва","in_sample":true,"city":"moscow"},"geometry":{"type":"MultiPolygon","coordinates":[[[[37.68057,55.72769],[37.69417,55.72306],[37.69889,55.72137],[37.70027,55.72071],[37.6987,55.72037],[37.69526,55.71924],[37.69334,55.71888],[37.6791,55.71483],[37.68173,55.71128],[37.68628,55.70618],[37.69057,55.70636],[37.69119,55.70596],[37.68696,55.70018],[37.68427,55.69742],[37.67901,55.69819],[37.67449,55.69851],[37.67293,55.69968],[37.67095,55.7005],[37.66729,55.70074],[37.66781,55.70528],[37.66588,55.71121],[37.66395,55.71742],[37.66358,55.71901],[37.66368,55.72456],[37.66313,55.72676],[37.66272,55.72766],[37.66069,55.7307],[37.66581,55.73164],[37.66746,55.73086],[37.67058,55.72583],[37.67773,55.72736],[37.67892,55.72826],[37.68057,55.72769]]]]}},
{"type":"Feature","properties":{"territory_id":2558,"name":"внутригородская территория города федерального значения муниципальный округ Академический","region_name":"Москва","in_sample":true,"city":"moscow"},"geometry":{"type":"MultiPolygon","coordinates":[[[[37.55226,55.68403],[37.56111,55.69129],[37.56289,55.69244],[37.57126,55.69716],[37.58734,55.70633],[37.58984,55.70351],[37.59612,55.69613],[37.59703,55.69522],[37.60154,55.69155],[37.59845,55.69035],[37.5977,55.68985],[37.59355,55.68598],[37.58775,55.68071],[37.58553,55.67891],[37.57968,55.67693],[37.58031,55.67486],[37.57809,55.67269],[37.56299,55.67789],[37.55556,55.68213],[37.55226,55.68403]]]]}},
{"type":"Feature","properties":{"territory_id":2559,"name":"внутригородская территория города федерального значения муниципальный округ Гагаринский","region_name":"Москва","in_sample":true,"city":"moscow"},"geometry":{"type":"MultiPolygon","coordinates":[[[[37.55226,55.68403],[37.54747,55.68081],[37.53939,55.68465],[37.53005,55.68993],[37.53657,55.69356],[37.55923,55.71028],[37.5654,55.71076],[37.56961,55.71162],[37.57493,55.71312],[37.57761,55.71421],[37.58214,55.71099],[37.58536,55.70881],[37.58875,55.70712],[37.58734,55.70633],[37.57126,55.69716],[37.56289,55.69244],[37.56111,55.69129],[37.55226,55.68403]]]]}},
{"type":"Feature","properties":{"territory_id":2560,"name":"внутригородская территория города федерального значения муниципальный округ Зюзино","region_name":"Москва","in_sample":true,"city":"moscow"},"geometry":{"type":"MultiPolygon","coordinates":[[[[37.60765,55.66408],[37.61357,55.66348],[37.60582,55.65704],[37.6054,55.65642],[37.60567,55.64137],[37.59451,55.64196],[37.59168,55.64219],[37.58942,55.64258],[37.58039,55.64533],[37.5768,55.64643],[37.5717,55.64776],[37.564,55.64946],[37.56537,55.65113],[37.5711,55.65662],[37.58125,55.66603],[37.58168,55.66574],[37.58408,55.66587],[37.58679,55.66568],[37.58761,55.66523],[37.58884,55.66568],[37.58989,55.66518],[37.593,55.66553],[37.59464,55.66554],[37.59693,55.66623],[37.60138,55.66479],[37.60765,55.66408]]]]}},
{"type":"Feature","properties":{"territory_id":2561,"name":"внутригородская территория города федерального значения муниципальный округ Коньково","region_name":"Москва","in_sample":true,"city":"moscow"},"geometry":{"type":"MultiPolygon","coordinates":[[[[37.49851,55.64219],[37.49951,55.64287],[37.50889,55.64994],[37.51325,55.64809],[37.52189,55.65464],[37.52007,55.65518],[37.52101,55.65585],[37.52278,55.6553],[37.52537,55.65731],[37.53562,55.6563],[37.53906,55.65575],[37.5413,55.65496],[37.54621,55.65274],[37.55124,55.65132],[37.56242,55.64974],[37.564,55.64946],[37.56128,55.64591],[37.55993,55.64466],[37.55705,55.64333],[37.54999,55.64115],[37.54643,55.63956],[37.54533,55.63875],[37.54412,55.63737],[37.54059,55.63188],[37.54005,55.63024],[37.54056,55.62864],[37.53743,55.62781],[37.53617,55.62684],[37.53235,55.6258],[37.53127,55.62594],[37.53106,55.62548],[37.52443,55.62363],[37.51422,55.62541],[37.51265,55.62578],[37.5171,55.62963],[37.52049,55.6343],[37.51756,55.63495],[37.51491,55.63578],[37.49851,55.64219]]]]}},
{"type":"Feature","properties":{"territory_id":2562,"name":"внутригородская территория города федерального значения муниципальный округ Котловка","region_name":"Москва","in_sample":true,"city":"moscow"},"geometry":{"type":"MultiPolygon","coordinates":[[[[37.58125,55.66603],[37.58563,55.6701],[37.57809,55.67269],[37.58031,55.67486],[37.57968,55.67693],[37.58553,55.67891],[37.58775,55.68071],[37.59355,55.68598],[37.5977,55.68985],[37.59845,55.69035],[37.60154,55.69155],[37.60374,55.69052],[37.6051,55.68915],[37.60529,55.68807],[37.60502,55.6858],[37.60675,55.68436],[37.60861,55.68389],[37.60991,55.68388],[37.6137,55.68448],[37.61397,55.68317],[37.61458,55.68269],[37.61492,55.68093],[37.61469,55.68056],[37.61171,55.67861],[37.61129,55.67722],[37.60896,55.6763],[37.60859,55.67534],[37.60738,55.67467],[37.60671,55.67283],[37.60617,55.67287],[37.6063,55.67083],[37.60612,55.66892],[37.60704,55.66819],[37.61164,55.66613],[37.61064,55.66496],[37.6088,55.66512],[37.60765,55.66408],[37.60138,55.66479],[37.59693,55.66623],[37.59464,55.66554],[37.593,55.66553],[37.58989,55.66518],[37.58884,55.66568],[37.58761,55.66523],[37.58679,55.66568],[37.58408,55.66587],[37.58168,55.66574],[37.58125,55.66603]]]]}},
{"type":"Feature","properties":{"territory_id":2563,"name":"внутригородская территория города федерального значения муниципальный округ Ломоносовский","region_name":"Москва","in_sample":true,"city":"moscow"},"geometry":{"type":"MultiPolygon","coordinates":[[[[37.524,55.67372],[37.51426,55.67829],[37.51166,55.67973],[37.53005,55.68993],[37.53939,55.68465],[37.54747,55.68081],[37.55226,55.68403],[37.55556,55.68213],[37.54632,55.67352],[37.54607,55.67323],[37.54459,55.67369],[37.54221,55.67156],[37.54144,55.66996],[37.54133,55.66877],[37.53997,55.66849],[37.53355,55.66822],[37.53149,55.66878],[37.53006,55.67063],[37.5291,55.67139],[37.524,55.67372]]]]}},
{"type":"Feature","properties":{"territory_id":2564,"name":"внутригородская территория города федерального значения муниципальный округ Обручевский","region_name":"Москва","in_sample":true,"city":"moscow"},"geometry":{"type":"MultiPolygon","coordinates":[[[[37.53906,55.65575],[37.53562,55.6563],[37.52537,55.65731],[37.52278,55.6553],[37.52101,55.65585],[37.52007,55.65518],[37.52189,55.65464],[37.51325,55.64809],[37.50889,55.64994],[37.49951,55.64287],[37.49851,55.64219],[37.48696,55.64664],[37.48247,55.64946],[37.49561,55.65563],[37.50165,55.65852],[37.50654,55.66178],[37.52009,55.67088],[37.524,55.67372],[37.5291,55.67139],[37.53006,55.67063],[37.53149,55.66878],[37.53355,55.66822],[37.53997,55.66849],[37.54133,55.66877],[37.54144,55.66996],[37.54221,55.67156],[37.54459,55.67369],[37.54607,55.67323],[37.54645,55.673],[37.55112,55.67146],[37.55295,55.67137],[37.55513,55.67065],[37.53906,55.65575]]]]}},
{"type":"Feature","properties":{"territory_id":2565,"name":"внутригородская территория города федерального значения муниципальный округ Северное Бутово","region_name":"Москва","in_sample":true,"city":"moscow"},"geometry":{"type":"MultiPolygon","coordinates":[[[[37.5893,55.5572],[37.5774,55.54911],[37.57586,55.54981],[37.57595,55.55185],[37.57568,55.55236],[37.57389,55.55354],[37.5722,55.55402],[37.56855,55.5545],[37.56823,55.55494],[37.56495,55.55444],[37.5629,55.55395],[37.55973,55.55434],[37.55945,55.55582],[37.56035,55.5581],[37.55865,55.56041],[37.55642,55.56005],[37.55446,55.56026],[37.5548,55.56148],[37.55201,55.56185],[37.55035,55.56293],[37.55059,55.5636],[37.55251,55.56365],[37.55316,55.56406],[37.55377,55.56604],[37.55349,55.56762],[37.54789,55.56892],[37.54888,55.56994],[37.54695,55.57045],[37.54612,55.56994],[37.54451,55.57022],[37.54368,55.57075],[37.54069,55.57113],[37.54032,55.57167],[37.5389,55.57221],[37.53724,55.57239],[37.53691,55.57315],[37.53954,55.57326],[37.5395,55.5744],[37.53995,55.57604],[37.53872,55.57592],[37.5393,55.57672],[37.53685,55.57729],[37.53865,55.57956],[37.54102,55.57923],[37.54091,55.57884],[37.54293,55.57844],[37.54574,55.57836],[37.54793,55.579],[37.55118,55.58032],[37.54963,55.58144],[37.54946,55.58251],[37.54871,55.58325],[37.54623,55.58413],[37.54546,55.5849],[37.54567,55.58558],[37.54727,55.58666],[37.54784,55.58699],[37.56955,55.58181],[37.57311,55.58238],[37.57368,55.58221],[37.57294,55.58097],[37.59009,55.5769],[37.59224,55.5754],[37.59499,55.57178],[37.5972,55.56908],[37.59747,55.56687],[37.5984,55.56661],[37.60229,55.56637],[37.60358,55.56459],[37.60093,55.56332],[37.59883,55.56272],[37.59553,55.56148],[37.59259,55.55985],[37.58945,55.55768],[37.5893,55.5572]]]]}},
{"type":"Feature","properties":{"territory_id":2566,"name":"внутригородская территория города федерального значения муниципальный округ Теплый Стан","region_name":"Москва","in_sample":true,"city":"moscow"},"geometry":{"type":"MultiPolygon","coordinates":[[[[37.48833,55.60827],[37.48784,55.60839],[37.48912,55.61072],[37.4889,55.61328],[37.48621,55.61559],[37.48153,55.61931],[37.46749,55.63136],[37.46597,55.63314],[37.46467,55.63376],[37.46078,55.63706],[37.45815,55.63738],[37.456,55.63688],[37.45572,55.63705],[37.46372,55.6407],[37.4782,55.64751],[37.48247,55.64946],[37.48696,55.64664],[37.49851,55.64219],[37.51491,55.63578],[37.51756,55.63495],[37.52049,55.6343],[37.5171,55.62963],[37.51265,55.62578],[37.50461,55.61882],[37.50121,55.61632],[37.49817,55.61444],[37.4906,55.61045],[37.48932,55.60952],[37.48833,55.60827]]]]}},
{"type":"Feature","properties":{"territory_id":2567,"name":"внутригородская территория города федерального значения муниципальный округ Черемушки","region_name":"Москва","in_sample":true,"city":"moscow"},"geometry":{"type":"MultiPolygon","coordinates":[[[[37.54607,55.67323],[37.54632,55.67352],[37.55556,55.68213],[37.56299,55.67789],[37.57809,55.67269],[37.58563,55.6701],[37.58125,55.66603],[37.5711,55.65662],[37.56537,55.65113],[37.564,55.64946],[37.56242,55.64974],[37.55124,55.65132],[37.54621,55.65274],[37.5413,55.65496],[37.53906,55.65575],[37.55513,55.67065],[37.55295,55.67137],[37.55112,55.67146],[37.54645,55.673],[37.54607,55.67323]]]]}},
{"type":"Feature","properties":{"territory_id":2568,"name":"внутригородская территория города федерального значения муниципальный округ Южное Бутово","region_name":"Москва","in_sample":true,"city":"moscow"},"geometry":{"type":"MultiPolygon","coordinates":[[[[37.5893,55.5572],[37.58821,55.55369],[37.58812,55.55273],[37.58715,55.55022],[37.58593,55.54626],[37.58544,55.54534],[37.58462,55.54206],[37.58332,55.53786],[37.58392,55.5372],[37.58221,55.53164],[37.58072,55.52772],[37.58032,55.52776],[37.57994,55.52624],[37.57845,55.52168],[37.58552,55.518],[37.5858,55.51713],[37.5887,55.51553],[37.58972,55.51401],[37.59183,55.51249],[37.59319,55.5115],[37.59872,55.50813],[37.59775,55.50613],[37.59665,55.50542],[37.59889,55.50438],[37.60454,55.50242],[37.60255,55.50045],[37.60415,55.49871],[37.6,55.49683],[37.60023,55.49575],[37.597,55.49423],[37.59529,55.49318],[37.59367,55.49305],[37.5925,55.49422],[37.59028,55.49339],[37.59122,55.49241],[37.59134,55.49131],[37.5793,55.49619],[37.57844,55.49632],[37.5737,55.49836],[37.57306,55.49905],[37.57218,55.49914],[37.57181,55.50005],[37.57713,55.5172],[37.56769,55.51668],[37.56618,55.51708],[37.56688,55.52029],[37.56536,55.52044],[37.56478,55.51841],[37.5641,55.51849],[37.56297,55.51698],[37.56096,55.5152],[37.56064,55.51524],[37.55814,55.51395],[37.55479,55.5131],[37.55133,55.51264],[37.54703,55.51272],[37.54695,55.51202],[37.55011,55.51065],[37.55396,55.50967],[37.55257,55.50552],[37.5481,55.50594],[37.54766,55.50456],[37.54657,55.50425],[37.54233,55.50456],[37.54177,55.50379],[37.5398,55.50448],[37.53568,55.50559],[37.53399,55.50566],[37.53259,55.50284],[37.52976,55.50391],[37.53029,55.50816],[37.53505,55.50833],[37.5364,55.51117],[37.53845,55.51213],[37.53915,55.51216],[37.53993,55.51351],[37.53809,55.51504],[37.5362,55.516],[37.53617,55.51678],[37.53512,55.51796],[37.53265,55.51876],[37.52958,55.52055],[37.5275,55.52119],[37.52281,55.52163],[37.52012,55.52248],[37.52019,55.5239],[37.5194,55.52546],[37.51588,55.52591],[37.51326,55.5264],[37.51045,55.52648],[37.50976,55.52694],[37.50708,55.5271],[37.5045,55.52641],[37.50443,55.52678],[37.50268,55.52666],[37.50192,55.52768],[37.49917,55.52675],[37.49752,55.52683],[37.495,55.52761],[37.49356,55.52864],[37.49029,55.52933],[37.48916,55.52996],[37.48823,55.52946],[37.48643,55.52979],[37.48312,55.5286],[37.48294,55.52716],[37.48014,55.52621],[37.47861,55.52651],[37.47792,55.52613],[37.47628,55.52656],[37.47593,55.53186],[37.47503,55.53291],[37.47516,55.53411],[37.47576,55.53478],[37.47552,55.5373],[37.48618,55.53979],[37.48747,55.53991],[37.48877,55.53963],[37.49345,55.53965],[37.49468,55.54],[37.50066,55.54131],[37.50777,55.54295],[37.51111,55.54499],[37.5145,55.5485],[37.51819,55.55032],[37.52858,55.55486],[37.52919,55.55525],[37.53651,55.55367],[37.54488,55.55202],[37.54882,55.55263],[37.54947,55.55413],[37.55215,55.55487],[37.55297,55.55623],[37.55446,55.56026],[37.55642,55.56005],[37.55865,55.56041],[37.56035,55.5581],[37.55945,55.55582],[37.55973,55.55434],[37.5629,55.55395],[37.56495,55.55444],[37.56823,55.55494],[37.56855,55.5545],[37.5722,55.55402],[37.57389,55.55354],[37.57568,55.55236],[37.57595,55.55185],[37.57586,55.54981],[37.5774,55.54911],[37.5893,55.5572]]]]}},
{"type":"Feature","properties":{"territory_id":2569,"name":"внутригородская территория города федерального значения муниципальный округ Ясенево","region_name":"Москва","in_sample":true,"city":"moscow"},"geometry":{"type":"MultiPolygon","coordinates":[[[[37.51265,55.62578],[37.51422,55.62541],[37.52443,55.62363],[37.53106,55.62548],[37.53127,55.62594],[37.53235,55.6258],[37.53617,55.62684],[37.53743,55.62781],[37.54056,55.62864],[37.54005,55.63024],[37.54059,55.63188],[37.54412,55.63737],[37.54533,55.63875],[37.54643,55.63956],[37.54999,55.64115],[37.55705,55.64333],[37.55993,55.64466],[37.56128,55.64591],[37.564,55.64946],[37.5717,55.64776],[37.5768,55.64643],[37.58039,55.64533],[37.58,55.64382],[37.57936,55.64362],[37.57929,55.6428],[37.58071,55.64233],[37.582,55.64122],[37.58126,55.6409],[37.58206,55.63954],[37.58149,55.63896],[37.58225,55.63847],[37.58167,55.6372],[37.5811,55.63728],[37.57984,55.63602],[37.57741,55.63436],[37.57727,55.63268],[37.58382,55.63147],[37.58598,55.63117],[37.58515,55.6292],[37.58435,55.62668],[37.58382,55.62691],[37.58278,55.62517],[37.58139,55.62407],[37.58166,55.62292],[37.58263,55.62324],[37.58011,55.6217],[37.57871,55.62224],[37.57793,55.62174],[37.57692,55.62196],[37.57595,55.62142],[37.57474,55.62005],[37.57698,55.61931],[37.57789,55.61934],[37.57889,55.62009],[37.57942,55.61969],[37.57846,55.61876],[37.57593,55.61551],[37.57809,55.61476],[37.57753,55.61433],[37.57463,55.61323],[37.57571,55.61228],[37.57558,55.61098],[37.57469,55.60882],[37.57362,55.60836],[37.56992,55.60847],[37.5699,55.60724],[37.5713,55.60672],[37.57187,55.60599],[37.57362,55.60595],[37.57399,55.60665],[37.57576,55.60626],[37.57782,55.60437],[37.58153,55.60434],[37.58177,55.60349],[37.5793,55.60103],[37.57767,55.60017],[37.57671,55.59929],[37.57666,55.59787],[37.58057,55.59776],[37.58024,55.59581],[37.57897,55.59591],[37.57837,55.59482],[37.57714,55.59163],[37.57686,55.58931],[37.57762,55.58922],[37.57679,55.58787],[37.57748,55.58635],[37.57607,55.58426],[37.57368,55.58221],[37.57311,55.58238],[37.56955,55.58181],[37.54784,55.58699],[37.54727,55.58666],[37.53042,55.5907],[37.5288,55.58947],[37.52724,55.58966],[37.52747,55.59019],[37.52629,55.59162],[37.51809,55.59365],[37.51188,55.5956],[37.50655,55.59825],[37.50218,55.60161],[37.4941,55.60857],[37.49275,55.60877],[37.49095,55.61017],[37.4895,55.60925],[37.48879,55.60816],[37.48833,55.60827],[37.48932,55.60952],[37.4906,55.61045],[37.49817,55.61444],[37.50121,55.61632],[37.50461,55.61882],[37.51265,55.62578]]]]}},
{"type":"Feature","properties":{"territory_id":2570,"name":"внутригородская территория города федерального значения муниципальный округ Бирюлево Восточное","region_name":"Москва","in_sample":true,"city":"moscow"},"geometry":{"type":"MultiPolygon","coordinates":[[[[37.66428,55.57163],[37.66325,55.57383],[37.66108,55.57631],[37.66045,55.57793],[37.65992,55.58173],[37.65938,55.58339],[37.65595,55.58955],[37.653,55.59428],[37.65116,55.59764],[37.64912,55.60108],[37.64827,55.60217],[37.64487,55.60551],[37.64318,55.60844],[37.64212,55.60958],[37.64072,55.6105],[37.64323,55.61158],[37.64685,55.61254],[37.66019,55.61534],[37.664,55.61636],[37.66722,55.61743],[37.66948,55.61863],[37.67139,55.61998],[37.67305,55.61969],[37.67511,55.6216],[37.67665,55.62201],[37.68011,55.6217],[37.67923,55.61929],[37.67774,55.6179],[37.67813,55.61581],[37.67788,55.61425],[37.67988,55.61169],[37.68053,55.6101],[37.68455,55.60884],[37.68743,55.60744],[37.68867,55.60758],[37.69141,55.60691],[37.6917,55.60574],[37.69236,55.6052],[37.69618,55.60371],[37.69632,55.60279],[37.70019,55.6017],[37.70162,55.60066],[37.70197,55.59956],[37.70498,55.59833],[37.70951,55.59819],[37.71251,55.59683],[37.71492,55.59672],[37.71704,55.59572],[37.71955,55.59373],[37.72268,55.59083],[37.7245,55.58931],[37.71555,55.58574],[37.70093,55.5804],[37.70106,55.58027],[37.69269,55.57716],[37.69179,55.57641],[37.69136,55.57426],[37.69172,55.57295],[37.69092,55.57232],[37.69043,55.57293],[37.68916,55.57348],[37.68585,55.57409],[37.68457,55.57405],[37.68073,55.57292],[37.67605,55.57209],[37.67072,55.57167],[37.66428,55.57163]]]]}},
{"type":"Feature","properties":{"territory_id":2571,"name":"внутригородская территория города федерального значения муниципальный округ Бирюлево Западное","region_name":"Москва","in_sample":true,"city":"moscow"},"geometry":{"type":"MultiPolygon","coordinates":[[[[37.66428,55.57163],[37.6539,55.57228],[37.65098,55.57192],[37.64966,55.57248],[37.61313,55.57463],[37.61456,55.58613],[37.61516,55.58993],[37.61574,55.59132],[37.61711,55.59319],[37.61935,55.59493],[37.62093,55.59579],[37.62635,55.5982],[37.62836,55.59938],[37.63322,55.60425],[37.63746,55.6083],[37.63874,55.60936],[37.64072,55.6105],[37.64212,55.60958],[37.64318,55.60844],[37.64487,55.60551],[37.64827,55.60217],[37.64912,55.60108],[37.65116,55.59764],[37.653,55.59428],[37.65595,55.58955],[37.65938,55.58339],[37.65992,55.58173],[37.66045,55.57793],[37.66108,55.57631],[37.66325,55.57383],[37.66428,55.57163]]]]}},
{"type":"Feature","properties":{"territory_id":2572,"name":"внутригородская территория города федерального значения муниципальный округ Братеево","region_name":"Москва","in_sample":true,"city":"moscow"},"geometry":{"type":"MultiPolygon","coordinates":[[[[37.7295,55.64089],[37.74538,55.6399],[37.74959,55.64063],[37.7662,55.64545],[37.7798,55.64874],[37.78345,55.64855],[37.78534,55.64733],[37.78551,55.64511],[37.78383,55.64259],[37.78426,55.63832],[37.78503,55.63326],[37.78671,55.63026],[37.78976,55.62575],[37.79356,55.62296],[37.79199,55.62231],[37.78829,55.62044],[37.7837,55.61797],[37.78436,55.61747],[37.78633,55.6173],[37.78693,55.61665],[37.78505,55.61682],[37.78314,55.6173],[37.78037,55.61874],[37.77891,55.619],[37.77478,55.61915],[37.77124,55.6192],[37.76891,55.6197],[37.76601,55.62088],[37.7636,55.62162],[37.75997,55.62322],[37.75668,55.62504],[37.75449,55.6265],[37.75264,55.62838],[37.75148,55.63092],[37.74944,55.6308],[37.74771,55.631],[37.74575,55.6309],[37.74552,55.63117],[37.74233,55.63112],[37.74153,55.63134],[37.73875,55.63138],[37.73721,55.63114],[37.73692,55.63066],[37.73534,55.631],[37.73379,55.63071],[37.73326,55.63108],[37.73151,55.6311],[37.7291,55.63076],[37.72957,55.63212],[37.72928,55.63267],[37.72777,55.63334],[37.72716,55.63531],[37.72774,55.63542],[37.7295,55.64089]]]]}},
{"type":"Feature","properties":{"territory_id":2573,"name":"внутригородская территория города федерального значения муниципальный округ Даниловский","region_name":"Москва","in_sample":true,"city":"moscow"},"geometry":{"type":"MultiPolygon","coordinates":[[[[37.65421,55.72882],[37.65577,55.72762],[37.65672,55.72637],[37.65989,55.72668],[37.66313,55.72676],[37.66368,55.72456],[37.66358,55.71901],[37.66395,55.71742],[37.66588,55.71121],[37.66781,55.70528],[37.66729,55.70074],[37.66524,55.68622],[37.64393,55.68449],[37.63959,55.68427],[37.63612,55.68461],[37.6332,55.68551],[37.63157,55.68667],[37.62964,55.69005],[37.62887,55.69175],[37.62831,55.694],[37.62814,55.69982],[37.62814,55.70345],[37.62857,55.70526],[37.62099,55.70605],[37.61732,55.70552],[37.61646,55.7051],[37.61134,55.70431],[37.60814,55.70763],[37.60749,55.70752],[37.60635,55.70967],[37.60618,55.71115],[37.60834,55.71675],[37.61366,55.71663],[37.61376,55.71984],[37.61554,55.72008],[37.61775,55.72028],[37.62258,55.72093],[37.62789,55.72136],[37.63306,55.72256],[37.63584,55.72202],[37.63642,55.72354],[37.64008,55.72288],[37.64203,55.72221],[37.64374,55.7224],[37.64494,55.72808],[37.64603,55.72952],[37.65078,55.7283],[37.65229,55.72807],[37.65421,55.72882]]]]}},
{"type":"Feature","properties":{"territory_id":2574,"name":"внутригородская территория города федерального значения муниципальный округ Донской","region_name":"Москва","in_sample":true,"city":"moscow"},"geometry":{"type":"MultiPolygon","coordinates":[[[[37.58214,55.71099],[37.58559,55.71109],[37.58834,55.7131],[37.58794,55.71395],[37.5905,55.71575],[37.59267,55.71687],[37.5908,55.71787],[37.59213,55.71883],[37.59223,55.71943],[37.59408,55.71833],[37.59686,55.72013],[37.59813,55.71985],[37.60031,55.7213],[37.6094,55.71948],[37.61012,55.72142],[37.61417,55.72105],[37.61554,55.72008],[37.61376,55.71984],[37.61366,55.71663],[37.60834,55.71675],[37.60618,55.71115],[37.60635,55.70967],[37.60749,55.70752],[37.60814,55.70763],[37.61134,55.70431],[37.61646,55.7051],[37.61732,55.70552],[37.62099,55.70605],[37.62857,55.70526],[37.62814,55.70345],[37.62814,55.69982],[37.62831,55.694],[37.62887,55.69175],[37.62186,55.69073],[37.6148,55.68932],[37.61259,55.6891],[37.60956,55.68916],[37.60642,55.68966],[37.60374,55.69052],[37.60154,55.69155],[37.59703,55.69522],[37.59612,55.69613],[37.58984,55.70351],[37.58734,55.70633],[37.58875,55.70712],[37.58536,55.70881],[37.58214,55.71099]]]]}},
{"type":"Feature","properties":{"territory_id":2575,"name":"внутригородская территория города федерального значения муниципальный округ Зябликово","region_name":"Москва","in_sample":true,"city":"moscow"},"geometry":{"type":"MultiPolygon","coordinates":[[[[37.73037,55.61302],[37.72885,55.61599],[37.72775,55.61937],[37.72784,55.6243],[37.72868,55.6246],[37.72876,55.62573],[37.72749,55.62596],[37.72739,55.62709],[37.72841,55.62887],[37.72953,55.62959],[37.72966,55.63051],[37.7291,55.63076],[37.73151,55.6311],[37.73326,55.63108],[37.73379,55.63071],[37.73534,55.631],[37.73692,55.63066],[37.73721,55.63114],[37.73875,55.63138],[37.74153,55.63134],[37.74233,55.63112],[37.74552,55.63117],[37.74575,55.6309],[37.74771,55.631],[37.74944,55.6308],[37.75148,55.63092],[37.75264,55.62838],[37.75449,55.6265],[37.75668,55.62504],[37.75997,55.62322],[37.7636,55.62162],[37.76601,55.62088],[37.76891,55.6197],[37.77124,55.6192],[37.77478,55.61915],[37.7751,55.61816],[37.77395,55.61751],[37.77273,55.61629],[37.77116,55.61577],[37.76853,55.6154],[37.76581,55.61465],[37.76333,55.61435],[37.76059,55.61368],[37.75916,55.61285],[37.75429,55.61174],[37.75086,55.61142],[37.74911,55.61109],[37.74644,55.61102],[37.74261,55.61152],[37.73893,55.61151],[37.73666,55.6113],[37.73579,55.61165],[37.7313,55.6112],[37.73037,55.61302]]]]}},
{"type":"Feature","properties":{"territory_id":2576,"name":"внутригородская территория города федерального значения муниципальный округ Москворечье-Сабурово","region_name":"Москва","in_sample":true,"city":"moscow"},"geometry":{"type":"MultiPolygon","coordinates":[[[[37.68695,55.63634],[37.68119,55.63661],[37.65569,55.63829],[37.65469,55.63841],[37.6548,55.63755],[37.64437,55.63831],[37.64124,55.63866],[37.64177,55.64085],[37.64045,55.64057],[37.63873,55.64071],[37.63713,55.64032],[37.63316,55.63971],[37.63063,55.63979],[37.6286,55.63959],[37.62667,55.64001],[37.62507,55.63998],[37.62442,55.64254],[37.62225,55.65104],[37.62214,55.65184],[37.62246,55.65753],[37.62475,55.65743],[37.63183,55.6562],[37.63204,55.65586],[37.63426,55.65653],[37.63704,55.65496],[37.64177,55.65824],[37.64171,55.65839],[37.64975,55.65481],[37.65288,55.65331],[37.65689,55.65154],[37.65944,55.65064],[37.66059,55.65017],[37.66448,55.65337],[37.6699,55.65625],[37.6716,55.65636],[37.67165,55.65435],[37.67259,55.65321],[37.67457,55.65176],[37.67804,55.64994],[37.68895,55.64522],[37.69291,55.64383],[37.69448,55.64328],[37.69942,55.64212],[37.71328,55.63946],[37.7295,55.64089],[37.72774,55.63542],[37.72716,55.63531],[37.72777,55.63334],[37.72928,55.63267],[37.72957,55.63212],[37.7291,55.63076],[37.72837,55.63086],[37.7159,55.6312],[37.7095,55.63094],[37.70735,55.63075],[37.70442,55.62978],[37.70176,55.62961],[37.69609,55.62898],[37.69398,55.62814],[37.69279,55.62792],[37.69008,55.62815],[37.68966,55.62883],[37.69017,55.63242],[37.6895,55.63368],[37.69054,55.63399],[37.68846,55.63529],[37.68774,55.63669],[37.68695,55.63634]]]]}},
{"type":"Feature","properties":{"territory_id":2577,"name":"внутригородская территория города федерального значения муниципальный округ Нагатино-Садовники","region_name":"Москва","in_sample":true,"city":"moscow"},"geometry":{"type":"MultiPolygon","coordinates":[[[[37.62246,55.65753],[37.62282,55.66307],[37.62286,55.66684],[37.62592,55.67047],[37.62716,55.67261],[37.62394,55.68186],[37.62186,55.69073],[37.62887,55.69175],[37.62964,55.69005],[37.63157,55.68667],[37.6332,55.68551],[37.63612,55.68461],[37.63959,55.68427],[37.64393,55.68449],[37.66524,55.68622],[37.66449,55.68069],[37.6622,55.67042],[37.6614,55.6684],[37.65442,55.65982],[37.65398,55.65898],[37.65349,55.65618],[37.6536,55.6548],[37.65421,55.65379],[37.65532,55.65283],[37.65944,55.65064],[37.65689,55.65154],[37.65288,55.65331],[37.64975,55.65481],[37.64171,55.65839],[37.64177,55.65824],[37.63704,55.65496],[37.63426,55.65653],[37.63204,55.65586],[37.63183,55.6562],[37.62475,55.65743],[37.62246,55.65753]]]]}},
{"type":"Feature","properties":{"territory_id":2578,"name":"внутригородская территория города федерального значения муниципальный округ Нагатинский затон","region_name":"Москва","in_sample":true,"city":"moscow"},"geometry":{"type":"MultiPolygon","coordinates":[[[[37.6716,55.65636],[37.6699,55.65625],[37.66448,55.65337],[37.66059,55.65017],[37.65944,55.65064],[37.65532,55.65283],[37.65421,55.65379],[37.6536,55.6548],[37.65349,55.65618],[37.65398,55.65898],[37.65442,55.65982],[37.6614,55.6684],[37.6622,55.67042],[37.66449,55.68069],[37.66524,55.68622],[37.66729,55.70074],[37.67095,55.7005],[37.67293,55.69968],[37.67449,55.69851],[37.67901,55.69819],[37.68427,55.69742],[37.69478,55.69535],[37.70757,55.69327],[37.71212,55.68846],[37.71238,55.68466],[37.71195,55.68132],[37.70476,55.67736],[37.70034,55.67589],[37.69262,55.6738],[37.68934,55.6727],[37.6874,55.67116],[37.68242,55.67062],[37.67813,55.66905],[37.67504,55.66765],[37.67324,55.66511],[37.67238,55.66198],[37.6716,55.65636]]]]}},
{"type":"Feature","properties":{"territory_id":2579,"name":"внутригородская территория города федерального значения муниципальный округ Нагорный","region_name":"Москва","in_sample":true,"city":"moscow"},"geometry":{"type":"MultiPolygon","coordinates":[[[[37.62246,55.65753],[37.62214,55.65184],[37.62225,55.65104],[37.62442,55.64254],[37.61974,55.64219],[37.61977,55.64054],[37.60567,55.64137],[37.6054,55.65642],[37.60582,55.65704],[37.61357,55.66348],[37.60765,55.66408],[37.6088,55.66512],[37.61064,55.66496],[37.61164,55.66613],[37.60704,55.66819],[37.60612,55.66892],[37.6063,55.67083],[37.60617,55.67287],[37.60671,55.67283],[37.60738,55.67467],[37.60859,55.67534],[37.60896,55.6763],[37.61129,55.67722],[37.61171,55.67861],[37.61469,55.68056],[37.61492,55.68093],[37.61458,55.68269],[37.61397,55.68317],[37.6137,55.68448],[37.60991,55.68388],[37.60861,55.68389],[37.60675,55.68436],[37.60502,55.6858],[37.60529,55.68807],[37.6051,55.68915],[37.60374,55.69052],[37.60642,55.68966],[37.60956,55.68916],[37.61259,55.6891],[37.6148,55.68932],[37.62186,55.69073],[37.62394,55.68186],[37.62716,55.67261],[37.62592,55.67047],[37.62286,55.66684],[37.62282,55.66307],[37.62246,55.65753]]]]}},
{"type":"Feature","properties":{"territory_id":2580,"name":"внутригородская территория города федерального значения муниципальный округ Орехово-Борисово Северное","region_name":"Москва","in_sample":true,"city":"moscow"},"geometry":{"type":"MultiPolygon","coordinates":[[[[37.69141,55.60691],[37.68867,55.60758],[37.68743,55.60744],[37.68455,55.60884],[37.68053,55.6101],[37.67988,55.61169],[37.67788,55.61425],[37.67813,55.61581],[37.67774,55.6179],[37.67923,55.61929],[37.68011,55.6217],[37.67665,55.62201],[37.67511,55.6216],[37.67305,55.61969],[37.67139,55.61998],[37.67567,55.62317],[37.68092,55.6274],[37.68405,55.63002],[37.68521,55.63146],[37.68695,55.63634],[37.68774,55.63669],[37.68846,55.63529],[37.69054,55.63399],[37.6895,55.63368],[37.69017,55.63242],[37.68966,55.62883],[37.69008,55.62815],[37.69279,55.62792],[37.69398,55.62814],[37.69609,55.62898],[37.70176,55.62961],[37.70442,55.62978],[37.70735,55.63075],[37.7095,55.63094],[37.7159,55.6312],[37.72837,55.63086],[37.7291,55.63076],[37.72966,55.63051],[37.72953,55.62959],[37.72841,55.62887],[37.72739,55.62709],[37.72749,55.62596],[37.72876,55.62573],[37.72868,55.6246],[37.72784,55.6243],[37.72775,55.61937],[37.72885,55.61599],[37.73037,55.61302],[37.71912,55.61122],[37.70347,55.60866],[37.69977,55.60747],[37.69914,55.60795],[37.69801,55.60723],[37.69748,55.60744],[37.6975,55.60649],[37.69554,55.60626],[37.69581,55.60587],[37.69355,55.60575],[37.69141,55.60691]]]]}},
{"type":"Feature","properties":{"territory_id":2581,"name":"внутригородская территория города федерального значения муниципальный округ Орехово-Борисово Южное","region_name":"Москва","in_sample":true,"city":"moscow"},"geometry":{"type":"MultiPolygon","coordinates":[[[[37.77478,55.61915],[37.77891,55.619],[37.78037,55.61874],[37.78314,55.6173],[37.78505,55.61682],[37.78007,55.61589],[37.77591,55.61378],[37.77131,55.61127],[37.76672,55.60864],[37.75729,55.60342],[37.75383,55.6016],[37.75073,55.60021],[37.73353,55.59298],[37.73255,55.59213],[37.732,55.59008],[37.7328,55.58917],[37.73217,55.5888],[37.73044,55.58967],[37.72635,55.59007],[37.7245,55.58931],[37.72268,55.59083],[37.71955,55.59373],[37.71704,55.59572],[37.71492,55.59672],[37.71251,55.59683],[37.70951,55.59819],[37.70498,55.59833],[37.70197,55.59956],[37.70162,55.60066],[37.70019,55.6017],[37.69632,55.60279],[37.69618,55.60371],[37.69236,55.6052],[37.6917,55.60574],[37.69141,55.60691],[37.69355,55.60575],[37.69581,55.60587],[37.69554,55.60626],[37.6975,55.60649],[37.69748,55.60744],[37.69801,55.60723],[37.69914,55.60795],[37.69977,55.60747],[37.70347,55.60866],[37.71912,55.61122],[37.73037,55.61302],[37.7313,55.6112],[37.73579,55.61165],[37.73666,55.6113],[37.73893,55.61151],[37.74261,55.61152],[37.74644,55.61102],[37.74911,55.61109],[37.75086,55.61142],[37.75429,55.61174],[37.75916,55.61285],[37.76059,55.61368],[37.76333,55.61435],[37.76581,55.61465],[37.76853,55.6154],[37.77116,55.61577],[37.77273,55.61629],[37.77395,55.61751],[37.7751,55.61816],[37.77478,55.61915]]]]}},
{"type":"Feature","properties":{"territory_id":2582,"name":"внутригородская территория города федерального значения муниципальный округ Царицыно","region_name":"Москва","in_sample":true,"city":"moscow"},"geometry":{"type":"MultiPolygon","coordinates":[[[[37.68695,55.63634],[37.68521,55.63146],[37.68405,55.63002],[37.68092,55.6274],[37.67567,55.62317],[37.67139,55.61998],[37.66948,55.61863],[37.66722,55.61743],[37.664,55.61636],[37.66019,55.61534],[37.64685,55.61254],[37.64323,55.61158],[37.64072,55.6105],[37.63737,55.61257],[37.63484,55.61493],[37.63268,55.61845],[37.63087,55.62188],[37.62886,55.6254],[37.62856,55.62625],[37.62507,55.63998],[37.62667,55.64001],[37.6286,55.63959],[37.63063,55.63979],[37.63316,55.63971],[37.63713,55.64032],[37.63873,55.64071],[37.64045,55.64057],[37.64177,55.64085],[37.64124,55.63866],[37.64437,55.63831],[37.6548,55.63755],[37.65469,55.63841],[37.65569,55.63829],[37.68119,55.63661],[37.68695,55.63634]]]]}},
{"type":"Feature","properties":{"territory_id":2583,"name":"внутригородская территория города федерального значения муниципальный округ Чертаново Северное","region_name":"Москва","in_sample":true,"city":"moscow"},"geometry":{"type":"MultiPolygon","coordinates":[[[[37.60567,55.64137],[37.61977,55.64054],[37.61974,55.64219],[37.62442,55.64254],[37.62507,55.63998],[37.62856,55.62625],[37.62886,55.6254],[37.63087,55.62188],[37.62374,55.62105],[37.61489,55.62226],[37.61418,55.62067],[37.60695,55.62167],[37.59779,55.62318],[37.59179,55.62406],[37.58989,55.62401],[37.58825,55.6235],[37.58708,55.62429],[37.58557,55.62403],[37.58584,55.62509],[37.58381,55.6254],[37.58278,55.62517],[37.58382,55.62691],[37.58435,55.62668],[37.58515,55.6292],[37.58598,55.63117],[37.58382,55.63147],[37.57727,55.63268],[37.57741,55.63436],[37.57984,55.63602],[37.5811,55.63728],[37.58167,55.6372],[37.58225,55.63847],[37.58149,55.63896],[37.58206,55.63954],[37.58126,55.6409],[37.582,55.64122],[37.58071,55.64233],[37.57929,55.6428],[37.57936,55.64362],[37.58,55.64382],[37.58039,55.64533],[37.58942,55.64258],[37.59168,55.64219],[37.59451,55.64196],[37.60567,55.64137]]]]}},
{"type":"Feature","properties":{"territory_id":2584,"name":"внутригородская территория города федерального значения муниципальный округ Чертаново Центральное","region_name":"Москва","in_sample":true,"city":"moscow"},"geometry":{"type":"MultiPolygon","coordinates":[[[[37.58153,55.60434],[37.57782,55.60437],[37.57576,55.60626],[37.57399,55.60665],[37.57362,55.60595],[37.57187,55.60599],[37.5713,55.60672],[37.5699,55.60724],[37.56992,55.60847],[37.57362,55.60836],[37.57469,55.60882],[37.57558,55.61098],[37.57571,55.61228],[37.57463,55.61323],[37.57753,55.61433],[37.57809,55.61476],[37.57593,55.61551],[37.57846,55.61876],[37.57942,55.61969],[37.57889,55.62009],[37.57789,55.61934],[37.57698,55.61931],[37.57474,55.62005],[37.57595,55.62142],[37.57692,55.62196],[37.57793,55.62174],[37.57871,55.62224],[37.58011,55.6217],[37.58263,55.62324],[37.58166,55.62292],[37.58139,55.62407],[37.58278,55.62517],[37.58381,55.6254],[37.58584,55.62509],[37.58557,55.62403],[37.58708,55.62429],[37.58825,55.6235],[37.58989,55.62401],[37.59179,55.62406],[37.59779,55.62318],[37.60695,55.62167],[37.61418,55.62067],[37.61489,55.62226],[37.62374,55.62105],[37.63087,55.62188],[37.63268,55.61845],[37.63484,55.61493],[37.63737,55.61257],[37.64072,55.6105],[37.63874,55.60936],[37.63746,55.6083],[37.63322,55.60425],[37.62495,55.60707],[37.62134,55.60798],[37.6093,55.61007],[37.60591,55.60333],[37.60029,55.60435],[37.6001,55.60398],[37.59524,55.60477],[37.58999,55.60494],[37.59022,55.60589],[37.58748,55.60596],[37.58427,55.60542],[37.58153,55.60434]]]]}},
{"type":"Feature","properties":{"territory_id":2585,"name":"внутригородская территория города федерального значения муниципальный округ Чертаново Южное","region_name":"Москва","in_sample":true,"city":"moscow"},"geometry":{"type":"MultiPolygon","coordinates":[[[[37.63322,55.60425],[37.62836,55.59938],[37.62635,55.5982],[37.62093,55.59579],[37.61935,55.59493],[37.61711,55.59319],[37.61574,55.59132],[37.61516,55.58993],[37.61456,55.58613],[37.61313,55.57463],[37.60554,55.57506],[37.60416,55.57442],[37.60368,55.57521],[37.60032,55.57537],[37.5978,55.57388],[37.59851,55.57219],[37.60056,55.57074],[37.6011,55.56842],[37.60229,55.56637],[37.5984,55.56661],[37.59747,55.56687],[37.5972,55.56908],[37.59499,55.57178],[37.59224,55.5754],[37.59009,55.5769],[37.57294,55.58097],[37.57368,55.58221],[37.57607,55.58426],[37.57748,55.58635],[37.57679,55.58787],[37.57762,55.58922],[37.57686,55.58931],[37.57714,55.59163],[37.57837,55.59482],[37.57897,55.59591],[37.58024,55.59581],[37.58057,55.59776],[37.57666,55.59787],[37.57671,55.59929],[37.57767,55.60017],[37.5793,55.60103],[37.58177,55.60349],[37.58153,55.60434],[37.58427,55.60542],[37.58748,55.60596],[37.59022,55.60589],[37.58999,55.60494],[37.59524,55.60477],[37.6001,55.60398],[37.60029,55.60435],[37.60591,55.60333],[37.6093,55.61007],[37.62134,55.60798],[37.62495,55.60707],[37.63322,55.60425]]]]}},
{"type":"Feature","properties":{"territory_id":2586,"name":"внутригородская территория города федерального значения муниципальный округ Старое Крюково","region_name":"Москва","in_sample":true,"city":"moscow"},"geometry":{"type":"MultiPolygon","coordinates":[[[[37.17327,55.98044],[37.17759,55.98247],[37.17962,55.98412],[37.18519,55.99034],[37.18898,55.99107],[37.19015,55.99112],[37.19211,55.99166],[37.19271,55.99106],[37.19383,55.99102],[37.19469,55.99013],[37.19566,55.99006],[37.19572,55.98898],[37.19847,55.98905],[37.20056,55.98819],[37.20249,55.98815],[37.20293,55.98858],[37.20501,55.98799],[37.20687,55.98751],[37.20873,55.98782],[37.21078,55.98704],[37.21243,55.98703],[37.21336,55.98675],[37.21631,55.98679],[37.21856,55.9853],[37.22272,55.98492],[37.22397,55.98455],[37.22492,55.98493],[37.22634,55.98412],[37.22598,55.98306],[37.22478,55.98127],[37.22377,55.9817],[37.2218,55.98165],[37.22051,55.98131],[37.21891,55.98036],[37.21705,55.97767],[37.21877,55.97724],[37.217,55.97599],[37.21556,55.97668],[37.21492,55.97608],[37.21284,55.9766],[37.21177,55.97324],[37.2113,55.97046],[37.21314,55.97017],[37.2124,55.96924],[37.20853,55.9701],[37.20835,55.96981],[37.20228,55.97112],[37.18879,55.97413],[37.18461,55.9753],[37.18149,55.97636],[37.17968,55.97715],[37.17327,55.98044]]]]}},
{"type":"Feature","properties":{"territory_id":2587,"name":"внутригородская территория города федерального значения городской округ Троицк","region_name":"Москва","in_sample":true,"city":"moscow"},"geometry":{"type":"MultiPolygon","coordinates":[[[[37.26065,55.47229],[37.26002,55.47518],[37.26317,55.47614],[37.26645,55.47742],[37.26876,55.47712],[37.2703,55.47656],[37.27179,55.47677],[37.2734,55.47841],[37.2751,55.47831],[37.27547,55.47907],[37.27685,55.47897],[37.27726,55.48117],[37.27738,55.48738],[37.27388,55.48959],[37.26959,55.49048],[37.27088,55.49227],[37.27237,55.49309],[37.27384,55.49325],[37.27534,55.49482],[37.27714,55.49573],[37.27832,55.49586],[37.28081,55.49738],[37.28241,55.49795],[37.28238,55.49836],[37.28507,55.49992],[37.28437,55.50023],[37.28553,55.501],[37.28657,55.50062],[37.28737,55.50107],[37.28787,55.50035],[37.29384,55.49699],[37.29649,55.495],[37.2978,55.49307],[37.29913,55.49495],[37.29768,55.49561],[37.29781,55.49618],[37.30031,55.49786],[37.3007,55.49889],[37.30023,55.49947],[37.29759,55.50109],[37.2956,55.50143],[37.29033,55.50081],[37.28938,55.50093],[37.2888,55.50164],[37.2898,55.50273],[37.28983,55.50411],[37.29402,55.50528],[37.29669,55.50509],[37.29699,55.50458],[37.29866,55.50459],[37.30382,55.50368],[37.30753,55.50362],[37.30797,55.50661],[37.31177,55.50631],[37.31168,55.50664],[37.3133,55.50725],[37.31377,55.50707],[37.31529,55.50846],[37.3139,55.50854],[37.31462,55.51011],[37.31645,55.51091],[37.31791,55.51076],[37.31806,55.50973],[37.31845,55.50932],[37.31996,55.51005],[37.32176,55.51042],[37.32326,55.50979],[37.32265,55.50841],[37.32239,55.507],[37.32009,55.50638],[37.31913,55.50574],[37.31889,55.5035],[37.3185,55.5024],[37.31939,55.50242],[37.3191,55.49983],[37.32021,55.49918],[37.32264,55.4984],[37.32466,55.49724],[37.32657,55.49664],[37.32802,55.49585],[37.32621,55.49344],[37.32522,55.49365],[37.32481,55.49265],[37.3256,55.49255],[37.3257,55.49166],[37.32504,55.49088],[37.32591,55.4906],[37.32321,55.48647],[37.32367,55.48638],[37.31849,55.47853],[37.31767,55.47747],[37.32069,55.47644],[37.31982,55.47555],[37.32001,55.47501],[37.31545,55.47216],[37.31395,55.47286],[37.30419,55.46638],[37.30515,55.46583],[37.30239,55.46118],[37.30425,55.46035],[37.3018,55.45575],[37.30512,55.4508],[37.30295,55.45074],[37.3018,55.45098],[37.29421,55.45554],[37.29346,55.45556],[37.29153,55.45245],[37.28838,55.45272],[37.28287,55.45177],[37.28174,55.45203],[37.27892,55.45192],[37.27816,55.45158],[37.27684,55.45031],[37.27542,55.44773],[37.26897,55.44832],[37.26809,55.45131],[37.26838,55.45224],[37.26942,55.4525],[37.2689,55.45531],[37.26576,55.45729],[37.26292,55.45821],[37.26638,55.46078],[37.2673,55.46043],[37.2683,55.46116],[37.26723,55.4618],[37.26491,55.46166],[37.26065,55.47229]]]]}},
{"type":"Feature","properties":{"territory_id":2588,"name":"внутригородская территория города федерального значения городской округ Щербинка","region_name":"Москва","in_sample":true,"city":"moscow"},"geometry":{"type":"MultiPolygon","coordinates":[[[[37.57181,55.50005],[37.57713,55.5172],[37.56769,55.51668],[37.56618,55.51708],[37.56688,55.52029],[37.56536,55.52044],[37.56478,55.51841],[37.5641,55.51849],[37.56297,55.51698],[37.56096,55.5152],[37.56064,55.51524],[37.55814,55.51395],[37.55479,55.5131],[37.55133,55.51264],[37.54703,55.51272],[37.54695,55.51202],[37.55011,55.51065],[37.55396,55.50967],[37.55257,55.50552],[37.5481,55.50594],[37.54766,55.50456],[37.54657,55.50425],[37.54233,55.50456],[37.54177,55.50379],[37.5398,55.50448],[37.53568,55.50559],[37.53399,55.50566],[37.53259,55.50284],[37.52976,55.50391],[37.53029,55.50816],[37.53505,55.50833],[37.5364,55.51117],[37.53845,55.51213],[37.53915,55.51216],[37.53993,55.51351],[37.53809,55.51504],[37.5362,55.516],[37.53617,55.51678],[37.53512,55.51796],[37.53265,55.51876],[37.52958,55.52055],[37.5275,55.52119],[37.52281,55.52163],[37.52012,55.52248],[37.51166,55.52225],[37.50734,55.52204],[37.50575,55.52227],[37.50508,55.52121],[37.50853,55.52063],[37.51896,55.51829],[37.52897,55.50791],[37.5283,55.5075],[37.52878,55.50686],[37.52862,55.50592],[37.52918,55.50387],[37.53261,55.50251],[37.53285,55.50295],[37.53655,55.50168],[37.53645,55.5007],[37.53723,55.50016],[37.53657,55.49973],[37.53703,55.49914],[37.53559,55.49845],[37.53515,55.49689],[37.53351,55.49485],[37.5332,55.4926],[37.53472,55.49255],[37.53457,55.492],[37.53855,55.49193],[37.53959,55.4909],[37.54376,55.48858],[37.54594,55.48713],[37.55034,55.48722],[37.55436,55.48983],[37.55685,55.48969],[37.55704,55.49046],[37.56325,55.49023],[37.56742,55.48979],[37.56679,55.48779],[37.575,55.48716],[37.57546,55.49033],[37.57306,55.49122],[37.57457,55.49332],[37.57527,55.4933],[37.5748,55.49408],[37.57516,55.49736],[37.57248,55.49844],[37.57154,55.49937],[37.57181,55.50005]]]]}},
{"type":"Feature","properties":{"territory_id":2589,"name":"внутригородская территория города федерального значения поселение Внуковское","region_name":"Москва","in_sample":true,"city":"moscow"},"geometry":{"type":"MultiPolygon","coordinates":[[[[37.2237,55.61664],[37.21779,55.61841],[37.21624,55.62087],[37.21739,55.62169],[37.21667,55.62195],[37.21771,55.62243],[37.21954,55.62138],[37.22019,55.62158],[37.2222,55.62049],[37.22479,55.62151],[37.22731,55.61964],[37.22901,55.6202],[37.22935,55.62136],[37.22634,55.62265],[37.22563,55.62323],[37.22861,55.62378],[37.22921,55.62452],[37.23202,55.6254],[37.23306,55.62503],[37.23421,55.62531],[37.23578,55.62487],[37.23744,55.62649],[37.2376,55.62753],[37.23506,55.6289],[37.23846,55.63104],[37.24011,55.63253],[37.24201,55.63284],[37.24389,55.63356],[37.24327,55.63404],[37.24084,55.63384],[37.24005,55.6342],[37.23939,55.63533],[37.23636,55.63598],[37.23568,55.63711],[37.23597,55.63779],[37.23519,55.63869],[37.23634,55.63915],[37.23885,55.64209],[37.24061,55.64186],[37.24156,55.64322],[37.24082,55.64373],[37.24889,55.64564],[37.25327,55.64799],[37.25735,55.6493],[37.26048,55.64962],[37.2616,55.64954],[37.2621,55.65007],[37.26335,55.65004],[37.26569,55.64949],[37.26626,55.65039],[37.27149,55.65151],[37.27141,55.65052],[37.27538,55.65012],[37.27539,55.6496],[37.27739,55.64943],[37.28281,55.64954],[37.29021,55.64849],[37.2901,55.65194],[37.28959,55.65195],[37.28859,55.65489],[37.29092,55.65535],[37.2921,55.65456],[37.29265,55.65472],[37.29262,55.65207],[37.29016,55.65194],[37.29027,55.64849],[37.30568,55.64631],[37.3112,55.64657],[37.3121,55.64726],[37.31279,55.64983],[37.31152,55.65008],[37.31154,55.65119],[37.32206,55.65111],[37.32291,55.65089],[37.32405,55.661],[37.32089,55.66103],[37.31899,55.66154],[37.31914,55.66327],[37.31952,55.66428],[37.32117,55.66403],[37.32476,55.66431],[37.32597,55.66425],[37.32664,55.66342],[37.3286,55.66318],[37.3305,55.66357],[37.33046,55.66388],[37.33447,55.66354],[37.33753,55.66254],[37.33688,55.66154],[37.33387,55.66054],[37.33201,55.65967],[37.33524,55.65854],[37.3406,55.65728],[37.34187,55.65806],[37.34155,55.65886],[37.34218,55.65929],[37.34203,55.66013],[37.34409,55.66013],[37.34713,55.65956],[37.34439,55.65743],[37.34628,55.65629],[37.34407,55.65538],[37.34168,55.65678],[37.34153,55.65607],[37.34237,55.6555],[37.34213,55.65503],[37.34306,55.65406],[37.33786,55.65282],[37.33609,55.65188],[37.335,55.65092],[37.33284,55.64837],[37.3309,55.64728],[37.33205,55.64594],[37.3317,55.64453],[37.33065,55.64225],[37.32999,55.64184],[37.33029,55.64092],[37.32982,55.63987],[37.33035,55.63932],[37.33244,55.63955],[37.33441,55.63848],[37.33606,55.63518],[37.33855,55.63549],[37.34212,55.63379],[37.34255,55.63316],[37.34739,55.63443],[37.34005,55.63014],[37.34114,55.63027],[37.34398,55.6298],[37.34744,55.62745],[37.3471,55.62429],[37.34671,55.62322],[37.3385,55.62162],[37.33349,55.61975],[37.33047,55.61912],[37.32686,55.61784],[37.32505,55.61763],[37.32399,55.61894],[37.32551,55.62087],[37.32361,55.62233],[37.3196,55.62059],[37.31821,55.62176],[37.31538,55.62066],[37.31401,55.62147],[37.31436,55.62331],[37.30596,55.61915],[37.30809,55.61725],[37.30754,55.61693],[37.30765,55.61713],[37.30536,55.61795],[37.30352,55.61798],[37.30036,55.61834],[37.29862,55.6188],[37.29709,55.61816],[37.29605,55.61694],[37.29525,55.61534],[37.29394,55.61466],[37.2926,55.61548],[37.28972,55.61673],[37.28868,55.61687],[37.2838,55.61519],[37.28252,55.6154],[37.28124,55.61521],[37.28044,55.61583],[37.28259,55.61836],[37.28294,55.61913],[37.28219,55.61931],[37.28114,55.61813],[37.27998,55.61737],[37.27924,55.61639],[37.27393,55.61955],[37.27208,55.61895],[37.26988,55.61731],[37.26833,55.61649],[37.26348,55.61441],[37.26159,55.61709],[37.26153,55.61783],[37.25521,55.61649],[37.251,55.61445],[37.24914,55.61498],[37.24803,55.61392],[37.2537,55.60978],[37.25068,55.60843],[37.25004,55.60679],[37.24934,55.60408],[37.24833,55.60304],[37.2458,55.60191],[37.24428,55.60213],[37.24164,55.60718],[37.23641,55.60931],[37.23147,55.6112],[37.22581,55.61505],[37.2237,55.61664]]]]}},
{"type":"Feature","properties":{"territory_id":2590,"name":"внутригородская территория города федерального значения поселение Воскресенское","region_name":"Москва","in_sample":true,"city":"moscow"},"geometry":{"type":"MultiPolygon","coordinates":[[[[37.57181,55.50005],[37.57218,55.49914],[37.57306,55.49905],[37.5737,55.49836],[37.57844,55.49632],[37.5793,55.49619],[37.59134,55.49131],[37.59122,55.49241],[37.59028,55.49339],[37.5925,55.49422],[37.59367,55.49305],[37.59529,55.49318],[37.597,55.49423],[37.60023,55.49575],[37.6,55.49683],[37.60415,55.49871],[37.60255,55.50045],[37.60454,55.50242],[37.59889,55.50438],[37.59665,55.50542],[37.59775,55.50613],[37.59872,55.50813],[37.59319,55.5115],[37.59183,55.51249],[37.59802,55.51471],[37.59927,55.51263],[37.60089,55.51092],[37.60381,55.51304],[37.60477,55.5125],[37.60212,55.51046],[37.6081,55.50984],[37.60893,55.50241],[37.60569,55.50235],[37.6064,55.5015],[37.6091,55.50088],[37.60968,55.49632],[37.61042,55.49324],[37.60793,55.49279],[37.60739,55.49182],[37.60962,55.49113],[37.61102,55.49141],[37.61135,55.48964],[37.60649,55.4883],[37.60614,55.48888],[37.60588,55.49078],[37.60468,55.49167],[37.60352,55.4914],[37.60358,55.49048],[37.60193,55.48928],[37.60039,55.48886],[37.59714,55.48935],[37.59508,55.48873],[37.58336,55.49358],[37.58178,55.49198],[37.5845,55.4912],[37.58321,55.49064],[37.58596,55.48905],[37.58371,55.48767],[37.58703,55.48672],[37.58346,55.48629],[37.5798,55.48368],[37.57778,55.48377],[37.57867,55.48669],[37.57463,55.487],[37.56746,55.48766],[37.56548,55.48742],[37.56502,55.48729],[37.55811,55.48813],[37.55671,55.48776],[37.55479,55.48767],[37.54241,55.48462],[37.54129,55.48542],[37.54175,55.48648],[37.53842,55.4894],[37.53752,55.4895],[37.53537,55.49169],[37.53259,55.49197],[37.53283,55.49321],[37.53243,55.49376],[37.53312,55.49434],[37.53264,55.49488],[37.53318,55.49591],[37.53374,55.49584],[37.53482,55.49724],[37.53421,55.49785],[37.53472,55.49919],[37.53586,55.49997],[37.53551,55.50116],[37.53237,55.50209],[37.53164,55.50055],[37.53073,55.5005],[37.5269,55.50245],[37.5292,55.5036],[37.52589,55.50464],[37.524,55.50598],[37.52676,55.50717],[37.52886,55.50787],[37.51884,55.51823],[37.50848,55.52054],[37.50488,55.52115],[37.50559,55.52228],[37.50454,55.52245],[37.49903,55.52075],[37.49639,55.51975],[37.49273,55.5188],[37.49245,55.51804],[37.4907,55.51675],[37.48353,55.51316],[37.48294,55.51393],[37.4805,55.51463],[37.47808,55.51338],[37.47233,55.51065],[37.46884,55.50862],[37.46572,55.50654],[37.46873,55.50487],[37.46611,55.50446],[37.46532,55.50195],[37.46254,55.49928],[37.45948,55.4969],[37.45814,55.49681],[37.45676,55.49403],[37.45573,55.49367],[37.45463,55.49408],[37.45537,55.49545],[37.45436,55.49629],[37.45318,55.49633],[37.45159,55.49571],[37.45019,55.4957],[37.44948,55.49613],[37.44892,55.49817],[37.45062,55.49896],[37.45085,55.49942],[37.44952,55.49972],[37.44851,55.50049],[37.44695,55.50111],[37.44504,55.50155],[37.44487,55.50209],[37.44246,55.50357],[37.4416,55.50389],[37.43969,55.50367],[37.43813,55.50419],[37.43726,55.50388],[37.43729,55.50277],[37.43911,55.50212],[37.43798,55.50075],[37.43693,55.5005],[37.43484,55.50106],[37.43283,55.50238],[37.43297,55.50321],[37.43209,55.50404],[37.43282,55.50568],[37.42923,55.5057],[37.42887,55.50428],[37.42431,55.50415],[37.42415,55.50465],[37.42153,55.50479],[37.42048,55.50642],[37.41782,55.5067],[37.41561,55.50589],[37.41515,55.5048],[37.41671,55.50238],[37.41822,55.50178],[37.41781,55.50113],[37.415,55.50189],[37.41365,55.50194],[37.40992,55.50118],[37.40823,55.50058],[37.40491,55.50166],[37.40908,55.50479],[37.40985,55.50846],[37.40762,55.50913],[37.40647,55.50975],[37.40546,55.50902],[37.40438,55.50964],[37.40531,55.51006],[37.40657,55.51239],[37.4072,55.51297],[37.4096,55.51268],[37.41365,55.51165],[37.41589,55.5115],[37.41686,55.51241],[37.41351,55.5124],[37.4126,55.51293],[37.41179,55.51523],[37.4113,55.51595],[37.40947,55.51611],[37.40672,55.51594],[37.40505,55.51683],[37.40531,55.51725],[37.4072,55.51844],[37.40711,55.5193],[37.40411,55.52108],[37.40329,55.52129],[37.40119,55.52113],[37.39967,55.5207],[37.39881,55.51977],[37.39684,55.52058],[37.39655,55.52229],[37.39667,55.52334],[37.3965,55.52658],[37.39523,55.52646],[37.39287,55.52717],[37.39368,55.52798],[37.39178,55.52931],[37.39296,55.53185],[37.40108,55.53485],[37.40143,55.53511],[37.3985,55.53892],[37.40065,55.53975],[37.40011,55.54028],[37.41168,55.54493],[37.41653,55.54126],[37.41957,55.53885],[37.42358,55.54009],[37.42464,55.54064],[37.42421,55.54196],[37.42506,55.54257],[37.42731,55.54315],[37.42967,55.54441],[37.43442,55.54156],[37.43852,55.54036],[37.44174,55.53997],[37.4429,55.54073],[37.44584,55.54183],[37.44548,55.53815],[37.44888,55.53852],[37.45306,55.53801],[37.45893,55.53746],[37.46046,55.53753],[37.46073,55.53655],[37.46205,55.53616],[37.46591,55.53611],[37.46579,55.53451],[37.46497,55.53449],[37.46493,55.53343],[37.46906,55.53379],[37.47019,55.53405],[37.4707,55.53184],[37.47098,55.52884],[37.47243,55.52873],[37.47415,55.52735],[37.47628,55.52656],[37.47792,55.52613],[37.47861,55.52651],[37.48014,55.52621],[37.48294,55.52716],[37.48312,55.5286],[37.48643,55.52979],[37.48823,55.52946],[37.48916,55.52996],[37.49029,55.52933],[37.49356,55.52864],[37.495,55.52761],[37.49752,55.52683],[37.49917,55.52675],[37.50192,55.52768],[37.50268,55.52666],[37.50443,55.52678],[37.5045,55.52641],[37.50708,55.5271],[37.50976,55.52694],[37.51045,55.52648],[37.51326,55.5264],[37.51588,55.52591],[37.5194,55.52546],[37.52019,55.5239],[37.52012,55.52248],[37.51166,55.52225],[37.50734,55.52204],[37.50575,55.52227],[37.50508,55.52121],[37.50853,55.52063],[37.51896,55.51829],[37.52897,55.50791],[37.5283,55.5075],[37.52878,55.50686],[37.52862,55.50592],[37.52918,55.50387],[37.53261,55.50251],[37.53285,55.50295],[37.53655,55.50168],[37.53645,55.5007],[37.53723,55.50016],[37.53657,55.49973],[37.53703,55.49914],[37.53559,55.49845],[37.53515,55.49689],[37.53351,55.49485],[37.5332,55.4926],[37.53472,55.49255],[37.53457,55.492],[37.53855,55.49193],[37.53959,55.4909],[37.54376,55.48858],[37.54594,55.48713],[37.55034,55.48722],[37.55436,55.48983],[37.55685,55.48969],[37.55704,55.49046],[37.56325,55.49023],[37.56742,55.48979],[37.56679,55.48779],[37.575,55.48716],[37.57546,55.49033],[37.57306,55.49122],[37.57457,55.49332],[37.57527,55.4933],[37.5748,55.49408],[37.57516,55.49736],[37.57248,55.49844],[37.57154,55.49937],[37.57181,55.50005]]]]}},
{"type":"Feature","properties":{"territory_id":2591,"name":"внутригородская территория города федерального значения поселение Вороновское","region_name":"Москва","in_sample":true,"city":"moscow"},"geometry":{"type":"MultiPolygon","coordinates":[[[[36.98644,55.31559],[36.98846,55.32141],[36.99022,55.3253],[36.98869,55.32533],[36.98884,55.32656],[36.98971,55.32767],[36.99128,55.3275],[36.99097,55.32898],[36.99116,55.33031],[36.99196,55.33032],[36.99222,55.33266],[36.99391,55.33285],[36.99499,55.3336],[36.99836,55.33204],[36.99925,55.33307],[37.00557,55.33704],[37.01099,55.34074],[37.00561,55.34232],[36.99201,55.34645],[36.97684,55.35091],[36.97407,55.3518],[36.97242,55.35182],[36.97022,55.35232],[36.97008,55.35485],[36.97032,55.3564],[36.97175,55.3579],[36.97351,55.36032],[36.97491,55.36069],[36.97652,55.3629],[36.97693,55.36417],[36.97604,55.36527],[36.97717,55.36619],[36.97709,55.36711],[36.97619,55.36804],[36.97686,55.36869],[36.97714,55.3698],[36.97842,55.37127],[36.9795,55.37139],[36.9801,55.37195],[36.97965,55.37247],[36.98064,55.37259],[36.98111,55.37382],[36.97995,55.37371],[36.98136,55.3745],[36.98111,55.37532],[36.98323,55.37538],[36.9838,55.37499],[36.98628,55.37438],[36.98774,55.37443],[36.98981,55.37522],[36.99212,55.37553],[36.99405,55.37537],[36.99786,55.37681],[36.99795,55.37835],[37.00004,55.37939],[37.00067,55.38048],[37.00207,55.38043],[37.00234,55.38103],[37.00364,55.38147],[37.00491,55.38258],[37.00612,55.38285],[37.00565,55.38378],[37.00792,55.38543],[37.0094,55.38573],[37.01246,55.38989],[37.01285,55.39153],[37.01132,55.3923],[37.01032,55.39189],[37.00931,55.39339],[37.00971,55.3942],[37.00817,55.3944],[37.00977,55.39681],[37.01235,55.39789],[37.01556,55.39901],[37.01851,55.3994],[37.02069,55.39907],[37.02714,55.4023],[37.02782,55.40183],[37.03289,55.40214],[37.03628,55.40256],[37.03649,55.4015],[37.04319,55.39898],[37.04431,55.39886],[37.04577,55.39947],[37.04719,55.39936],[37.05257,55.4],[37.05459,55.39892],[37.05331,55.39865],[37.05439,55.39677],[37.05274,55.39473],[37.05646,55.39389],[37.05678,55.39254],[37.05881,55.39195],[37.0593,55.39008],[37.05856,55.38879],[37.0591,55.38724],[37.06107,55.38723],[37.06162,55.38865],[37.0638,55.38927],[37.06543,55.39014],[37.06699,55.3913],[37.06876,55.39087],[37.07023,55.39308],[37.07213,55.39285],[37.07272,55.39234],[37.07194,55.39076],[37.07185,55.38982],[37.07348,55.38715],[37.07138,55.38536],[37.07429,55.3835],[37.07421,55.38262],[37.07102,55.38017],[37.06966,55.37877],[37.07239,55.3782],[37.07304,55.37523],[37.08213,55.37313],[37.08327,55.37221],[37.08307,55.37156],[37.08562,55.37105],[37.08587,55.3723],[37.09019,55.3705],[37.0932,55.37005],[37.09705,55.37002],[37.10037,55.3694],[37.10042,55.36888],[37.09768,55.36853],[37.09796,55.36673],[37.09588,55.366],[37.09538,55.3655],[37.09553,55.36416],[37.09681,55.36183],[37.09833,55.36207],[37.09811,55.36496],[37.09833,55.36607],[37.09966,55.36713],[37.1028,55.3677],[37.10304,55.36688],[37.10157,55.36535],[37.10459,55.36472],[37.10513,55.36369],[37.1089,55.36383],[37.10909,55.3643],[37.11125,55.36488],[37.11179,55.36536],[37.11449,55.36495],[37.11461,55.36669],[37.11624,55.36623],[37.11703,55.36564],[37.11769,55.36626],[37.11891,55.36622],[37.12044,55.36779],[37.12125,55.36976],[37.1247,55.36904],[37.12692,55.36877],[37.12819,55.36931],[37.13198,55.36865],[37.1327,55.36748],[37.13428,55.36757],[37.13606,55.36658],[37.13599,55.36568],[37.1386,55.36367],[37.13998,55.36356],[37.14426,55.36813],[37.14825,55.36648],[37.15044,55.3667],[37.15391,55.36421],[37.15495,55.36432],[37.15562,55.36543],[37.1569,55.36483],[37.15899,55.3647],[37.1618,55.36578],[37.15857,55.36853],[37.16275,55.36926],[37.16798,55.36942],[37.17088,55.36851],[37.17259,55.36851],[37.17307,55.36648],[37.17639,55.3678],[37.18539,55.36787],[37.18562,55.36967],[37.18918,55.37215],[37.19161,55.37475],[37.19679,55.37901],[37.20292,55.38215],[37.20525,55.38304],[37.20734,55.38244],[37.21353,55.3822],[37.21719,55.38409],[37.21909,55.38417],[37.22359,55.38655],[37.22465,55.38612],[37.22408,55.38529],[37.22584,55.38442],[37.22351,55.38204],[37.23142,55.37615],[37.23616,55.37581],[37.23949,55.37394],[37.23606,55.37097],[37.23459,55.37124],[37.23383,55.37059],[37.23388,55.36975],[37.23126,55.36792],[37.2325,55.36716],[37.23231,55.36484],[37.23316,55.3637],[37.2324,55.36308],[37.23297,55.35924],[37.23402,55.35808],[37.23544,55.35881],[37.23996,55.36008],[37.24376,55.36146],[37.2469,55.35886],[37.25955,55.35827],[37.25999,55.35739],[37.26137,55.35739],[37.26117,55.35613],[37.26271,55.3559],[37.26332,55.35445],[37.26251,55.35414],[37.26308,55.35347],[37.26675,55.35368],[37.26722,55.35235],[37.26937,55.35261],[37.2696,55.35181],[37.26715,55.35129],[37.26839,55.34996],[37.27021,55.35017],[37.27159,55.34827],[37.2692,55.34774],[37.27018,55.34428],[37.27202,55.34296],[37.27182,55.34143],[37.27303,55.33981],[37.2733,55.33529],[37.27125,55.33445],[37.27152,55.33373],[37.27034,55.33285],[37.26876,55.3333],[37.26873,55.33233],[37.26708,55.33107],[37.26493,55.33137],[37.26386,55.33197],[37.26258,55.33118],[37.26147,55.33118],[37.26068,55.33178],[37.25905,55.33101],[37.26043,55.32933],[37.25827,55.32908],[37.25652,55.32757],[37.25493,55.32827],[37.25222,55.32979],[37.25085,55.32904],[37.25525,55.32646],[37.25538,55.32319],[37.25384,55.32242],[37.25599,55.32085],[37.25095,55.31877],[37.24916,55.32066],[37.24724,55.32007],[37.24806,55.31929],[37.24595,55.31848],[37.2452,55.31897],[37.24318,55.31804],[37.24503,55.31682],[37.24449,55.31567],[37.24748,55.31313],[37.24611,55.31173],[37.24752,55.31073],[37.24634,55.31006],[37.24765,55.30936],[37.24842,55.30968],[37.2499,55.30911],[37.24927,55.3076],[37.24796,55.30744],[37.24624,55.30769],[37.24362,55.30726],[37.24284,55.30596],[37.24309,55.30535],[37.24085,55.30496],[37.2398,55.30515],[37.23935,55.3036],[37.23986,55.30326],[37.23955,55.30233],[37.23862,55.30118],[37.23739,55.30103],[37.23521,55.30175],[37.23423,55.29898],[37.2354,55.29843],[37.23616,55.29741],[37.23515,55.29595],[37.23597,55.29521],[37.23534,55.29401],[37.23632,55.29326],[37.23496,55.29279],[37.23588,55.29198],[37.23833,55.29304],[37.23977,55.29236],[37.24308,55.29385],[37.2456,55.29374],[37.24587,55.29255],[37.25017,55.29175],[37.25024,55.29378],[37.253,55.2937],[37.25313,55.29194],[37.25461,55.29198],[37.25501,55.28919],[37.25609,55.28919],[37.25649,55.28869],[37.26275,55.26644],[37.26369,55.26563],[37.26342,55.26383],[37.26248,55.26222],[37.26799,55.26088],[37.27156,55.25882],[37.26788,55.25647],[37.27687,55.25158],[37.27449,55.24461],[37.2696,55.24072],[37.27016,55.24049],[37.26382,55.24014],[37.25431,55.24033],[37.25127,55.24],[37.24998,55.24099],[37.24746,55.24193],[37.24552,55.23927],[37.23478,55.24277],[37.23553,55.24439],[37.23316,55.24558],[37.23485,55.24763],[37.23115,55.24911],[37.22881,55.24955],[37.22501,55.25124],[37.22298,55.25199],[37.219,55.25311],[37.21623,55.25223],[37.21421,55.25269],[37.21268,55.25162],[37.20977,55.2508],[37.20784,55.2491],[37.20594,55.24947],[37.20529,55.24845],[37.20396,55.24765],[37.20395,55.24689],[37.20222,55.24559],[37.20118,55.24436],[37.20177,55.24316],[37.20267,55.24311],[37.20346,55.24234],[37.20416,55.24236],[37.20484,55.24163],[37.20236,55.23965],[37.18496,55.24543],[37.18418,55.24474],[37.18133,55.24574],[37.18005,55.24526],[37.17975,55.24461],[37.17854,55.24438],[37.17709,55.24741],[37.17591,55.24758],[37.17595,55.24861],[37.17161,55.25001],[37.17131,55.24752],[37.16993,55.2475],[37.16933,55.24792],[37.16717,55.24651],[37.16492,55.24658],[37.16731,55.24823],[37.16583,55.24892],[37.16469,55.24829],[37.16395,55.24856],[37.16656,55.25022],[37.16472,55.25026],[37.16307,55.24915],[37.16193,55.24904],[37.15924,55.24986],[37.16368,55.25264],[37.15759,55.25442],[37.13754,55.26698],[37.13049,55.27149],[37.12706,55.27041],[37.12568,55.27109],[37.12239,55.26967],[37.12064,55.27005],[37.11869,55.27285],[37.11694,55.27375],[37.11627,55.27095],[37.11506,55.27059],[37.11267,55.27137],[37.11166,55.2712],[37.10729,55.27252],[37.10877,55.27436],[37.1001,55.27624],[37.05562,55.28824],[37.02153,55.30183],[37.02096,55.30072],[37.01676,55.30074],[37.01333,55.29862],[37.01125,55.29932],[37.01004,55.29814],[37.00587,55.29768],[37.00399,55.29915],[37.00523,55.30034],[37.00513,55.30085],[37.00365,55.30135],[37.00483,55.30262],[37.00399,55.30418],[37.00069,55.30547],[36.99814,55.30554],[36.99723,55.30769],[36.99854,55.30845],[36.99612,55.31008],[36.99558,55.31008],[36.99545,55.30883],[36.99471,55.3082],[36.9936,55.30887],[36.99256,55.30828],[36.98987,55.30954],[36.99145,55.31067],[36.98845,55.31287],[36.98644,55.31559]]]]}},
{"type":"Feature","properties":{"territory_id":2592,"name":"внутригородская территория города федерального значения поселение Десеновское","region_name":"Москва","in_sample":true,"city":"moscow"},"geometry":{"type":"MultiPolygon","coordinates":[[[[37.31806,55.50973],[37.31901,55.5115],[37.31838,55.51232],[37.3198,55.51311],[37.32153,55.51321],[37.32199,55.51224],[37.32335,55.51257],[37.32471,55.51351],[37.32924,55.51394],[37.33131,55.51398],[37.33279,55.51543],[37.33093,55.51624],[37.32785,55.51671],[37.32755,55.5189],[37.32863,55.51972],[37.32818,55.52099],[37.32837,55.52157],[37.32956,55.5218],[37.33141,55.52092],[37.3327,55.52105],[37.33296,55.5215],[37.33508,55.52129],[37.33627,55.5219],[37.33764,55.52156],[37.33853,55.52178],[37.34051,55.52328],[37.34066,55.52466],[37.34226,55.52468],[37.34474,55.52534],[37.34744,55.52539],[37.34771,55.52627],[37.34997,55.52776],[37.34982,55.5284],[37.34896,55.52834],[37.34847,55.52922],[37.34767,55.52932],[37.34729,55.53018],[37.34786,55.53064],[37.34671,55.53126],[37.34698,55.5317],[37.34452,55.53294],[37.34107,55.53428],[37.34066,55.53396],[37.33945,55.53458],[37.34173,55.53639],[37.34443,55.53552],[37.34722,55.53531],[37.34721,55.53621],[37.34919,55.53592],[37.34825,55.53705],[37.34694,55.53751],[37.34513,55.5377],[37.34391,55.5393],[37.34237,55.53969],[37.34223,55.54117],[37.3461,55.54179],[37.34809,55.54152],[37.34892,55.54267],[37.34832,55.54318],[37.34957,55.54436],[37.35286,55.54622],[37.35181,55.54738],[37.35239,55.54907],[37.35362,55.55048],[37.35672,55.54875],[37.35786,55.54948],[37.36487,55.54763],[37.36573,55.5485],[37.36956,55.54801],[37.37495,55.54648],[37.37675,55.54678],[37.38162,55.54573],[37.38302,55.54531],[37.3847,55.54527],[37.38529,55.54586],[37.38685,55.54561],[37.38725,55.54605],[37.38844,55.5459],[37.3897,55.54523],[37.38984,55.54447],[37.39169,55.54411],[37.39511,55.54463],[37.39747,55.54414],[37.39736,55.542],[37.40011,55.54028],[37.40065,55.53975],[37.3985,55.53892],[37.40143,55.53511],[37.40108,55.53485],[37.39296,55.53185],[37.39178,55.52931],[37.39368,55.52798],[37.39287,55.52717],[37.39523,55.52646],[37.3965,55.52658],[37.39667,55.52334],[37.39655,55.52229],[37.39684,55.52058],[37.39881,55.51977],[37.39967,55.5207],[37.40119,55.52113],[37.40329,55.52129],[37.40411,55.52108],[37.40711,55.5193],[37.4072,55.51844],[37.40531,55.51725],[37.40505,55.51683],[37.40672,55.51594],[37.40947,55.51611],[37.4113,55.51595],[37.41179,55.51523],[37.4126,55.51293],[37.41351,55.5124],[37.41686,55.51241],[37.41589,55.5115],[37.41365,55.51165],[37.4096,55.51268],[37.4072,55.51297],[37.40657,55.51239],[37.40531,55.51006],[37.40438,55.50964],[37.40546,55.50902],[37.40647,55.50975],[37.40762,55.50913],[37.40985,55.50846],[37.40908,55.50479],[37.40491,55.50166],[37.40823,55.50058],[37.40992,55.50118],[37.41365,55.50194],[37.415,55.50189],[37.41781,55.50113],[37.41822,55.50178],[37.41671,55.50238],[37.41515,55.5048],[37.41561,55.50589],[37.41782,55.5067],[37.42048,55.50642],[37.42153,55.50479],[37.42415,55.50465],[37.42431,55.50415],[37.42887,55.50428],[37.42923,55.5057],[37.43282,55.50568],[37.43209,55.50404],[37.43297,55.50321],[37.43283,55.50238],[37.43484,55.50106],[37.43693,55.5005],[37.43798,55.50075],[37.43911,55.50212],[37.43729,55.50277],[37.43726,55.50388],[37.43813,55.50419],[37.43969,55.50367],[37.4416,55.50389],[37.44246,55.50357],[37.44487,55.50209],[37.44504,55.50155],[37.44695,55.50111],[37.44851,55.50049],[37.44952,55.49972],[37.45085,55.49942],[37.45062,55.49896],[37.44892,55.49817],[37.44948,55.49613],[37.45019,55.4957],[37.45159,55.49571],[37.45318,55.49633],[37.45436,55.49629],[37.45537,55.49545],[37.45463,55.49408],[37.45426,55.49393],[37.44881,55.48989],[37.4458,55.49092],[37.44467,55.49006],[37.44468,55.48889],[37.44365,55.48928],[37.44147,55.48749],[37.44143,55.48584],[37.44076,55.48372],[37.43901,55.48116],[37.43917,55.47948],[37.43883,55.47871],[37.43452,55.47684],[37.43223,55.47623],[37.42847,55.47589],[37.4271,55.47626],[37.42622,55.47589],[37.42869,55.47345],[37.42974,55.47177],[37.42909,55.46942],[37.42455,55.46985],[37.42108,55.46838],[37.41962,55.4687],[37.41572,55.46615],[37.4122,55.46563],[37.41126,55.46293],[37.40763,55.46509],[37.40508,55.46508],[37.40038,55.46699],[37.40279,55.4685],[37.39945,55.46849],[37.39457,55.46901],[37.39103,55.46667],[37.39188,55.46566],[37.3925,55.46413],[37.39421,55.46316],[37.39146,55.46001],[37.38877,55.4571],[37.38766,55.45669],[37.38524,55.45728],[37.38432,55.45788],[37.38364,55.45703],[37.38647,55.45592],[37.38683,55.45408],[37.3879,55.45357],[37.38658,55.45232],[37.38448,55.45291],[37.38234,55.45284],[37.37859,55.45313],[37.37668,55.45295],[37.37136,55.45277],[37.36967,55.45418],[37.3659,55.45285],[37.36476,55.45362],[37.36384,55.45345],[37.36254,55.45441],[37.36005,55.45504],[37.36037,55.45593],[37.35946,55.45633],[37.35846,55.45851],[37.3534,55.45863],[37.35166,55.45906],[37.34988,55.45886],[37.34957,55.45799],[37.34797,55.45731],[37.34837,55.45576],[37.34821,55.45481],[37.33702,55.45328],[37.33511,55.4536],[37.33585,55.45497],[37.33673,55.45564],[37.33756,55.45746],[37.33851,55.45782],[37.33912,55.45884],[37.33808,55.46103],[37.33947,55.4615],[37.33926,55.46233],[37.34103,55.46258],[37.34528,55.46264],[37.34653,55.46404],[37.34398,55.46459],[37.34035,55.46452],[37.34013,55.46528],[37.33712,55.46596],[37.33747,55.46747],[37.33982,55.467],[37.34041,55.46877],[37.34425,55.46815],[37.34604,55.46815],[37.34612,55.46771],[37.3478,55.4674],[37.34761,55.46826],[37.35095,55.46865],[37.34988,55.47041],[37.35435,55.47038],[37.35473,55.47356],[37.33824,55.47451],[37.32556,55.47528],[37.31982,55.47555],[37.32069,55.47644],[37.31767,55.47747],[37.31849,55.47853],[37.32367,55.48638],[37.32321,55.48647],[37.32591,55.4906],[37.32504,55.49088],[37.3257,55.49166],[37.3256,55.49255],[37.32481,55.49265],[37.32522,55.49365],[37.32621,55.49344],[37.32802,55.49585],[37.32657,55.49664],[37.32466,55.49724],[37.32264,55.4984],[37.32021,55.49918],[37.3191,55.49983],[37.31939,55.50242],[37.3185,55.5024],[37.31889,55.5035],[37.31913,55.50574],[37.32009,55.50638],[37.32239,55.507],[37.32265,55.50841],[37.32326,55.50979],[37.32176,55.51042],[37.31996,55.51005],[37.31845,55.50932],[37.31806,55.50973]]]]}},
{"type":"Feature","properties":{"territory_id":2593,"name":"внутригородская территория города федерального значения поселение Киевский","region_name":"Москва","in_sample":true,"city":"moscow"},"geometry":{"type":"MultiPolygon","coordinates":[[[[36.80357,55.45162],[36.81253,55.4514],[36.82745,55.45134],[36.83337,55.45138],[36.83504,55.45153],[36.83605,55.45123],[36.84616,55.45104],[36.86029,55.45089],[36.86494,55.45064],[36.86084,55.44927],[36.85826,55.44785],[36.86,55.44667],[36.86111,55.4473],[36.86228,55.44671],[36.86944,55.44894],[36.87498,55.45138],[36.87733,55.45314],[36.88227,55.45577],[36.88332,55.45515],[36.88378,55.45548],[36.8856,55.45488],[36.88633,55.45525],[36.89525,55.45046],[36.88187,55.44265],[36.89124,55.43745],[36.89158,55.43778],[36.89341,55.43688],[36.89686,55.43929],[36.89592,55.43696],[36.89207,55.42512],[36.89292,55.42506],[36.89392,55.42361],[36.89386,55.42293],[36.89169,55.42111],[36.89192,55.4164],[36.89207,55.41061],[36.89746,55.40603],[36.89729,55.40578],[36.90374,55.40025],[36.9054,55.39661],[36.90568,55.39099],[36.90609,55.38893],[36.90862,55.38586],[36.91236,55.38585],[36.91345,55.38469],[36.91453,55.38494],[36.91541,55.38584],[36.91483,55.38598],[36.91439,55.38733],[36.92374,55.38575],[36.92286,55.38167],[36.92943,55.38072],[36.93333,55.37853],[36.93724,55.37784],[36.93985,55.3788],[36.94211,55.38033],[36.94393,55.38085],[36.94444,55.38129],[36.94634,55.38142],[36.94629,55.38375],[36.94804,55.38406],[36.95046,55.38351],[36.95236,55.38152],[36.95401,55.38167],[36.95664,55.38134],[36.95361,55.37977],[36.95301,55.37622],[36.96372,55.3678],[36.96126,55.36417],[36.96408,55.36059],[36.97372,55.36211],[36.97351,55.36032],[36.97175,55.3579],[36.97032,55.3564],[36.97008,55.35485],[36.97022,55.35232],[36.97242,55.35182],[36.97407,55.3518],[36.97684,55.35091],[36.99201,55.34645],[37.00561,55.34232],[37.01099,55.34074],[37.00557,55.33704],[36.99925,55.33307],[36.99836,55.33204],[36.99499,55.3336],[36.99391,55.33285],[36.99222,55.33266],[36.99196,55.33032],[36.99116,55.33031],[36.99097,55.32898],[36.99128,55.3275],[36.98971,55.32767],[36.98884,55.32656],[36.98869,55.32533],[36.99022,55.3253],[36.98846,55.32141],[36.98644,55.31559],[36.98103,55.31755],[36.97769,55.31865],[36.96368,55.3241],[36.96041,55.3219],[36.94473,55.32937],[36.94663,55.33067],[36.94222,55.33257],[36.94062,55.33426],[36.94027,55.33427],[36.93917,55.33662],[36.93689,55.33659],[36.93619,55.33881],[36.93578,55.34116],[36.93613,55.34126],[36.91949,55.34931],[36.91624,55.3508],[36.91566,55.3517],[36.91614,55.35254],[36.91514,55.35263],[36.91559,55.35408],[36.90698,55.35476],[36.90473,55.35508],[36.90294,55.3557],[36.90315,55.35641],[36.90408,55.35701],[36.9014,55.35838],[36.87216,55.37249],[36.85579,55.3805],[36.86286,55.38484],[36.84827,55.39208],[36.85499,55.39655],[36.86187,55.40103],[36.84558,55.40874],[36.8343,55.41399],[36.84039,55.41758],[36.84209,55.4187],[36.83259,55.42041],[36.82654,55.42143],[36.82581,55.42143],[36.82429,55.42265],[36.82455,55.42334],[36.82307,55.42368],[36.8212,55.42523],[36.8226,55.42487],[36.82605,55.42816],[36.82778,55.42805],[36.82824,55.42864],[36.82478,55.42903],[36.8243,55.42858],[36.82192,55.42928],[36.81913,55.42676],[36.81678,55.42993],[36.81641,55.42992],[36.81258,55.43511],[36.81136,55.4363],[36.8031,55.44083],[36.80319,55.4416],[36.80357,55.45162]]],[[[36.90075,55.31486],[36.90325,55.31611],[36.90394,55.31723],[36.90617,55.31675],[36.90909,55.31992],[36.90961,55.32222],[36.91012,55.32617],[36.90912,55.32684],[36.90859,55.32926],[36.90967,55.3298],[36.91033,55.3313],[36.91585,55.33033],[36.9133,55.32598],[36.91604,55.32549],[36.92257,55.32451],[36.92267,55.32386],[36.91945,55.3187],[36.91881,55.31865],[36.91761,55.31677],[36.91347,55.31718],[36.91201,55.31675],[36.91107,55.31357],[36.90789,55.31171],[36.90669,55.31127],[36.903,55.31289],[36.90128,55.31396],[36.90075,55.31486]]]]}},
{"type":"Feature","properties":{"territory_id":2594,"name":"внутригородская территория города федерального значения поселение Кленовское","region_name":"Москва","in_sample":false,"city":"moscow"},"geometry":{"type":"MultiPolygon","coordinates":[[[[37.25955,55.35827],[37.25917,55.35908],[37.26097,55.3593],[37.26302,55.36097],[37.26853,55.35822],[37.26963,55.35889],[37.27162,55.35884],[37.27086,55.36022],[37.27205,55.36143],[37.27253,55.36438],[37.27424,55.36497],[37.27818,55.36684],[37.28223,55.36757],[37.28643,55.36894],[37.28565,55.3667],[37.2837,55.36449],[37.28572,55.36369],[37.28518,55.36323],[37.28639,55.36288],[37.28673,55.36166],[37.28505,55.35929],[37.28726,55.35853],[37.28747,55.35761],[37.28619,55.35704],[37.28713,55.35555],[37.28592,55.35547],[37.28578,55.3547],[37.28747,55.35451],[37.29137,55.35291],[37.28928,55.35142],[37.29076,55.35088],[37.29163,55.35176],[37.29332,55.35104],[37.29627,55.35409],[37.29661,55.35505],[37.29822,55.35478],[37.29856,55.35677],[37.30266,55.35658],[37.30414,55.357],[37.30811,55.35665],[37.31039,55.3583],[37.3108,55.35769],[37.31409,55.35792],[37.31362,55.35941],[37.31745,55.35834],[37.31375,55.35505],[37.31564,55.35448],[37.32424,55.35386],[37.32532,55.35321],[37.32512,55.35153],[37.32747,55.35149],[37.32834,55.35222],[37.33063,55.35276],[37.33419,55.35153],[37.33534,55.35314],[37.33769,55.35409],[37.33776,55.35555],[37.34011,55.35646],[37.33998,55.35799],[37.34119,55.35811],[37.34253,55.35738],[37.3426,55.35654],[37.34367,55.35581],[37.34542,55.35646],[37.34542,55.35707],[37.3467,55.35753],[37.3508,55.35604],[37.37749,55.36644],[37.37897,55.36586],[37.37655,55.3643],[37.37373,55.3643],[37.37003,55.3622],[37.37285,55.36074],[37.37084,55.35944],[37.3707,55.35837],[37.37292,55.35841],[37.37258,55.35551],[37.37077,55.35283],[37.37164,55.3523],[37.37433,55.35245],[37.37494,55.35149],[37.37796,55.35073],[37.38099,55.35172],[37.38375,55.35195],[37.38496,55.3513],[37.3867,55.35146],[37.38886,55.35063],[37.38576,55.34824],[37.38563,55.3466],[37.38724,55.34599],[37.39134,55.34538],[37.39289,55.34362],[37.3943,55.34308],[37.39699,55.34327],[37.39773,55.34274],[37.3978,55.34102],[37.39471,55.33922],[37.39585,55.33639],[37.39787,55.33544],[37.39793,55.33284],[37.39672,55.3318],[37.39518,55.3318],[37.39128,55.33352],[37.38899,55.33284],[37.38879,55.33176],[37.39054,55.32928],[37.38839,55.32767],[37.3896,55.32695],[37.39269,55.32783],[37.40089,55.32599],[37.41017,55.32289],[37.41118,55.32205],[37.40963,55.3204],[37.4142,55.31945],[37.41804,55.31708],[37.42389,55.31639],[37.42782,55.31473],[37.42234,55.31236],[37.42213,55.31152],[37.41864,55.31154],[37.41465,55.31186],[37.40978,55.30942],[37.40698,55.31136],[37.40181,55.31298],[37.40034,55.31449],[37.39669,55.31604],[37.39552,55.31494],[37.39441,55.31544],[37.38946,55.31628],[37.3846,55.31652],[37.38273,55.31679],[37.38454,55.31543],[37.38627,55.31456],[37.38633,55.31404],[37.38792,55.31217],[37.38987,55.31222],[37.38965,55.31117],[37.39044,55.3112],[37.39142,55.30959],[37.39318,55.30961],[37.39365,55.30788],[37.39507,55.30807],[37.39539,55.30737],[37.39266,55.30662],[37.39143,55.30406],[37.38996,55.30254],[37.3915,55.30139],[37.39251,55.29952],[37.39752,55.30133],[37.39926,55.30102],[37.39945,55.30169],[37.40271,55.30058],[37.40407,55.30049],[37.40409,55.29845],[37.40301,55.29777],[37.40286,55.29653],[37.4036,55.29614],[37.40491,55.29679],[37.40642,55.29623],[37.40701,55.2967],[37.40806,55.29619],[37.4091,55.29667],[37.41031,55.29601],[37.4109,55.29626],[37.41323,55.29359],[37.41198,55.29318],[37.41216,55.29279],[37.40857,55.29191],[37.40972,55.29017],[37.41151,55.29066],[37.41202,55.29044],[37.41442,55.2905],[37.41657,55.29092],[37.41783,55.29145],[37.418,55.29107],[37.41626,55.29057],[37.41663,55.29017],[37.41523,55.29003],[37.41545,55.2865],[37.41419,55.28361],[37.41283,55.28222],[37.41091,55.27874],[37.41163,55.27863],[37.40664,55.26084],[37.40532,55.25058],[37.40038,55.25009],[37.38512,55.24681],[37.37623,55.24476],[37.36886,55.24292],[37.36313,55.24159],[37.35636,55.23961],[37.35324,55.23885],[37.33441,55.23804],[37.33505,55.2375],[37.33339,55.22867],[37.32681,55.22901],[37.32033,55.22864],[37.31666,55.22829],[37.31782,55.22272],[37.31697,55.22072],[37.30928,55.22224],[37.30378,55.22395],[37.30085,55.22453],[37.30008,55.22723],[37.29992,55.23061],[37.30433,55.23184],[37.30666,55.2317],[37.30505,55.23427],[37.30521,55.23818],[37.30699,55.24012],[37.30298,55.2429],[37.29446,55.24238],[37.29102,55.24859],[37.28512,55.25176],[37.27156,55.25882],[37.26799,55.26088],[37.26248,55.26222],[37.26342,55.26383],[37.26369,55.26563],[37.26275,55.26644],[37.25649,55.28869],[37.25609,55.28919],[37.25501,55.28919],[37.25461,55.29198],[37.25313,55.29194],[37.253,55.2937],[37.25024,55.29378],[37.25017,55.29175],[37.24587,55.29255],[37.2456,55.29374],[37.24308,55.29385],[37.23977,55.29236],[37.23833,55.29304],[37.23588,55.29198],[37.23496,55.29279],[37.23632,55.29326],[37.23534,55.29401],[37.23597,55.29521],[37.23515,55.29595],[37.23616,55.29741],[37.2354,55.29843],[37.23423,55.29898],[37.23521,55.30175],[37.23739,55.30103],[37.23862,55.30118],[37.23955,55.30233],[37.23986,55.30326],[37.23935,55.3036],[37.2398,55.30515],[37.24085,55.30496],[37.24309,55.30535],[37.24284,55.30596],[37.24362,55.30726],[37.24624,55.30769],[37.24796,55.30744],[37.24927,55.3076],[37.2499,55.30911],[37.24842,55.30968],[37.24765,55.30936],[37.24634,55.31006],[37.24752,55.31073],[37.24611,55.31173],[37.24748,55.31313],[37.24449,55.31567],[37.24503,55.31682],[37.24318,55.31804],[37.2452,55.31897],[37.24595,55.31848],[37.24806,55.31929],[37.24724,55.32007],[37.24916,55.32066],[37.25095,55.31877],[37.25599,55.32085],[37.25384,55.32242],[37.25538,55.32319],[37.25525,55.32646],[37.25085,55.32904],[37.25222,55.32979],[37.25493,55.32827],[37.25652,55.32757],[37.25827,55.32908],[37.26043,55.32933],[37.25905,55.33101],[37.26068,55.33178],[37.26147,55.33118],[37.26258,55.33118],[37.26386,55.33197],[37.26493,55.33137],[37.26708,55.33107],[37.26873,55.33233],[37.26876,55.3333],[37.27034,55.33285],[37.27152,55.33373],[37.27125,55.33445],[37.2733,55.33529],[37.27303,55.33981],[37.27182,55.34143],[37.27202,55.34296],[37.27018,55.34428],[37.2692,55.34774],[37.27159,55.34827],[37.27021,55.35017],[37.26839,55.34996],[37.26715,55.35129],[37.2696,55.35181],[37.26937,55.35261],[37.26722,55.35235],[37.26675,55.35368],[37.26308,55.35347],[37.26251,55.35414],[37.26332,55.35445],[37.26271,55.3559],[37.26117,55.35613],[37.26137,55.35739],[37.25999,55.35739],[37.25955,55.35827]]]]}},
{"type":"Feature","properties":{"territory_id":2595,"name":"внутригородская территория города федерального значения поселение Кокошкино","region_name":"Москва","in_sample":true,"city":"moscow"},"geometry":{"type":"MultiPolygon","coordinates":[[[[37.13243,55.59919],[37.13442,55.60066],[37.13452,55.60219],[37.13314,55.60336],[37.13403,55.60405],[37.13266,55.60558],[37.14033,55.60811],[37.14019,55.60846],[37.14249,55.60916],[37.1435,55.60867],[37.14424,55.60916],[37.14575,55.60829],[37.14517,55.60914],[37.14612,55.60938],[37.14717,55.60722],[37.14717,55.60575],[37.1518,55.60422],[37.15828,55.60412],[37.16016,55.60424],[37.16283,55.60522],[37.16433,55.60553],[37.17204,55.60523],[37.17472,55.60651],[37.17739,55.60726],[37.17961,55.60971],[37.18015,55.60963],[37.18143,55.61091],[37.18225,55.6129],[37.18452,55.61244],[37.18677,55.61273],[37.18547,55.61878],[37.18865,55.62017],[37.19185,55.62041],[37.20289,55.62213],[37.20684,55.6229],[37.20986,55.62123],[37.20965,55.621],[37.21127,55.62011],[37.20995,55.61911],[37.20516,55.61714],[37.20343,55.61694],[37.2037,55.61664],[37.20177,55.61599],[37.1996,55.61468],[37.19616,55.61155],[37.19605,55.61161],[37.19077,55.60913],[37.18951,55.60839],[37.18317,55.60565],[37.18665,55.6034],[37.18352,55.60235],[37.18445,55.6014],[37.18619,55.60197],[37.18675,55.60155],[37.18924,55.60211],[37.18979,55.60254],[37.19088,55.6018],[37.19186,55.60065],[37.19324,55.59812],[37.19099,55.59819],[37.18872,55.5971],[37.1859,55.59633],[37.18613,55.59559],[37.18503,55.59519],[37.18276,55.59561],[37.179,55.59481],[37.17926,55.59371],[37.18099,55.59168],[37.17999,55.59037],[37.17829,55.59019],[37.18495,55.58617],[37.18163,55.58571],[37.18127,55.58512],[37.17946,55.58524],[37.17898,55.58484],[37.17697,55.58532],[37.17553,55.58491],[37.17393,55.58522],[37.1723,55.58586],[37.17031,55.58453],[37.16861,55.58394],[37.16756,55.58409],[37.16715,55.58325],[37.1653,55.58355],[37.16296,55.58345],[37.16239,55.58392],[37.16187,55.58344],[37.16028,55.58436],[37.15864,55.58459],[37.15803,55.58383],[37.15753,55.58435],[37.15423,55.58395],[37.1542,55.58431],[37.15037,55.58477],[37.14834,55.58537],[37.14773,55.58683],[37.1469,55.58731],[37.14698,55.58808],[37.14799,55.58804],[37.14784,55.58855],[37.14923,55.58883],[37.14794,55.59079],[37.14881,55.5921],[37.1476,55.59251],[37.14716,55.59324],[37.14498,55.59358],[37.144,55.59308],[37.14366,55.59401],[37.14269,55.59363],[37.14077,55.59479],[37.13939,55.59473],[37.13771,55.59545],[37.13651,55.59528],[37.13511,55.59679],[37.13246,55.59885],[37.13243,55.59919]]]]}},
{"type":"Feature","properties":{"territory_id":2596,"name":"внутригородская территория города федерального значения поселение Краснопахорское","region_name":"Москва","in_sample":true,"city":"moscow"},"geometry":{"type":"MultiPolygon","coordinates":[[[[37.36254,55.45441],[37.36093,55.44438],[37.35851,55.44436],[37.35655,55.44328],[37.35688,55.44188],[37.35537,55.44179],[37.35618,55.43996],[37.35712,55.43981],[37.35658,55.43821],[37.36223,55.43615],[37.3621,55.43569],[37.35941,55.43474],[37.3551,55.43474],[37.34932,55.43207],[37.34885,55.43287],[37.34704,55.43287],[37.34623,55.43424],[37.34488,55.4342],[37.34408,55.43527],[37.34334,55.43523],[37.34361,55.43325],[37.3426,55.43245],[37.34293,55.43096],[37.34172,55.42947],[37.34172,55.42768],[37.33688,55.4257],[37.33298,55.42326],[37.33023,55.42257],[37.32572,55.42032],[37.32545,55.41902],[37.32424,55.41879],[37.32128,55.40444],[37.31752,55.4036],[37.3186,55.40097],[37.31678,55.40055],[37.30421,55.40119],[37.30199,55.38626],[37.30353,55.38447],[37.30562,55.38336],[37.30293,55.38248],[37.30024,55.38023],[37.2999,55.3787],[37.30548,55.37813],[37.3077,55.37966],[37.3077,55.37889],[37.30999,55.37809],[37.31268,55.37461],[37.30992,55.37316],[37.30864,55.37328],[37.30293,55.36995],[37.30058,55.36991],[37.29849,55.37129],[37.2999,55.37213],[37.29984,55.37347],[37.29728,55.37316],[37.29661,55.37347],[37.29486,55.37247],[37.29379,55.37278],[37.29177,55.37102],[37.29076,55.3714],[37.28643,55.36894],[37.28223,55.36757],[37.27818,55.36684],[37.27424,55.36497],[37.27253,55.36438],[37.27205,55.36143],[37.27086,55.36022],[37.27162,55.35884],[37.26963,55.35889],[37.26853,55.35822],[37.26302,55.36097],[37.26097,55.3593],[37.25917,55.35908],[37.25955,55.35827],[37.2469,55.35886],[37.24376,55.36146],[37.23996,55.36008],[37.23544,55.35881],[37.23402,55.35808],[37.23297,55.35924],[37.2324,55.36308],[37.23316,55.3637],[37.23231,55.36484],[37.2325,55.36716],[37.23126,55.36792],[37.23388,55.36975],[37.23383,55.37059],[37.23459,55.37124],[37.23606,55.37097],[37.23949,55.37394],[37.23616,55.37581],[37.23142,55.37615],[37.22351,55.38204],[37.22584,55.38442],[37.22408,55.38529],[37.22465,55.38612],[37.22359,55.38655],[37.22668,55.38899],[37.22506,55.38955],[37.22641,55.39037],[37.22593,55.39116],[37.22836,55.39317],[37.22988,55.39407],[37.23251,55.3951],[37.23289,55.39572],[37.23183,55.39677],[37.23328,55.39702],[37.23352,55.39829],[37.23405,55.39892],[37.23592,55.3999],[37.23681,55.40124],[37.23573,55.40213],[37.23492,55.40806],[37.23374,55.4082],[37.23038,55.40976],[37.22924,55.40963],[37.22594,55.41186],[37.22591,55.41362],[37.2245,55.41346],[37.22073,55.41184],[37.21882,55.41623],[37.22204,55.41802],[37.22174,55.41856],[37.21704,55.41669],[37.21354,55.41627],[37.21223,55.41064],[37.21018,55.4115],[37.21048,55.41339],[37.20823,55.41352],[37.20819,55.41184],[37.20719,55.41201],[37.20722,55.41346],[37.2058,55.41348],[37.20574,55.41207],[37.205,55.41211],[37.20433,55.41136],[37.20181,55.41161],[37.20009,55.41314],[37.19587,55.4145],[37.19495,55.41523],[37.1952,55.4168],[37.19475,55.41805],[37.19368,55.41892],[37.19141,55.41994],[37.18982,55.41992],[37.19155,55.42178],[37.19192,55.42438],[37.18922,55.42488],[37.18614,55.42489],[37.18472,55.4255],[37.18077,55.42627],[37.17795,55.42614],[37.17666,55.42522],[37.15009,55.43896],[37.15268,55.44045],[37.15503,55.44317],[37.15758,55.44237],[37.1602,55.44329],[37.16204,55.44442],[37.16414,55.44392],[37.16444,55.44537],[37.1603,55.44546],[37.16023,55.44669],[37.15508,55.44551],[37.15535,55.44469],[37.1506,55.44544],[37.15116,55.44787],[37.15371,55.44683],[37.15752,55.44707],[37.15893,55.44742],[37.16494,55.44813],[37.16816,55.44923],[37.17533,55.44908],[37.18034,55.44886],[37.18297,55.44981],[37.18578,55.44859],[37.19021,55.44921],[37.18956,55.45062],[37.18981,55.45185],[37.18682,55.45346],[37.19029,55.45432],[37.18984,55.45477],[37.19321,55.45554],[37.19489,55.45441],[37.19615,55.45498],[37.19725,55.45451],[37.2017,55.45551],[37.20546,55.45437],[37.20847,55.45266],[37.20962,55.45281],[37.21047,55.45244],[37.2116,55.45311],[37.2138,55.45276],[37.21951,55.45521],[37.21754,55.45678],[37.20654,55.46041],[37.20347,55.46118],[37.20244,55.46164],[37.20235,55.4628],[37.2043,55.46277],[37.20624,55.46419],[37.2039,55.46521],[37.20681,55.46729],[37.2085,55.46654],[37.21111,55.46597],[37.21201,55.46637],[37.21409,55.46529],[37.21569,55.46545],[37.21685,55.46472],[37.21941,55.46574],[37.21804,55.46671],[37.21984,55.46796],[37.22192,55.46735],[37.22338,55.46793],[37.22622,55.46676],[37.22894,55.46756],[37.23119,55.46602],[37.23258,55.46646],[37.2357,55.46705],[37.24696,55.46813],[37.25451,55.46861],[37.25573,55.47137],[37.2561,55.47113],[37.26065,55.47229],[37.26491,55.46166],[37.26723,55.4618],[37.2683,55.46116],[37.2673,55.46043],[37.26638,55.46078],[37.26292,55.45821],[37.26576,55.45729],[37.2689,55.45531],[37.26942,55.4525],[37.26838,55.45224],[37.26809,55.45131],[37.26897,55.44832],[37.27542,55.44773],[37.27684,55.45031],[37.27816,55.45158],[37.27892,55.45192],[37.28174,55.45203],[37.28287,55.45177],[37.28838,55.45272],[37.29153,55.45245],[37.29346,55.45556],[37.29421,55.45554],[37.3018,55.45098],[37.30295,55.45074],[37.30512,55.4508],[37.3018,55.45575],[37.30425,55.46035],[37.30239,55.46118],[37.30515,55.46583],[37.30419,55.46638],[37.31395,55.47286],[37.31545,55.47216],[37.32001,55.47501],[37.31982,55.47555],[37.32556,55.47528],[37.33824,55.47451],[37.35473,55.47356],[37.35435,55.47038],[37.34988,55.47041],[37.35095,55.46865],[37.34761,55.46826],[37.3478,55.4674],[37.34612,55.46771],[37.34604,55.46815],[37.34425,55.46815],[37.34041,55.46877],[37.33982,55.467],[37.33747,55.46747],[37.33712,55.46596],[37.34013,55.46528],[37.34035,55.46452],[37.34398,55.46459],[37.34653,55.46404],[37.34528,55.46264],[37.34103,55.46258],[37.33926,55.46233],[37.33947,55.4615],[37.33808,55.46103],[37.33912,55.45884],[37.33851,55.45782],[37.33756,55.45746],[37.33673,55.45564],[37.33585,55.45497],[37.33511,55.4536],[37.33702,55.45328],[37.34821,55.45481],[37.34837,55.45576],[37.34797,55.45731],[37.34957,55.45799],[37.34988,55.45886],[37.35166,55.45906],[37.3534,55.45863],[37.35846,55.45851],[37.35946,55.45633],[37.36037,55.45593],[37.36005,55.45504],[37.36254,55.45441]]]]}},
{"type":"Feature","properties":{"territory_id":2597,"name":"внутригородская территория города федерального значения поселение Марушкинское","region_name":"Москва","in_sample":true,"city":"moscow"},"geometry":{"type":"MultiPolygon","coordinates":[[[[37.2237,55.61664],[37.22581,55.61505],[37.23147,55.6112],[37.23641,55.60931],[37.24164,55.60718],[37.24428,55.60213],[37.2458,55.60191],[37.24185,55.59705],[37.23651,55.59405],[37.23488,55.59348],[37.23555,55.58836],[37.23435,55.58684],[37.23021,55.58532],[37.23098,55.58363],[37.24195,55.58477],[37.24318,55.58428],[37.25088,55.58277],[37.26566,55.58635],[37.26656,55.58587],[37.2679,55.5843],[37.2634,55.58106],[37.26658,55.57862],[37.26715,55.57738],[37.26691,55.57627],[37.26615,55.57599],[37.26182,55.57549],[37.26352,55.57393],[37.26276,55.57362],[37.25621,55.57327],[37.24743,55.57115],[37.248,55.56902],[37.24803,55.56778],[37.24756,55.56681],[37.24832,55.56558],[37.25012,55.56376],[37.25204,55.56437],[37.25512,55.56364],[37.25358,55.56263],[37.25455,55.5606],[37.25548,55.56001],[37.25637,55.55855],[37.25661,55.55755],[37.25999,55.557],[37.26077,55.55618],[37.26223,55.5558],[37.26406,55.55472],[37.26579,55.55606],[37.26686,55.55836],[37.26743,55.55888],[37.27074,55.55854],[37.2712,55.56004],[37.27386,55.55947],[37.27396,55.56203],[37.27468,55.56243],[37.27881,55.56304],[37.27954,55.56337],[37.28193,55.56298],[37.28295,55.56341],[37.28292,55.56285],[37.28407,55.56313],[37.28588,55.56304],[37.28679,55.56254],[37.28819,55.56285],[37.28879,55.56189],[37.28652,55.56145],[37.28632,55.56232],[37.28411,55.56231],[37.28354,55.56083],[37.28252,55.56053],[37.28261,55.56003],[37.28595,55.55993],[37.28743,55.56034],[37.28991,55.56059],[37.29042,55.56094],[37.29146,55.56048],[37.2903,55.55943],[37.29162,55.5581],[37.29244,55.55842],[37.29339,55.55777],[37.29504,55.55821],[37.29763,55.56166],[37.29998,55.56126],[37.30163,55.56056],[37.30304,55.55927],[37.30242,55.55752],[37.30337,55.55688],[37.2998,55.55575],[37.29808,55.55431],[37.29899,55.55253],[37.29324,55.55235],[37.28888,55.55181],[37.28834,55.55293],[37.28117,55.55393],[37.27921,55.55276],[37.27849,55.55205],[37.27363,55.5508],[37.27136,55.54997],[37.27081,55.5486],[37.26776,55.54617],[37.25453,55.54677],[37.25565,55.54824],[37.25825,55.54969],[37.25585,55.55052],[37.25553,55.54957],[37.25016,55.55],[37.24867,55.55],[37.24909,55.54667],[37.24813,55.54502],[37.24733,55.54418],[37.24629,55.54403],[37.24178,55.5442],[37.24227,55.54625],[37.24238,55.54912],[37.24213,55.55026],[37.24115,55.55118],[37.23876,55.55029],[37.23851,55.54682],[37.23268,55.54612],[37.23236,55.54709],[37.22971,55.5477],[37.22974,55.54714],[37.22274,55.54656],[37.222,55.54891],[37.22095,55.54897],[37.22081,55.54736],[37.22011,55.54645],[37.21146,55.54681],[37.21075,55.54812],[37.20906,55.54837],[37.20974,55.54947],[37.21216,55.55534],[37.21195,55.55556],[37.21431,55.55742],[37.21147,55.55891],[37.20994,55.55915],[37.20738,55.5589],[37.20534,55.55844],[37.2051,55.55795],[37.2064,55.55684],[37.20688,55.55601],[37.20236,55.55464],[37.20059,55.55543],[37.19959,55.55557],[37.19907,55.55614],[37.19813,55.55597],[37.20105,55.5542],[37.19816,55.55343],[37.19718,55.55415],[37.19172,55.55261],[37.18653,55.55705],[37.18369,55.5565],[37.18138,55.55636],[37.17919,55.55534],[37.17662,55.55444],[37.17629,55.5554],[37.17529,55.55622],[37.17657,55.55667],[37.17593,55.55801],[37.17596,55.55969],[37.17756,55.56213],[37.17594,55.56385],[37.17627,55.56449],[37.16147,55.56032],[37.1535,55.55798],[37.12547,55.54996],[37.12287,55.55311],[37.11798,55.56073],[37.11469,55.56555],[37.11049,55.56799],[37.10076,55.57459],[37.0995,55.57527],[37.09649,55.5774],[37.08735,55.59036],[37.08794,55.5907],[37.09375,55.59215],[37.09489,55.59266],[37.09179,55.59603],[37.09199,55.59618],[37.09914,55.59613],[37.09573,55.60011],[37.09873,55.60129],[37.10221,55.60246],[37.10814,55.60376],[37.10907,55.60373],[37.11646,55.60564],[37.11775,55.60445],[37.1183,55.60337],[37.11861,55.60171],[37.1197,55.60076],[37.12329,55.59937],[37.12396,55.59896],[37.12716,55.59879],[37.13045,55.5989],[37.13243,55.59919],[37.13246,55.59885],[37.13511,55.59679],[37.13651,55.59528],[37.13771,55.59545],[37.13939,55.59473],[37.14077,55.59479],[37.14269,55.59363],[37.14366,55.59401],[37.144,55.59308],[37.14498,55.59358],[37.14716,55.59324],[37.1476,55.59251],[37.14881,55.5921],[37.14794,55.59079],[37.14923,55.58883],[37.14784,55.58855],[37.14799,55.58804],[37.14698,55.58808],[37.1469,55.58731],[37.14773,55.58683],[37.14834,55.58537],[37.15037,55.58477],[37.1542,55.58431],[37.15423,55.58395],[37.15753,55.58435],[37.15803,55.58383],[37.15864,55.58459],[37.16028,55.58436],[37.16187,55.58344],[37.16239,55.58392],[37.16296,55.58345],[37.1653,55.58355],[37.16715,55.58325],[37.16756,55.58409],[37.16861,55.58394],[37.17031,55.58453],[37.1723,55.58586],[37.17393,55.58522],[37.17553,55.58491],[37.17697,55.58532],[37.17898,55.58484],[37.17946,55.58524],[37.18127,55.58512],[37.18163,55.58571],[37.18495,55.58617],[37.17829,55.59019],[37.17999,55.59037],[37.18099,55.59168],[37.17926,55.59371],[37.179,55.59481],[37.18276,55.59561],[37.18503,55.59519],[37.18613,55.59559],[37.1859,55.59633],[37.18872,55.5971],[37.19099,55.59819],[37.19324,55.59812],[37.19186,55.60065],[37.19088,55.6018],[37.19213,55.60137],[37.19495,55.60259],[37.19403,55.60313],[37.19549,55.60353],[37.19798,55.60494],[37.19906,55.60433],[37.19795,55.6037],[37.19983,55.6027],[37.2002,55.60372],[37.19527,55.60695],[37.20061,55.60997],[37.20271,55.60913],[37.20395,55.60678],[37.20675,55.60668],[37.20854,55.6052],[37.21034,55.60482],[37.21231,55.60248],[37.21577,55.6019],[37.21824,55.60402],[37.21447,55.60804],[37.22058,55.61052],[37.21803,55.61271],[37.21846,55.61411],[37.21691,55.61509],[37.21925,55.61573],[37.2237,55.61664]]]]}},
{"type":"Feature","properties":{"territory_id":2598,"name":"внутригородская территория города федерального значения поселение Михайлово-Ярцевское","region_name":"Москва","in_sample":true,"city":"moscow"},"geometry":{"type":"MultiPolygon","coordinates":[[[[37.15009,55.43896],[37.17666,55.42522],[37.17795,55.42614],[37.18077,55.42627],[37.18472,55.4255],[37.18614,55.42489],[37.18922,55.42488],[37.19192,55.42438],[37.19155,55.42178],[37.18982,55.41992],[37.19141,55.41994],[37.19368,55.41892],[37.19475,55.41805],[37.1952,55.4168],[37.19495,55.41523],[37.19587,55.4145],[37.20009,55.41314],[37.20181,55.41161],[37.20433,55.41136],[37.205,55.41211],[37.20574,55.41207],[37.2058,55.41348],[37.20722,55.41346],[37.20719,55.41201],[37.20819,55.41184],[37.20823,55.41352],[37.21048,55.41339],[37.21018,55.4115],[37.21223,55.41064],[37.21354,55.41627],[37.21704,55.41669],[37.22174,55.41856],[37.22204,55.41802],[37.21882,55.41623],[37.22073,55.41184],[37.2245,55.41346],[37.22591,55.41362],[37.22594,55.41186],[37.22924,55.40963],[37.23038,55.40976],[37.23374,55.4082],[37.23492,55.40806],[37.23573,55.40213],[37.23681,55.40124],[37.23592,55.3999],[37.23405,55.39892],[37.23352,55.39829],[37.23328,55.39702],[37.23183,55.39677],[37.23289,55.39572],[37.23251,55.3951],[37.22988,55.39407],[37.22836,55.39317],[37.22593,55.39116],[37.22641,55.39037],[37.22506,55.38955],[37.22668,55.38899],[37.22359,55.38655],[37.21909,55.38417],[37.21719,55.38409],[37.21353,55.3822],[37.20734,55.38244],[37.20525,55.38304],[37.20292,55.38215],[37.19679,55.37901],[37.19161,55.37475],[37.18918,55.37215],[37.18562,55.36967],[37.18539,55.36787],[37.17639,55.3678],[37.17307,55.36648],[37.17259,55.36851],[37.17088,55.36851],[37.16798,55.36942],[37.16275,55.36926],[37.15857,55.36853],[37.1618,55.36578],[37.15899,55.3647],[37.1569,55.36483],[37.15562,55.36543],[37.15495,55.36432],[37.15391,55.36421],[37.15044,55.3667],[37.14825,55.36648],[37.14426,55.36813],[37.13998,55.36356],[37.1386,55.36367],[37.13599,55.36568],[37.13606,55.36658],[37.13428,55.36757],[37.1327,55.36748],[37.13198,55.36865],[37.12819,55.36931],[37.12692,55.36877],[37.1247,55.36904],[37.12125,55.36976],[37.12044,55.36779],[37.11891,55.36622],[37.11769,55.36626],[37.11703,55.36564],[37.11624,55.36623],[37.11461,55.36669],[37.11449,55.36495],[37.11179,55.36536],[37.11125,55.36488],[37.10909,55.3643],[37.1089,55.36383],[37.10513,55.36369],[37.10459,55.36472],[37.10157,55.36535],[37.10304,55.36688],[37.1028,55.3677],[37.09966,55.36713],[37.09833,55.36607],[37.09811,55.36496],[37.09833,55.36207],[37.09681,55.36183],[37.09553,55.36416],[37.09538,55.3655],[37.09588,55.366],[37.09796,55.36673],[37.09768,55.36853],[37.10042,55.36888],[37.10037,55.3694],[37.09705,55.37002],[37.0932,55.37005],[37.09019,55.3705],[37.08587,55.3723],[37.08562,55.37105],[37.08307,55.37156],[37.08327,55.37221],[37.08213,55.37313],[37.07304,55.37523],[37.07239,55.3782],[37.06966,55.37877],[37.07102,55.38017],[37.07421,55.38262],[37.07429,55.3835],[37.07138,55.38536],[37.07348,55.38715],[37.07185,55.38982],[37.07194,55.39076],[37.07272,55.39234],[37.07213,55.39285],[37.07023,55.39308],[37.06876,55.39087],[37.06699,55.3913],[37.06543,55.39014],[37.0638,55.38927],[37.06162,55.38865],[37.06107,55.38723],[37.0591,55.38724],[37.05856,55.38879],[37.0593,55.39008],[37.05881,55.39195],[37.05678,55.39254],[37.05646,55.39389],[37.05274,55.39473],[37.05439,55.39677],[37.05331,55.39865],[37.05459,55.39892],[37.05633,55.39906],[37.06121,55.39865],[37.06432,55.39897],[37.0761,55.40696],[37.07509,55.40846],[37.07381,55.41248],[37.07502,55.41349],[37.0733,55.41566],[37.07268,55.41809],[37.07313,55.41906],[37.07318,55.42034],[37.07398,55.42167],[37.07678,55.42488],[37.07724,55.42592],[37.08122,55.42567],[37.08287,55.42492],[37.08362,55.42539],[37.08605,55.42599],[37.09043,55.43031],[37.09427,55.4316],[37.09679,55.43148],[37.09799,55.43243],[37.09941,55.43274],[37.10025,55.43358],[37.10019,55.43477],[37.09939,55.43566],[37.09972,55.43711],[37.10403,55.43815],[37.1065,55.43852],[37.1085,55.43951],[37.11139,55.4398],[37.11426,55.43884],[37.11547,55.43824],[37.11701,55.43806],[37.11952,55.4392],[37.11821,55.43988],[37.12107,55.4406],[37.12227,55.44125],[37.12441,55.44195],[37.13056,55.44157],[37.13399,55.44316],[37.13574,55.43816],[37.13711,55.4396],[37.13583,55.44064],[37.1414,55.44265],[37.1442,55.44068],[37.14833,55.43812],[37.15009,55.43896]]]]}},
{"type":"Feature","properties":{"territory_id":2599,"name":"внутригородская территория города федерального значения поселение Московский","region_name":"Москва","in_sample":true,"city":"moscow"},"geometry":{"type":"MultiPolygon","coordinates":[[[[37.34739,55.63443],[37.35064,55.63624],[37.35299,55.63543],[37.35528,55.63536],[37.35825,55.63476],[37.35884,55.63378],[37.35973,55.63386],[37.36015,55.63327],[37.35983,55.63139],[37.36238,55.62979],[37.36611,55.63055],[37.36791,55.62791],[37.37068,55.62538],[37.37334,55.62482],[37.3764,55.62323],[37.37757,55.62394],[37.37564,55.62494],[37.38712,55.63226],[37.3886,55.6317],[37.3877,55.6285],[37.39372,55.62783],[37.39465,55.62887],[37.39791,55.62878],[37.3982,55.63047],[37.3994,55.63021],[37.40317,55.63046],[37.40817,55.62965],[37.41007,55.62949],[37.41228,55.6359],[37.41509,55.6357],[37.41517,55.63833],[37.41652,55.63825],[37.41648,55.63912],[37.41739,55.64252],[37.41749,55.64491],[37.41706,55.64682],[37.41706,55.64807],[37.41549,55.64775],[37.41361,55.65116],[37.41501,55.65179],[37.41474,55.65223],[37.41745,55.65302],[37.41641,55.6558],[37.41459,55.65567],[37.41322,55.65767],[37.4152,55.65779],[37.4152,55.66016],[37.4267,55.66098],[37.42901,55.66109],[37.43421,55.65963],[37.43532,55.65866],[37.43886,55.65563],[37.44332,55.65202],[37.45677,55.64053],[37.45615,55.63769],[37.45572,55.63705],[37.456,55.63688],[37.45211,55.63498],[37.44709,55.63301],[37.44083,55.63117],[37.44001,55.62992],[37.43956,55.62731],[37.44006,55.62544],[37.44082,55.62408],[37.44449,55.62283],[37.44599,55.62066],[37.44591,55.61939],[37.44402,55.61892],[37.44285,55.61687],[37.44149,55.61593],[37.44168,55.61538],[37.44034,55.61475],[37.43718,55.61157],[37.43505,55.61026],[37.43287,55.6092],[37.41874,55.60955],[37.40851,55.60975],[37.40758,55.60826],[37.40863,55.60605],[37.41232,55.60563],[37.40918,55.60279],[37.40154,55.59865],[37.40123,55.59777],[37.40077,55.59077],[37.40087,55.58952],[37.39996,55.58853],[37.39564,55.58502],[37.39068,55.58112],[37.3871,55.58013],[37.38195,55.57836],[37.37944,55.5769],[37.37667,55.57624],[37.37407,55.57733],[37.37152,55.57796],[37.36596,55.58036],[37.36024,55.58211],[37.3581,55.58332],[37.35682,55.58461],[37.35572,55.58313],[37.35343,55.58217],[37.35223,55.58314],[37.35051,55.58405],[37.35,55.58464],[37.34829,55.58387],[37.34653,55.58488],[37.34577,55.58615],[37.34272,55.58531],[37.34383,55.58323],[37.34242,55.58273],[37.3428,55.58215],[37.33996,55.58122],[37.33975,55.58147],[37.3402,55.58381],[37.33938,55.58548],[37.33828,55.58644],[37.33635,55.58709],[37.33503,55.58686],[37.33281,55.58796],[37.33299,55.58838],[37.33179,55.58837],[37.33158,55.58952],[37.32907,55.5876],[37.33209,55.58474],[37.32927,55.58451],[37.32864,55.5848],[37.32325,55.58416],[37.31978,55.58756],[37.31413,55.58751],[37.31304,55.58832],[37.30916,55.5896],[37.30879,55.59146],[37.3133,55.59325],[37.31577,55.59545],[37.31939,55.5964],[37.31985,55.59744],[37.31871,55.59927],[37.31595,55.59856],[37.31465,55.59903],[37.31375,55.5992],[37.31272,55.60014],[37.31323,55.60081],[37.31182,55.60126],[37.3096,55.60124],[37.31008,55.60208],[37.30989,55.60284],[37.31052,55.60387],[37.30752,55.60434],[37.30747,55.60586],[37.30828,55.60747],[37.30985,55.60867],[37.31139,55.60798],[37.31162,55.60872],[37.31309,55.60983],[37.31432,55.61037],[37.31428,55.61148],[37.31497,55.61208],[37.3153,55.61324],[37.31353,55.61372],[37.3126,55.61496],[37.3111,55.61466],[37.31075,55.6152],[37.30891,55.61557],[37.30728,55.6164],[37.30754,55.61693],[37.30809,55.61725],[37.30596,55.61915],[37.31436,55.62331],[37.31401,55.62147],[37.31538,55.62066],[37.31821,55.62176],[37.3196,55.62059],[37.32361,55.62233],[37.32551,55.62087],[37.32399,55.61894],[37.32505,55.61763],[37.32686,55.61784],[37.33047,55.61912],[37.33349,55.61975],[37.3385,55.62162],[37.34671,55.62322],[37.3471,55.62429],[37.34744,55.62745],[37.34398,55.6298],[37.34114,55.63027],[37.34005,55.63014],[37.34739,55.63443]]]]}},
{"type":"Feature","properties":{"territory_id":2600,"name":"внутригородская территория города федерального значения поселение Мосрентген\"\"","region_name":"Москва","in_sample":true,"city":"moscow"},"geometry":{"type":"MultiPolygon","coordinates":[[[[37.44599,55.62066],[37.44449,55.62283],[37.44082,55.62408],[37.44006,55.62544],[37.43956,55.62731],[37.44001,55.62992],[37.44083,55.63117],[37.44709,55.63301],[37.45211,55.63498],[37.456,55.63688],[37.45815,55.63738],[37.46078,55.63706],[37.46467,55.63376],[37.46597,55.63314],[37.46749,55.63136],[37.48153,55.61931],[37.48621,55.61559],[37.4889,55.61328],[37.48912,55.61072],[37.48784,55.60839],[37.48669,55.60652],[37.48208,55.60022],[37.47904,55.60103],[37.47425,55.60135],[37.46766,55.60285],[37.46325,55.60409],[37.46049,55.60564],[37.45872,55.60707],[37.45825,55.60826],[37.45822,55.60964],[37.46152,55.61678],[37.46049,55.61741],[37.45073,55.62065],[37.44911,55.62097],[37.44599,55.62066]]]]}},
{"type":"Feature","properties":{"territory_id":2601,"name":"внутригородская территория города федерального значения поселение Новофедоровское","region_name":"Москва","in_sample":true,"city":"moscow"},"geometry":{"type":"MultiPolygon","coordinates":[[[[37.1085,55.43951],[37.1065,55.43852],[37.10403,55.43815],[37.09972,55.43711],[37.09939,55.43566],[37.10019,55.43477],[37.10025,55.43358],[37.09941,55.43274],[37.09799,55.43243],[37.09679,55.43148],[37.09427,55.4316],[37.09043,55.43031],[37.08605,55.42599],[37.08362,55.42539],[37.08287,55.42492],[37.08122,55.42567],[37.07724,55.42592],[37.07678,55.42488],[37.07398,55.42167],[37.07318,55.42034],[37.07313,55.41906],[37.07268,55.41809],[37.0733,55.41566],[37.07502,55.41349],[37.07381,55.41248],[37.07509,55.40846],[37.0761,55.40696],[37.06432,55.39897],[37.06121,55.39865],[37.05633,55.39906],[37.05459,55.39892],[37.05257,55.4],[37.04719,55.39936],[37.04577,55.39947],[37.04431,55.39886],[37.04319,55.39898],[37.03649,55.4015],[37.03628,55.40256],[37.03289,55.40214],[37.02782,55.40183],[37.02714,55.4023],[37.02069,55.39907],[37.01851,55.3994],[37.01556,55.39901],[37.01235,55.39789],[37.00977,55.39681],[37.00817,55.3944],[37.00971,55.3942],[37.00931,55.39339],[37.01032,55.39189],[37.01132,55.3923],[37.01285,55.39153],[37.01246,55.38989],[37.0094,55.38573],[37.00792,55.38543],[37.00565,55.38378],[37.00612,55.38285],[37.00491,55.38258],[37.00364,55.38147],[37.00234,55.38103],[37.00207,55.38043],[37.00067,55.38048],[37.00004,55.37939],[36.99795,55.37835],[36.99786,55.37681],[36.99405,55.37537],[36.99212,55.37553],[36.98981,55.37522],[36.98774,55.37443],[36.98628,55.37438],[36.9838,55.37499],[36.98323,55.37538],[36.98111,55.37532],[36.98136,55.3745],[36.97995,55.37371],[36.98111,55.37382],[36.98064,55.37259],[36.97965,55.37247],[36.9801,55.37195],[36.9795,55.37139],[36.97842,55.37127],[36.97714,55.3698],[36.97686,55.36869],[36.97619,55.36804],[36.97709,55.36711],[36.97717,55.36619],[36.97604,55.36527],[36.97693,55.36417],[36.97652,55.3629],[36.97491,55.36069],[36.97351,55.36032],[36.97372,55.36211],[36.96408,55.36059],[36.96126,55.36417],[36.96372,55.3678],[36.95301,55.37622],[36.95361,55.37977],[36.95664,55.38134],[36.95401,55.38167],[36.95236,55.38152],[36.95046,55.38351],[36.94804,55.38406],[36.94629,55.38375],[36.94634,55.38142],[36.94444,55.38129],[36.94393,55.38085],[36.94211,55.38033],[36.93985,55.3788],[36.93724,55.37784],[36.93333,55.37853],[36.92943,55.38072],[36.92286,55.38167],[36.92374,55.38575],[36.91439,55.38733],[36.91483,55.38598],[36.91541,55.38584],[36.91453,55.38494],[36.91345,55.38469],[36.91236,55.38585],[36.90862,55.38586],[36.90609,55.38893],[36.90568,55.39099],[36.9054,55.39661],[36.90374,55.40025],[36.89729,55.40578],[36.89746,55.40603],[36.89207,55.41061],[36.89192,55.4164],[36.89169,55.42111],[36.89386,55.42293],[36.89392,55.42361],[36.89292,55.42506],[36.89207,55.42512],[36.89592,55.43696],[36.89686,55.43929],[36.89341,55.43688],[36.89158,55.43778],[36.89124,55.43745],[36.88187,55.44265],[36.89525,55.45046],[36.88633,55.45525],[36.8856,55.45488],[36.88378,55.45548],[36.88332,55.45515],[36.88227,55.45577],[36.87733,55.45314],[36.87498,55.45138],[36.86944,55.44894],[36.86228,55.44671],[36.86111,55.4473],[36.86,55.44667],[36.85826,55.44785],[36.86084,55.44927],[36.86494,55.45064],[36.86029,55.45089],[36.84616,55.45104],[36.83605,55.45123],[36.83504,55.45153],[36.83337,55.45138],[36.82745,55.45134],[36.81253,55.4514],[36.80357,55.45162],[36.80451,55.46551],[36.81521,55.46597],[36.81592,55.47514],[36.81612,55.48443],[36.81624,55.49528],[36.81624,55.50835],[36.82798,55.50842],[36.82788,55.50751],[36.84452,55.50707],[36.8565,55.50688],[36.86162,55.50666],[36.86944,55.5065],[36.89914,55.50613],[36.91947,55.50584],[36.91975,55.51545],[36.93561,55.51501],[36.93359,55.51593],[36.93512,55.51657],[36.93673,55.51611],[36.93914,55.51604],[36.93998,55.51656],[36.94198,55.51533],[36.93927,55.51315],[36.93821,55.51202],[36.93602,55.50902],[36.93779,55.50946],[36.93713,55.50828],[36.93797,55.50701],[36.93523,55.50523],[36.93691,55.49948],[36.93807,55.499],[36.93506,55.49616],[36.95425,55.4951],[36.96293,55.49436],[36.96389,55.49456],[36.97779,55.49374],[36.97676,55.48503],[36.97572,55.47476],[36.97484,55.46708],[36.97345,55.45546],[36.98296,55.45487],[36.98396,55.45769],[36.98929,55.45685],[36.9896,55.45922],[36.99402,55.45832],[36.99332,55.45665],[36.99435,55.45604],[36.99625,55.45644],[36.9976,55.4552],[36.99728,55.45491],[36.99806,55.45378],[36.99882,55.45363],[36.99969,55.45261],[37.00208,55.4526],[37.00557,55.45052],[37.00334,55.4495],[37.00459,55.44715],[37.00626,55.44615],[37.01923,55.44513],[37.02007,55.45679],[37.03213,55.45596],[37.03521,55.45832],[37.03558,55.45844],[37.03682,55.46406],[37.04448,55.46366],[37.06061,55.46266],[37.05861,55.45469],[37.07265,55.45368],[37.07679,55.45357],[37.08032,55.4527],[37.08051,55.45074],[37.0786,55.45004],[37.07977,55.44894],[37.08142,55.44824],[37.08062,55.44668],[37.08252,55.44549],[37.08727,55.44627],[37.08858,55.44255],[37.08928,55.44123],[37.09292,55.44207],[37.09605,55.44328],[37.09708,55.44269],[37.10076,55.44512],[37.09981,55.44571],[37.11077,55.4484],[37.11278,55.44923],[37.11311,55.44821],[37.11053,55.44705],[37.10794,55.44507],[37.11079,55.44317],[37.11257,55.44129],[37.1085,55.43951]]]]}},
{"type":"Feature","properties":{"territory_id":2602,"name":"внутригородская территория города федерального значения поселение Первомайское","region_name":"Москва","in_sample":true,"city":"moscow"},"geometry":{"type":"MultiPolygon","coordinates":[[[[37.12547,55.54996],[37.1535,55.55798],[37.16147,55.56032],[37.17627,55.56449],[37.17594,55.56385],[37.17756,55.56213],[37.17596,55.55969],[37.17593,55.55801],[37.17657,55.55667],[37.17529,55.55622],[37.17629,55.5554],[37.17662,55.55444],[37.17919,55.55534],[37.18138,55.55636],[37.18369,55.5565],[37.18653,55.55705],[37.19172,55.55261],[37.19718,55.55415],[37.19816,55.55343],[37.20105,55.5542],[37.19813,55.55597],[37.19907,55.55614],[37.19959,55.55557],[37.20059,55.55543],[37.20236,55.55464],[37.20688,55.55601],[37.2064,55.55684],[37.2051,55.55795],[37.20534,55.55844],[37.20738,55.5589],[37.20994,55.55915],[37.21147,55.55891],[37.21431,55.55742],[37.21195,55.55556],[37.21216,55.55534],[37.20974,55.54947],[37.20906,55.54837],[37.21075,55.54812],[37.21146,55.54681],[37.22011,55.54645],[37.22081,55.54736],[37.22095,55.54897],[37.222,55.54891],[37.22274,55.54656],[37.22974,55.54714],[37.22971,55.5477],[37.23236,55.54709],[37.23268,55.54612],[37.23851,55.54682],[37.23876,55.55029],[37.24115,55.55118],[37.24213,55.55026],[37.24238,55.54912],[37.24227,55.54625],[37.24178,55.5442],[37.24629,55.54403],[37.24733,55.54418],[37.24813,55.54502],[37.24909,55.54667],[37.24867,55.55],[37.25016,55.55],[37.25553,55.54957],[37.25585,55.55052],[37.25825,55.54969],[37.25565,55.54824],[37.25453,55.54677],[37.26776,55.54617],[37.26921,55.54623],[37.2696,55.54508],[37.26846,55.54521],[37.26784,55.54462],[37.26884,55.54414],[37.26807,55.54378],[37.27071,55.54176],[37.27188,55.5416],[37.2751,55.54255],[37.27926,55.54335],[37.28041,55.54341],[37.28242,55.53865],[37.28955,55.53996],[37.2876,55.54181],[37.28637,55.54353],[37.2884,55.54409],[37.29323,55.54436],[37.29675,55.54439],[37.30293,55.54315],[37.30451,55.54245],[37.3113,55.54373],[37.31121,55.54265],[37.3118,55.54163],[37.31264,55.54157],[37.31366,55.53912],[37.31801,55.53943],[37.31892,55.53844],[37.32078,55.5383],[37.32369,55.5386],[37.32756,55.53849],[37.32874,55.53991],[37.33064,55.53938],[37.33331,55.53964],[37.33607,55.54064],[37.33984,55.54313],[37.34203,55.54487],[37.34235,55.54606],[37.34356,55.54704],[37.3475,55.54737],[37.34918,55.54707],[37.35181,55.54738],[37.35286,55.54622],[37.34957,55.54436],[37.34832,55.54318],[37.34892,55.54267],[37.34809,55.54152],[37.3461,55.54179],[37.34223,55.54117],[37.34237,55.53969],[37.34391,55.5393],[37.34513,55.5377],[37.34694,55.53751],[37.34825,55.53705],[37.34919,55.53592],[37.34721,55.53621],[37.34722,55.53531],[37.34443,55.53552],[37.34173,55.53639],[37.33945,55.53458],[37.34066,55.53396],[37.34107,55.53428],[37.34452,55.53294],[37.34698,55.5317],[37.34671,55.53126],[37.34786,55.53064],[37.34729,55.53018],[37.34767,55.52932],[37.34847,55.52922],[37.34896,55.52834],[37.34982,55.5284],[37.34997,55.52776],[37.34771,55.52627],[37.34744,55.52539],[37.34474,55.52534],[37.34226,55.52468],[37.34066,55.52466],[37.34051,55.52328],[37.33853,55.52178],[37.33764,55.52156],[37.33627,55.5219],[37.33508,55.52129],[37.33296,55.5215],[37.3327,55.52105],[37.33141,55.52092],[37.32956,55.5218],[37.32837,55.52157],[37.32818,55.52099],[37.32863,55.51972],[37.32755,55.5189],[37.32785,55.51671],[37.33093,55.51624],[37.33279,55.51543],[37.33131,55.51398],[37.32924,55.51394],[37.32471,55.51351],[37.32335,55.51257],[37.32199,55.51224],[37.32153,55.51321],[37.3198,55.51311],[37.31838,55.51232],[37.31901,55.5115],[37.31806,55.50973],[37.31791,55.51076],[37.31645,55.51091],[37.31462,55.51011],[37.3139,55.50854],[37.31529,55.50846],[37.31377,55.50707],[37.3133,55.50725],[37.31168,55.50664],[37.31177,55.50631],[37.30797,55.50661],[37.30753,55.50362],[37.30382,55.50368],[37.29866,55.50459],[37.29699,55.50458],[37.29669,55.50509],[37.29402,55.50528],[37.28983,55.50411],[37.2898,55.50273],[37.2888,55.50164],[37.28938,55.50093],[37.29033,55.50081],[37.2956,55.50143],[37.29759,55.50109],[37.30023,55.49947],[37.3007,55.49889],[37.30031,55.49786],[37.29781,55.49618],[37.29768,55.49561],[37.29913,55.49495],[37.2978,55.49307],[37.29649,55.495],[37.29384,55.49699],[37.28787,55.50035],[37.28737,55.50107],[37.28657,55.50062],[37.28553,55.501],[37.28437,55.50023],[37.28507,55.49992],[37.28238,55.49836],[37.28241,55.49795],[37.28081,55.49738],[37.27832,55.49586],[37.27714,55.49573],[37.27534,55.49482],[37.27384,55.49325],[37.27237,55.49309],[37.27088,55.49227],[37.26959,55.49048],[37.27388,55.48959],[37.27738,55.48738],[37.27726,55.48117],[37.27685,55.47897],[37.27547,55.47907],[37.2751,55.47831],[37.2734,55.47841],[37.27179,55.47677],[37.2703,55.47656],[37.26876,55.47712],[37.26645,55.47742],[37.26317,55.47614],[37.26002,55.47518],[37.26065,55.47229],[37.2561,55.47113],[37.25573,55.47137],[37.25451,55.46861],[37.24696,55.46813],[37.2357,55.46705],[37.23258,55.46646],[37.23119,55.46602],[37.22894,55.46756],[37.22622,55.46676],[37.22338,55.46793],[37.22192,55.46735],[37.21984,55.46796],[37.21804,55.46671],[37.21941,55.46574],[37.21685,55.46472],[37.21569,55.46545],[37.21409,55.46529],[37.21201,55.46637],[37.21111,55.46597],[37.2085,55.46654],[37.20681,55.46729],[37.2039,55.46521],[37.20624,55.46419],[37.2043,55.46277],[37.20235,55.4628],[37.20244,55.46164],[37.20347,55.46118],[37.20654,55.46041],[37.21754,55.45678],[37.21951,55.45521],[37.2138,55.45276],[37.2116,55.45311],[37.21047,55.45244],[37.20962,55.45281],[37.20847,55.45266],[37.20546,55.45437],[37.2017,55.45551],[37.19725,55.45451],[37.19615,55.45498],[37.19489,55.45441],[37.19321,55.45554],[37.18984,55.45477],[37.19029,55.45432],[37.18682,55.45346],[37.18981,55.45185],[37.18956,55.45062],[37.19021,55.44921],[37.18578,55.44859],[37.18297,55.44981],[37.18034,55.44886],[37.17533,55.44908],[37.16816,55.44923],[37.16494,55.44813],[37.15893,55.44742],[37.15752,55.44707],[37.15371,55.44683],[37.15116,55.44787],[37.1506,55.44544],[37.15535,55.44469],[37.15508,55.44551],[37.16023,55.44669],[37.1603,55.44546],[37.16444,55.44537],[37.16414,55.44392],[37.16204,55.44442],[37.1602,55.44329],[37.15758,55.44237],[37.15503,55.44317],[37.15268,55.44045],[37.15009,55.43896],[37.1418,55.44308],[37.13286,55.44701],[37.12026,55.45239],[37.09541,55.46312],[37.09228,55.46492],[37.09336,55.4704],[37.10652,55.46955],[37.11267,55.4689],[37.11263,55.46984],[37.12265,55.47115],[37.13193,55.47245],[37.13919,55.47334],[37.13899,55.47509],[37.13606,55.4821],[37.13843,55.4824],[37.13676,55.48284],[37.1356,55.48264],[37.13342,55.4842],[37.13207,55.48438],[37.1269,55.48745],[37.1287,55.48854],[37.12418,55.49155],[37.12506,55.49226],[37.12388,55.49275],[37.12659,55.4952],[37.12396,55.49614],[37.12558,55.49723],[37.12893,55.49797],[37.12971,55.49869],[37.13162,55.49846],[37.13243,55.49943],[37.13361,55.49945],[37.1362,55.50002],[37.13674,55.50402],[37.13847,55.51488],[37.13609,55.51571],[37.1364,55.51303],[37.13084,55.51266],[37.12997,55.51339],[37.12802,55.51301],[37.12419,55.51308],[37.11898,55.51298],[37.11863,55.51314],[37.11851,55.51762],[37.11758,55.51763],[37.11739,55.51887],[37.11995,55.51913],[37.11885,55.52352],[37.11692,55.52724],[37.11742,55.52793],[37.11591,55.53],[37.11798,55.53038],[37.11992,55.53141],[37.12052,55.53293],[37.12179,55.53424],[37.12217,55.53514],[37.12251,55.53837],[37.11356,55.53895],[37.11518,55.54745],[37.12547,55.54996]]]]}},
{"type":"Feature","properties":{"territory_id":2603,"name":"внутригородская территория города федерального значения поселение Роговское","region_name":"Москва","in_sample":false,"city":"moscow"},"geometry":{"type":"MultiPolygon","coordinates":[[[[37.20236,55.23965],[37.19984,55.23772],[37.19605,55.23573],[37.19394,55.23481],[37.189,55.23647],[37.18725,55.23645],[37.1849,55.23689],[37.1781,55.23429],[37.17585,55.23256],[37.17151,55.23135],[37.16336,55.23158],[37.16472,55.22486],[37.16627,55.21615],[37.16959,55.21576],[37.16961,55.21496],[37.16799,55.21161],[37.16667,55.21144],[37.16699,55.20867],[37.16783,55.20327],[37.16888,55.19464],[37.17006,55.19454],[37.17444,55.19504],[37.17418,55.19386],[37.17341,55.19301],[37.17336,55.19161],[37.17252,55.19085],[37.16728,55.18542],[37.16836,55.18284],[37.16739,55.18063],[37.17005,55.17379],[37.16958,55.17242],[37.16981,55.17145],[37.17113,55.17037],[37.17134,55.16547],[37.16988,55.16434],[37.16666,55.16538],[37.1661,55.16438],[37.16206,55.16472],[37.15718,55.16175],[37.15632,55.16476],[37.14078,55.16438],[37.14083,55.16263],[37.14208,55.15568],[37.14134,55.15567],[37.11058,55.15416],[37.11121,55.14919],[37.06439,55.14712],[37.06475,55.14428],[37.04482,55.14338],[37.04563,55.14217],[37.04152,55.14285],[37.03921,55.14252],[37.03784,55.14602],[37.03257,55.1477],[37.02794,55.15015],[37.02743,55.15261],[37.02323,55.1556],[37.02085,55.15606],[37.01811,55.15759],[37.01523,55.16],[37.01855,55.16018],[37.01989,55.16112],[37.01982,55.1672],[37.01923,55.16895],[37.01947,55.17149],[37.01926,55.17296],[37.01824,55.17423],[37.01809,55.17727],[37.0159,55.17652],[37.01466,55.17659],[37.01422,55.1773],[37.01636,55.17984],[37.01971,55.18295],[37.01647,55.18402],[37.01039,55.18333],[37.00823,55.18283],[37.0069,55.18072],[37.00332,55.18142],[37.00135,55.1815],[36.99951,55.18105],[36.99729,55.18011],[36.99667,55.18022],[36.99585,55.18168],[36.99355,55.1828],[36.99169,55.18285],[36.98956,55.18147],[36.9862,55.1809],[36.98411,55.18128],[36.98261,55.18047],[36.98159,55.18228],[36.98099,55.18473],[36.98107,55.18612],[36.97977,55.18625],[36.97571,55.18954],[36.97503,55.19105],[36.97383,55.19203],[36.97117,55.19548],[36.96906,55.19847],[36.9671,55.19974],[36.96587,55.20421],[36.9663,55.20535],[36.96164,55.20898],[36.96277,55.2096],[36.96404,55.21094],[36.9646,55.21195],[36.96217,55.21237],[36.96227,55.21414],[36.96009,55.21498],[36.95726,55.21661],[36.95147,55.21821],[36.94707,55.21851],[36.94846,55.22031],[36.94698,55.22211],[36.9459,55.2228],[36.94964,55.2247],[36.94711,55.2278],[36.94583,55.23072],[36.94594,55.23138],[36.94779,55.23287],[36.94886,55.23431],[36.94893,55.23564],[36.95013,55.23826],[36.94944,55.24024],[36.94678,55.2414],[36.9414,55.24169],[36.93724,55.24139],[36.93794,55.24225],[36.93926,55.24285],[36.94105,55.24294],[36.94173,55.24343],[36.94105,55.2439],[36.94344,55.24492],[36.94371,55.24567],[36.94342,55.24697],[36.94278,55.2474],[36.94378,55.24751],[36.95143,55.24565],[36.95262,55.24927],[36.94776,55.24971],[36.94783,55.25274],[36.94901,55.25458],[36.94907,55.25723],[36.95056,55.25898],[36.95365,55.25909],[36.9571,55.26076],[36.95252,55.26484],[36.95697,55.2654],[36.9615,55.26677],[36.9627,55.26739],[36.96625,55.26633],[36.9678,55.26719],[36.96933,55.26721],[36.97507,55.26621],[36.98048,55.26907],[36.98341,55.26814],[36.9868,55.27633],[36.99004,55.27614],[36.99963,55.27789],[37.01999,55.28188],[37.02126,55.28198],[37.02604,55.28302],[37.02599,55.28437],[37.02141,55.28443],[37.02161,55.28879],[37.01266,55.28989],[37.00257,55.28901],[36.99834,55.29028],[36.99774,55.29156],[36.99335,55.29104],[36.99274,55.29274],[36.99231,55.29265],[36.98381,55.29697],[36.98552,55.29795],[36.98737,55.29996],[36.98553,55.30173],[36.98466,55.30182],[36.98499,55.30261],[36.98761,55.30733],[36.98839,55.30832],[36.98785,55.30918],[36.98654,55.31465],[36.98644,55.31559],[36.98845,55.31287],[36.99145,55.31067],[36.98987,55.30954],[36.99256,55.30828],[36.9936,55.30887],[36.99471,55.3082],[36.99545,55.30883],[36.99558,55.31008],[36.99612,55.31008],[36.99854,55.30845],[36.99723,55.30769],[36.99814,55.30554],[37.00069,55.30547],[37.00399,55.30418],[37.00483,55.30262],[37.00365,55.30135],[37.00513,55.30085],[37.00523,55.30034],[37.00399,55.29915],[37.00587,55.29768],[37.01004,55.29814],[37.01125,55.29932],[37.01333,55.29862],[37.01676,55.30074],[37.02096,55.30072],[37.02153,55.30183],[37.05562,55.28824],[37.1001,55.27624],[37.10877,55.27436],[37.10729,55.27252],[37.11166,55.2712],[37.11267,55.27137],[37.11506,55.27059],[37.11627,55.27095],[37.11694,55.27375],[37.11869,55.27285],[37.12064,55.27005],[37.12239,55.26967],[37.12568,55.27109],[37.12706,55.27041],[37.13049,55.27149],[37.13754,55.26698],[37.15759,55.25442],[37.16368,55.25264],[37.15924,55.24986],[37.16193,55.24904],[37.16307,55.24915],[37.16472,55.25026],[37.16656,55.25022],[37.16395,55.24856],[37.16469,55.24829],[37.16583,55.24892],[37.16731,55.24823],[37.16492,55.24658],[37.16717,55.24651],[37.16933,55.24792],[37.16993,55.2475],[37.17131,55.24752],[37.17161,55.25001],[37.17595,55.24861],[37.17591,55.24758],[37.17709,55.24741],[37.17854,55.24438],[37.17975,55.24461],[37.18005,55.24526],[37.18133,55.24574],[37.18418,55.24474],[37.18496,55.24543],[37.20236,55.23965]]]]}},
{"type":"Feature","properties":{"territory_id":2604,"name":"внутригородская территория города федерального значения поселение Рязановское","region_name":"Москва","in_sample":true,"city":"moscow"},"geometry":{"type":"MultiPolygon","coordinates":[[[[37.43917,55.47948],[37.43901,55.48116],[37.44076,55.48372],[37.44143,55.48584],[37.44147,55.48749],[37.44365,55.48928],[37.44468,55.48889],[37.44467,55.49006],[37.4458,55.49092],[37.44881,55.48989],[37.45426,55.49393],[37.45463,55.49408],[37.45573,55.49367],[37.45676,55.49403],[37.45814,55.49681],[37.45948,55.4969],[37.46254,55.49928],[37.46532,55.50195],[37.46611,55.50446],[37.46873,55.50487],[37.46572,55.50654],[37.46884,55.50862],[37.47233,55.51065],[37.47808,55.51338],[37.4805,55.51463],[37.48294,55.51393],[37.48353,55.51316],[37.4907,55.51675],[37.49245,55.51804],[37.49273,55.5188],[37.49639,55.51975],[37.49903,55.52075],[37.50454,55.52245],[37.50559,55.52228],[37.50488,55.52115],[37.50848,55.52054],[37.51884,55.51823],[37.52886,55.50787],[37.52676,55.50717],[37.524,55.50598],[37.52589,55.50464],[37.5292,55.5036],[37.5269,55.50245],[37.53073,55.5005],[37.53164,55.50055],[37.53237,55.50209],[37.53551,55.50116],[37.53586,55.49997],[37.53472,55.49919],[37.53421,55.49785],[37.53482,55.49724],[37.53374,55.49584],[37.53318,55.49591],[37.53264,55.49488],[37.53312,55.49434],[37.53243,55.49376],[37.53283,55.49321],[37.53259,55.49197],[37.53537,55.49169],[37.53752,55.4895],[37.53842,55.4894],[37.54175,55.48648],[37.54129,55.48542],[37.54241,55.48462],[37.55479,55.48767],[37.55671,55.48776],[37.55811,55.48813],[37.56502,55.48729],[37.56548,55.48742],[37.56411,55.4825],[37.56346,55.4815],[37.56297,55.4793],[37.56239,55.47802],[37.56176,55.47479],[37.56081,55.47425],[37.56084,55.47339],[37.5554,55.47313],[37.55541,55.47299],[37.54475,55.47265],[37.5456,55.46485],[37.54709,55.46459],[37.54591,55.46157],[37.54734,55.46206],[37.54757,55.46165],[37.54592,55.45972],[37.54786,55.45985],[37.54801,55.4569],[37.54432,55.45786],[37.54255,55.45672],[37.54013,55.45579],[37.53682,55.45478],[37.53688,55.45346],[37.53443,55.45342],[37.53276,55.45368],[37.53161,55.45175],[37.53179,55.44962],[37.53152,55.44691],[37.5337,55.44579],[37.53477,55.44495],[37.53597,55.44225],[37.53584,55.44192],[37.53667,55.43992],[37.5357,55.43981],[37.53664,55.43922],[37.53839,55.43749],[37.53527,55.43628],[37.52939,55.43585],[37.52533,55.43584],[37.51849,55.43597],[37.51348,55.43592],[37.51006,55.43619],[37.50739,55.43669],[37.50457,55.43773],[37.50304,55.43789],[37.50116,55.43945],[37.50091,55.4402],[37.49949,55.44137],[37.49766,55.44199],[37.49165,55.44256],[37.48727,55.44505],[37.4864,55.44578],[37.48577,55.4469],[37.48642,55.44783],[37.49546,55.44907],[37.49816,55.44981],[37.49866,55.45065],[37.49617,55.45236],[37.49516,55.45346],[37.49233,55.45569],[37.49253,55.45659],[37.49625,55.4581],[37.49672,55.45914],[37.49535,55.45976],[37.49033,55.46086],[37.48952,55.46083],[37.48483,55.45827],[37.48421,55.4583],[37.47988,55.45985],[37.47921,55.46066],[37.47823,55.4606],[37.4783,55.46147],[37.47675,55.4617],[37.47541,55.46102],[37.4701,55.46227],[37.46458,55.46494],[37.45799,55.46544],[37.45799,55.46833],[37.46398,55.46868],[37.46451,55.47081],[37.45981,55.47039],[37.45685,55.47275],[37.45208,55.47218],[37.44724,55.47504],[37.44939,55.47996],[37.44771,55.48011],[37.44522,55.4819],[37.43917,55.47948]]]]}},
{"type":"Feature","properties":{"territory_id":2605,"name":"внутригородская территория города федерального значения поселение Сосенское","region_name":"Москва","in_sample":true,"city":"moscow"},"geometry":{"type":"MultiPolygon","coordinates":[[[[37.48784,55.60839],[37.48833,55.60827],[37.48879,55.60816],[37.4895,55.60925],[37.49095,55.61017],[37.49275,55.60877],[37.4941,55.60857],[37.50218,55.60161],[37.50655,55.59825],[37.51188,55.5956],[37.51809,55.59365],[37.52629,55.59162],[37.52747,55.59019],[37.52724,55.58966],[37.5288,55.58947],[37.53042,55.5907],[37.54727,55.58666],[37.54567,55.58558],[37.54546,55.5849],[37.54623,55.58413],[37.54871,55.58325],[37.54946,55.58251],[37.54963,55.58144],[37.55118,55.58032],[37.54793,55.579],[37.54574,55.57836],[37.54293,55.57844],[37.54091,55.57884],[37.54102,55.57923],[37.53865,55.57956],[37.53685,55.57729],[37.5393,55.57672],[37.53872,55.57592],[37.53995,55.57604],[37.5395,55.5744],[37.53954,55.57326],[37.53691,55.57315],[37.53724,55.57239],[37.5389,55.57221],[37.54032,55.57167],[37.54069,55.57113],[37.54368,55.57075],[37.54451,55.57022],[37.54612,55.56994],[37.54695,55.57045],[37.54888,55.56994],[37.54789,55.56892],[37.55349,55.56762],[37.55377,55.56604],[37.55316,55.56406],[37.55251,55.56365],[37.55059,55.5636],[37.55035,55.56293],[37.55201,55.56185],[37.5548,55.56148],[37.55446,55.56026],[37.55297,55.55623],[37.55215,55.55487],[37.54947,55.55413],[37.54882,55.55263],[37.54488,55.55202],[37.53651,55.55367],[37.52919,55.55525],[37.52858,55.55486],[37.51819,55.55032],[37.5145,55.5485],[37.51111,55.54499],[37.50777,55.54295],[37.50066,55.54131],[37.49468,55.54],[37.49345,55.53965],[37.48877,55.53963],[37.48747,55.53991],[37.48618,55.53979],[37.47552,55.5373],[37.47576,55.53478],[37.47516,55.53411],[37.47503,55.53291],[37.47593,55.53186],[37.47628,55.52656],[37.47415,55.52735],[37.47243,55.52873],[37.47098,55.52884],[37.4707,55.53184],[37.47019,55.53405],[37.46906,55.53379],[37.46493,55.53343],[37.46497,55.53449],[37.46579,55.53451],[37.46591,55.53611],[37.46205,55.53616],[37.46073,55.53655],[37.46046,55.53753],[37.45893,55.53746],[37.45306,55.53801],[37.44888,55.53852],[37.44548,55.53815],[37.44584,55.54183],[37.4429,55.54073],[37.44174,55.53997],[37.43852,55.54036],[37.43442,55.54156],[37.42967,55.54441],[37.42731,55.54315],[37.42506,55.54257],[37.42421,55.54196],[37.42464,55.54064],[37.42358,55.54009],[37.41957,55.53885],[37.41653,55.54126],[37.41168,55.54493],[37.40011,55.54028],[37.40218,55.54156],[37.40396,55.54409],[37.40605,55.54669],[37.40505,55.54905],[37.40396,55.54948],[37.40305,55.54885],[37.4003,55.54918],[37.39916,55.54991],[37.40075,55.55162],[37.39894,55.55207],[37.39923,55.55266],[37.39736,55.55332],[37.39647,55.55252],[37.39221,55.55364],[37.39275,55.55461],[37.39406,55.55566],[37.39087,55.55672],[37.38942,55.55684],[37.38904,55.55883],[37.38478,55.5601],[37.38441,55.56093],[37.37924,55.5622],[37.37885,55.56178],[37.37698,55.56192],[37.37868,55.56401],[37.37585,55.56457],[37.37668,55.56831],[37.37441,55.56904],[37.37084,55.56709],[37.36907,55.56649],[37.36827,55.56716],[37.37187,55.5693],[37.37262,55.57021],[37.37226,55.57057],[37.37333,55.57226],[37.37335,55.57364],[37.37466,55.57534],[37.37444,55.57592],[37.37667,55.57624],[37.37944,55.5769],[37.38195,55.57836],[37.3871,55.58013],[37.39068,55.58112],[37.39564,55.58502],[37.39996,55.58853],[37.40087,55.58952],[37.40077,55.59077],[37.40123,55.59777],[37.40154,55.59865],[37.40918,55.60279],[37.41232,55.60563],[37.40863,55.60605],[37.40758,55.60826],[37.40851,55.60975],[37.41874,55.60955],[37.43287,55.6092],[37.43505,55.61026],[37.43718,55.61157],[37.44034,55.61475],[37.44168,55.61538],[37.44149,55.61593],[37.44285,55.61687],[37.44402,55.61892],[37.44591,55.61939],[37.44599,55.62066],[37.44911,55.62097],[37.45073,55.62065],[37.46049,55.61741],[37.46152,55.61678],[37.45822,55.60964],[37.45825,55.60826],[37.45872,55.60707],[37.46049,55.60564],[37.46325,55.60409],[37.46766,55.60285],[37.47425,55.60135],[37.47904,55.60103],[37.48208,55.60022],[37.48669,55.60652],[37.48784,55.60839]]]]}},
{"type":"Feature","properties":{"territory_id":2606,"name":"внутригородская территория города федерального значения поселение Филимонковское","region_name":"Москва","in_sample":true,"city":"moscow"},"geometry":{"type":"MultiPolygon","coordinates":[[[[37.35181,55.54738],[37.34918,55.54707],[37.3475,55.54737],[37.34356,55.54704],[37.34235,55.54606],[37.34203,55.54487],[37.33984,55.54313],[37.33607,55.54064],[37.33331,55.53964],[37.33064,55.53938],[37.32874,55.53991],[37.32756,55.53849],[37.32369,55.5386],[37.32078,55.5383],[37.31892,55.53844],[37.31801,55.53943],[37.31366,55.53912],[37.31264,55.54157],[37.3118,55.54163],[37.31121,55.54265],[37.3113,55.54373],[37.30451,55.54245],[37.30293,55.54315],[37.29675,55.54439],[37.29323,55.54436],[37.2884,55.54409],[37.28637,55.54353],[37.2876,55.54181],[37.28955,55.53996],[37.28242,55.53865],[37.28041,55.54341],[37.27926,55.54335],[37.2751,55.54255],[37.27188,55.5416],[37.27071,55.54176],[37.26807,55.54378],[37.26884,55.54414],[37.26784,55.54462],[37.26846,55.54521],[37.2696,55.54508],[37.26921,55.54623],[37.26776,55.54617],[37.27081,55.5486],[37.27136,55.54997],[37.27363,55.5508],[37.27849,55.55205],[37.27921,55.55276],[37.28117,55.55393],[37.28834,55.55293],[37.28888,55.55181],[37.29324,55.55235],[37.29899,55.55253],[37.29808,55.55431],[37.2998,55.55575],[37.30337,55.55688],[37.30242,55.55752],[37.30304,55.55927],[37.30163,55.56056],[37.29998,55.56126],[37.29763,55.56166],[37.29504,55.55821],[37.29339,55.55777],[37.29244,55.55842],[37.29162,55.5581],[37.2903,55.55943],[37.29146,55.56048],[37.29042,55.56094],[37.28991,55.56059],[37.28743,55.56034],[37.28595,55.55993],[37.28261,55.56003],[37.28252,55.56053],[37.28354,55.56083],[37.28411,55.56231],[37.28632,55.56232],[37.28652,55.56145],[37.28879,55.56189],[37.28819,55.56285],[37.28679,55.56254],[37.28588,55.56304],[37.28407,55.56313],[37.28292,55.56285],[37.28295,55.56341],[37.28193,55.56298],[37.27954,55.56337],[37.27881,55.56304],[37.27468,55.56243],[37.27396,55.56203],[37.27386,55.55947],[37.2712,55.56004],[37.27074,55.55854],[37.26743,55.55888],[37.26686,55.55836],[37.26579,55.55606],[37.26406,55.55472],[37.26223,55.5558],[37.26077,55.55618],[37.25999,55.557],[37.25661,55.55755],[37.25637,55.55855],[37.25548,55.56001],[37.25455,55.5606],[37.25358,55.56263],[37.25512,55.56364],[37.25204,55.56437],[37.25012,55.56376],[37.24832,55.56558],[37.24756,55.56681],[37.24803,55.56778],[37.248,55.56902],[37.24743,55.57115],[37.25621,55.57327],[37.26276,55.57362],[37.26352,55.57393],[37.26182,55.57549],[37.26615,55.57599],[37.26691,55.57627],[37.26715,55.57738],[37.26658,55.57862],[37.2634,55.58106],[37.2679,55.5843],[37.26656,55.58587],[37.26566,55.58635],[37.27382,55.58844],[37.28087,55.59032],[37.29307,55.59338],[37.30678,55.59698],[37.31074,55.59793],[37.31465,55.59903],[37.31595,55.59856],[37.31871,55.59927],[37.31985,55.59744],[37.31939,55.5964],[37.31577,55.59545],[37.3133,55.59325],[37.30879,55.59146],[37.30916,55.5896],[37.31304,55.58832],[37.31413,55.58751],[37.31978,55.58756],[37.32325,55.58416],[37.32864,55.5848],[37.32927,55.58451],[37.33209,55.58474],[37.32907,55.5876],[37.33158,55.58952],[37.33179,55.58837],[37.33299,55.58838],[37.33281,55.58796],[37.33503,55.58686],[37.33635,55.58709],[37.33828,55.58644],[37.33938,55.58548],[37.3402,55.58381],[37.33975,55.58147],[37.33996,55.58122],[37.3428,55.58215],[37.34242,55.58273],[37.34383,55.58323],[37.34272,55.58531],[37.34577,55.58615],[37.34653,55.58488],[37.34829,55.58387],[37.35,55.58464],[37.35051,55.58405],[37.35223,55.58314],[37.35343,55.58217],[37.35572,55.58313],[37.35682,55.58461],[37.3581,55.58332],[37.36024,55.58211],[37.36596,55.58036],[37.37152,55.57796],[37.37407,55.57733],[37.37667,55.57624],[37.37444,55.57592],[37.37466,55.57534],[37.37335,55.57364],[37.37333,55.57226],[37.37226,55.57057],[37.37262,55.57021],[37.37187,55.5693],[37.36827,55.56716],[37.36907,55.56649],[37.37084,55.56709],[37.37441,55.56904],[37.37668,55.56831],[37.37585,55.56457],[37.37868,55.56401],[37.37698,55.56192],[37.37885,55.56178],[37.37924,55.5622],[37.38441,55.56093],[37.38478,55.5601],[37.38904,55.55883],[37.38942,55.55684],[37.39087,55.55672],[37.39406,55.55566],[37.39275,55.55461],[37.39221,55.55364],[37.39647,55.55252],[37.39736,55.55332],[37.39923,55.55266],[37.39894,55.55207],[37.40075,55.55162],[37.39916,55.54991],[37.4003,55.54918],[37.40305,55.54885],[37.40396,55.54948],[37.40505,55.54905],[37.40605,55.54669],[37.40396,55.54409],[37.40218,55.54156],[37.40011,55.54028],[37.39736,55.542],[37.39747,55.54414],[37.39511,55.54463],[37.39169,55.54411],[37.38984,55.54447],[37.3897,55.54523],[37.38844,55.5459],[37.38725,55.54605],[37.38685,55.54561],[37.38529,55.54586],[37.3847,55.54527],[37.38302,55.54531],[37.38162,55.54573],[37.37675,55.54678],[37.37495,55.54648],[37.36956,55.54801],[37.36573,55.5485],[37.36487,55.54763],[37.35786,55.54948],[37.35672,55.54875],[37.35362,55.55048],[37.35239,55.54907],[37.35181,55.54738]]]]}},
{"type":"Feature","properties":{"territory_id":2607,"name":"внутригородская территория города федерального значения поселение Щаповское","region_name":"Москва","in_sample":true,"city":"moscow"},"geometry":{"type":"MultiPolygon","coordinates":[[[[37.38658,55.45232],[37.38447,55.4513],[37.38027,55.45201],[37.37867,55.45211],[37.37828,55.45168],[37.37703,55.45185],[37.37679,55.45133],[37.37577,55.45133],[37.37454,55.44985],[37.37272,55.44992],[37.37138,55.44786],[37.3736,55.4454],[37.37668,55.44544],[37.37689,55.44594],[37.37861,55.44634],[37.38771,55.44637],[37.39016,55.44431],[37.38939,55.44214],[37.39077,55.44194],[37.39482,55.44244],[37.39581,55.44318],[37.39663,55.4432],[37.39777,55.44479],[37.39885,55.44545],[37.40003,55.44444],[37.39553,55.44037],[37.39148,55.43775],[37.38967,55.43783],[37.38786,55.43865],[37.38652,55.43844],[37.38635,55.43752],[37.38668,55.43443],[37.42652,55.43239],[37.42576,55.42736],[37.42533,55.42655],[37.43029,55.42901],[37.43354,55.42679],[37.43223,55.42636],[37.43095,55.42673],[37.42892,55.42639],[37.42698,55.42536],[37.42859,55.42406],[37.43246,55.42329],[37.43357,55.42179],[37.43324,55.41917],[37.4349,55.41911],[37.4354,55.42076],[37.43884,55.4203],[37.43928,55.41859],[37.43794,55.41761],[37.43742,55.41652],[37.4361,55.41526],[37.43602,55.41459],[37.43775,55.41375],[37.44006,55.41421],[37.44122,55.41367],[37.44256,55.41413],[37.44354,55.41318],[37.44805,55.41444],[37.44806,55.41509],[37.45032,55.41566],[37.45049,55.4148],[37.45238,55.41331],[37.45336,55.4129],[37.45613,55.41229],[37.45827,55.41241],[37.45998,55.41331],[37.46581,55.41298],[37.46729,55.41257],[37.46769,55.41204],[37.46726,55.41094],[37.46559,55.40902],[37.46601,55.40837],[37.46896,55.40678],[37.46206,55.40487],[37.46338,55.40265],[37.46095,55.40157],[37.46131,55.39941],[37.46752,55.3997],[37.46852,55.39904],[37.4639,55.39865],[37.46445,55.39719],[37.46805,55.3924],[37.47054,55.39003],[37.46393,55.38823],[37.46705,55.38469],[37.46927,55.37982],[37.46449,55.37664],[37.4675,55.37129],[37.46547,55.36919],[37.46218,55.36768],[37.46096,55.36973],[37.46003,55.37024],[37.45681,55.37398],[37.45712,55.37462],[37.45599,55.3753],[37.45594,55.37727],[37.45563,55.37724],[37.4537,55.38033],[37.45257,55.38017],[37.449,55.3816],[37.44711,55.38117],[37.44549,55.3774],[37.44552,55.37597],[37.44513,55.37505],[37.44088,55.37407],[37.43823,55.37455],[37.4353,55.37279],[37.43512,55.37179],[37.4342,55.37003],[37.43307,55.36944],[37.42933,55.3688],[37.43125,55.36764],[37.43141,55.36715],[37.42995,55.3651],[37.4301,55.3647],[37.42757,55.36465],[37.44309,55.35292],[37.44031,55.35269],[37.44103,55.35195],[37.41993,55.35132],[37.41966,55.35062],[37.42092,55.34946],[37.42232,55.34637],[37.42286,55.34321],[37.42158,55.34255],[37.41958,55.34204],[37.41729,55.34189],[37.41485,55.34101],[37.41425,55.34129],[37.41379,55.34037],[37.41271,55.3401],[37.41021,55.33887],[37.40584,55.33646],[37.40511,55.33653],[37.40585,55.33501],[37.40791,55.33382],[37.41073,55.33257],[37.41429,55.33184],[37.41533,55.33059],[37.42084,55.32892],[37.42291,55.32393],[37.42475,55.32249],[37.4241,55.32153],[37.42469,55.32063],[37.42491,55.31722],[37.42782,55.31473],[37.42389,55.31639],[37.41804,55.31708],[37.4142,55.31945],[37.40963,55.3204],[37.41118,55.32205],[37.41017,55.32289],[37.40089,55.32599],[37.39269,55.32783],[37.3896,55.32695],[37.38839,55.32767],[37.39054,55.32928],[37.38879,55.33176],[37.38899,55.33284],[37.39128,55.33352],[37.39518,55.3318],[37.39672,55.3318],[37.39793,55.33284],[37.39787,55.33544],[37.39585,55.33639],[37.39471,55.33922],[37.3978,55.34102],[37.39773,55.34274],[37.39699,55.34327],[37.3943,55.34308],[37.39289,55.34362],[37.39134,55.34538],[37.38724,55.34599],[37.38563,55.3466],[37.38576,55.34824],[37.38886,55.35063],[37.3867,55.35146],[37.38496,55.3513],[37.38375,55.35195],[37.38099,55.35172],[37.37796,55.35073],[37.37494,55.35149],[37.37433,55.35245],[37.37164,55.3523],[37.37077,55.35283],[37.37258,55.35551],[37.37292,55.35841],[37.3707,55.35837],[37.37084,55.35944],[37.37285,55.36074],[37.37003,55.3622],[37.37373,55.3643],[37.37655,55.3643],[37.37897,55.36586],[37.37749,55.36644],[37.3508,55.35604],[37.3467,55.35753],[37.34542,55.35707],[37.34542,55.35646],[37.34367,55.35581],[37.3426,55.35654],[37.34253,55.35738],[37.34119,55.35811],[37.33998,55.35799],[37.34011,55.35646],[37.33776,55.35555],[37.33769,55.35409],[37.33534,55.35314],[37.33419,55.35153],[37.33063,55.35276],[37.32834,55.35222],[37.32747,55.35149],[37.32512,55.35153],[37.32532,55.35321],[37.32424,55.35386],[37.31564,55.35448],[37.31375,55.35505],[37.31745,55.35834],[37.31362,55.35941],[37.31409,55.35792],[37.3108,55.35769],[37.31039,55.3583],[37.30811,55.35665],[37.30414,55.357],[37.30266,55.35658],[37.29856,55.35677],[37.29822,55.35478],[37.29661,55.35505],[37.29627,55.35409],[37.29332,55.35104],[37.29163,55.35176],[37.29076,55.35088],[37.28928,55.35142],[37.29137,55.35291],[37.28747,55.35451],[37.28578,55.3547],[37.28592,55.35547],[37.28713,55.35555],[37.28619,55.35704],[37.28747,55.35761],[37.28726,55.35853],[37.28505,55.35929],[37.28673,55.36166],[37.28639,55.36288],[37.28518,55.36323],[37.28572,55.36369],[37.2837,55.36449],[37.28565,55.3667],[37.28643,55.36894],[37.29076,55.3714],[37.29177,55.37102],[37.29379,55.37278],[37.29486,55.37247],[37.29661,55.37347],[37.29728,55.37316],[37.29984,55.37347],[37.2999,55.37213],[37.29849,55.37129],[37.30058,55.36991],[37.30293,55.36995],[37.30864,55.37328],[37.30992,55.37316],[37.31268,55.37461],[37.30999,55.37809],[37.3077,55.37889],[37.3077,55.37966],[37.30548,55.37813],[37.2999,55.3787],[37.30024,55.38023],[37.30293,55.38248],[37.30562,55.38336],[37.30353,55.38447],[37.30199,55.38626],[37.30421,55.40119],[37.31678,55.40055],[37.3186,55.40097],[37.31752,55.4036],[37.32128,55.40444],[37.32424,55.41879],[37.32545,55.41902],[37.32572,55.42032],[37.33023,55.42257],[37.33298,55.42326],[37.33688,55.4257],[37.34172,55.42768],[37.34172,55.42947],[37.34293,55.43096],[37.3426,55.43245],[37.34361,55.43325],[37.34334,55.43523],[37.34408,55.43527],[37.34488,55.4342],[37.34623,55.43424],[37.34704,55.43287],[37.34885,55.43287],[37.34932,55.43207],[37.3551,55.43474],[37.35941,55.43474],[37.3621,55.43569],[37.36223,55.43615],[37.35658,55.43821],[37.35712,55.43981],[37.35618,55.43996],[37.35537,55.44179],[37.35688,55.44188],[37.35655,55.44328],[37.35851,55.44436],[37.36093,55.44438],[37.36254,55.45441],[37.36384,55.45345],[37.36476,55.45362],[37.3659,55.45285],[37.36967,55.45418],[37.37136,55.45277],[37.37668,55.45295],[37.37859,55.45313],[37.38234,55.45284],[37.38448,55.45291],[37.38658,55.45232]]]]}}
]}
